"variant","step_from","column","value_from","value","step_direction","obs_stage","watershed_group_code","species_code","direction","flag","stage","band_km","n_band","core_km","n_core","density_band","density_core","density_ratio","n_absence_band","role"
"bt_rear_mad_p10","default","rear_mad_min",,0.078,"added","any","ELKR","BT","added","rearing","any",30.8427558965283,0,1724.61720769864,550,0,0.318911348874879,0,,"held_out"
"bt_rear_mad_p10","default","rear_mad_min",,0.078,"added","any","ELKR","BT","removed","rearing","any",428.934207518329,13,1724.61720769864,550,0.0303076783621751,0.318911348874879,0.0950348065978233,,"held_out"
"bt_rear_mad_p10","default","rear_mad_min",,0.078,"added","any","KOTL","BT","added","rearing","any",59.1317309819686,5,1394.69156709681,164,0.0845569699545018,0.117588722746336,0.719090810578063,,"in_sample"
"bt_rear_mad_p10","default","rear_mad_min",,0.078,"added","any","KOTL","BT","removed","rearing","any",263.268586455129,5,1394.69156709681,164,0.0189920114181651,0.117588722746336,0.161512183945862,,"in_sample"
"bt_rear_mad_p10","default","rear_mad_min",,0.078,"added","any","KOTR","BT","added","rearing","any",14.8817352403816,0,1125.60310854536,157,0,0.139480780399491,0,,"held_out"
"bt_rear_mad_p10","default","rear_mad_min",,0.078,"added","any","KOTR","BT","removed","rearing","any",199.056926785232,6,1125.60310854536,157,0.0301421311827724,0.139480780399491,0.216102398455482,,"held_out"
"bt_rear_mad_p10","default","rear_mad_min",,0.078,"added","any","LHAF","BT","added","rearing","any",17.578960548376,0,1429.54630823311,41,0,0.0286804280238219,0,,"held_out"
"bt_rear_mad_p10","default","rear_mad_min",,0.078,"added","any","LHAF","BT","removed","rearing","any",1315.67077275162,75,1429.54630823311,41,0.0570051425883267,0.0286804280238219,1.98759734481572,,"held_out"
"bt_rear_mad_p10","default","rear_mad_min",,0.078,"added","any","MURR","BT","added","rearing","any",21.8678082152906,0,1588.48863558425,243,0,0.152975598664339,0,,"held_out"
"bt_rear_mad_p10","default","rear_mad_min",,0.078,"added","any","MURR","BT","removed","rearing","any",855.234109885999,10,1588.48863558425,243,0.0116927048212951,0.152975598664339,0.0764350976455488,,"held_out"
"bt_rear_mad_p10","default","rear_mad_min",,0.078,"added","any","PARS","BT","added","rearing","any",46.814593117266,0,2238.87945923662,249,0,0.111216349309355,0,,"in_sample"
"bt_rear_mad_p10","default","rear_mad_min",,0.078,"added","any","PARS","BT","removed","rearing","any",442.391028356046,10,2238.87945923662,249,0.0226044367065052,0.111216349309355,0.203247425822525,,"in_sample"
"bt_rear_mad_p10","default","rear_mad_min",,0.078,"added","any","REVL","BT","added","rearing","any",27.5284844912505,1,565.703204695949,121,0.0363260098941456,0.213893078553505,0.169832563726735,,"held_out"
"bt_rear_mad_p10","default","rear_mad_min",,0.078,"added","any","REVL","BT","removed","rearing","any",22.8396382061682,120,565.703204695949,121,5.25402368097022,0.213893078553505,24.5637854039112,,"held_out"
"bt_rear_mad_p10","default","rear_mad_min",,0.078,"added","any","UARL","BT","added","rearing","any",74.907068149513,6,809.30732388724,153,0.0800992502873576,0.18905055654892,0.423692221538795,,"held_out"
"bt_rear_mad_p10","default","rear_mad_min",,0.078,"added","any","UARL","BT","removed","rearing","any",42.3110758700495,16,809.30732388724,153,0.378151575467875,0.18905055654892,2.00026692526568,,"held_out"
"bt_rear_mad_p10","default","rear_mad_min",,0.078,"added","any","UBTN","BT","added","rearing","any",5.1381101704656,0,1431.25837821319,1,0,0.000698685866383132,0,,"held_out"
"bt_rear_mad_p10","default","rear_mad_min",,0.078,"added","any","UBTN","BT","removed","rearing","any",1641.33236944609,0,1431.25837821319,1,0,0.000698685866383132,0,,"held_out"
"bt_rear_mad_p10","default","rear_mad_min",,0.078,"added","any","ELKR","BT","added","rearing","spawn",30.8427558965283,0,1724.61720769864,0,0,0,,,"held_out"
"bt_rear_mad_p10","default","rear_mad_min",,0.078,"added","any","ELKR","BT","removed","rearing","spawn",428.934207518329,0,1724.61720769864,0,0,0,,,"held_out"
"bt_rear_mad_p10","default","rear_mad_min",,0.078,"added","any","KOTL","BT","added","rearing","spawn",59.1317309819686,0,1394.69156709681,0,0,0,,,"in_sample"
"bt_rear_mad_p10","default","rear_mad_min",,0.078,"added","any","KOTL","BT","removed","rearing","spawn",263.268586455129,0,1394.69156709681,0,0,0,,,"in_sample"
"bt_rear_mad_p10","default","rear_mad_min",,0.078,"added","any","KOTR","BT","added","rearing","spawn",14.8817352403816,0,1125.60310854536,0,0,0,,,"held_out"
"bt_rear_mad_p10","default","rear_mad_min",,0.078,"added","any","KOTR","BT","removed","rearing","spawn",199.056926785232,0,1125.60310854536,0,0,0,,,"held_out"
"bt_rear_mad_p10","default","rear_mad_min",,0.078,"added","any","LHAF","BT","added","rearing","spawn",17.578960548376,0,1429.54630823311,0,0,0,,,"held_out"
"bt_rear_mad_p10","default","rear_mad_min",,0.078,"added","any","LHAF","BT","removed","rearing","spawn",1315.67077275162,0,1429.54630823311,0,0,0,,,"held_out"
"bt_rear_mad_p10","default","rear_mad_min",,0.078,"added","any","MURR","BT","added","rearing","spawn",21.8678082152906,0,1588.48863558425,3,0,0.00188858763783135,0,,"held_out"
"bt_rear_mad_p10","default","rear_mad_min",,0.078,"added","any","MURR","BT","removed","rearing","spawn",855.234109885999,0,1588.48863558425,3,0,0.00188858763783135,0,,"held_out"
"bt_rear_mad_p10","default","rear_mad_min",,0.078,"added","any","PARS","BT","added","rearing","spawn",46.814593117266,0,2238.87945923662,0,0,0,,,"in_sample"
"bt_rear_mad_p10","default","rear_mad_min",,0.078,"added","any","PARS","BT","removed","rearing","spawn",442.391028356046,0,2238.87945923662,0,0,0,,,"in_sample"
"bt_rear_mad_p10","default","rear_mad_min",,0.078,"added","any","REVL","BT","added","rearing","spawn",27.5284844912505,0,565.703204695949,0,0,0,,,"held_out"
"bt_rear_mad_p10","default","rear_mad_min",,0.078,"added","any","REVL","BT","removed","rearing","spawn",22.8396382061682,0,565.703204695949,0,0,0,,,"held_out"
"bt_rear_mad_p10","default","rear_mad_min",,0.078,"added","any","UARL","BT","added","rearing","spawn",74.907068149513,0,809.30732388724,0,0,0,,,"held_out"
"bt_rear_mad_p10","default","rear_mad_min",,0.078,"added","any","UARL","BT","removed","rearing","spawn",42.3110758700495,0,809.30732388724,0,0,0,,,"held_out"
"bt_rear_mad_p10","default","rear_mad_min",,0.078,"added","any","UBTN","BT","added","rearing","spawn",5.1381101704656,0,1431.25837821319,0,0,0,,,"held_out"
"bt_rear_mad_p10","default","rear_mad_min",,0.078,"added","any","UBTN","BT","removed","rearing","spawn",1641.33236944609,0,1431.25837821319,0,0,0,,,"held_out"
"bt_rear_mad_p10","default","rear_mad_min",,0.078,"added","any","ELKR","BT","added","rearing","rear",30.8427558965283,0,1724.61720769864,0,0,0,,,"held_out"
"bt_rear_mad_p10","default","rear_mad_min",,0.078,"added","any","ELKR","BT","removed","rearing","rear",428.934207518329,0,1724.61720769864,0,0,0,,,"held_out"
"bt_rear_mad_p10","default","rear_mad_min",,0.078,"added","any","KOTL","BT","added","rearing","rear",59.1317309819686,0,1394.69156709681,0,0,0,,,"in_sample"
"bt_rear_mad_p10","default","rear_mad_min",,0.078,"added","any","KOTL","BT","removed","rearing","rear",263.268586455129,0,1394.69156709681,0,0,0,,,"in_sample"
"bt_rear_mad_p10","default","rear_mad_min",,0.078,"added","any","KOTR","BT","added","rearing","rear",14.8817352403816,0,1125.60310854536,0,0,0,,,"held_out"
"bt_rear_mad_p10","default","rear_mad_min",,0.078,"added","any","KOTR","BT","removed","rearing","rear",199.056926785232,0,1125.60310854536,0,0,0,,,"held_out"
"bt_rear_mad_p10","default","rear_mad_min",,0.078,"added","any","LHAF","BT","added","rearing","rear",17.578960548376,0,1429.54630823311,0,0,0,,,"held_out"
"bt_rear_mad_p10","default","rear_mad_min",,0.078,"added","any","LHAF","BT","removed","rearing","rear",1315.67077275162,0,1429.54630823311,0,0,0,,,"held_out"
"bt_rear_mad_p10","default","rear_mad_min",,0.078,"added","any","MURR","BT","added","rearing","rear",21.8678082152906,0,1588.48863558425,1,0,0.00062952921261045,0,,"held_out"
"bt_rear_mad_p10","default","rear_mad_min",,0.078,"added","any","MURR","BT","removed","rearing","rear",855.234109885999,0,1588.48863558425,1,0,0.00062952921261045,0,,"held_out"
"bt_rear_mad_p10","default","rear_mad_min",,0.078,"added","any","PARS","BT","added","rearing","rear",46.814593117266,0,2238.87945923662,0,0,0,,,"in_sample"
"bt_rear_mad_p10","default","rear_mad_min",,0.078,"added","any","PARS","BT","removed","rearing","rear",442.391028356046,0,2238.87945923662,0,0,0,,,"in_sample"
"bt_rear_mad_p10","default","rear_mad_min",,0.078,"added","any","REVL","BT","added","rearing","rear",27.5284844912505,0,565.703204695949,0,0,0,,,"held_out"
"bt_rear_mad_p10","default","rear_mad_min",,0.078,"added","any","REVL","BT","removed","rearing","rear",22.8396382061682,0,565.703204695949,0,0,0,,,"held_out"
"bt_rear_mad_p10","default","rear_mad_min",,0.078,"added","any","UARL","BT","added","rearing","rear",74.907068149513,0,809.30732388724,0,0,0,,,"held_out"
"bt_rear_mad_p10","default","rear_mad_min",,0.078,"added","any","UARL","BT","removed","rearing","rear",42.3110758700495,0,809.30732388724,0,0,0,,,"held_out"
"bt_rear_mad_p10","default","rear_mad_min",,0.078,"added","any","UBTN","BT","added","rearing","rear",5.1381101704656,0,1431.25837821319,0,0,0,,,"held_out"
"bt_rear_mad_p10","default","rear_mad_min",,0.078,"added","any","UBTN","BT","removed","rearing","rear",1641.33236944609,0,1431.25837821319,0,0,0,,,"held_out"
"bt_rear_mad_p05","bt_rear_mad_p10","rear_mad_min",0.078,0.027,"added","any","ELKR","BT","added","rearing","any",343.480542264571,11,1724.61720769864,550,0.0320251037438012,0.318911348874879,0.100420081808898,,"held_out"
"bt_rear_mad_p05","bt_rear_mad_p10","rear_mad_min",0.078,0.027,"added","any","ELKR","BT","removed","rearing","any",0,0,1724.61720769864,550,,0.318911348874879,,,"held_out"
"bt_rear_mad_p05","bt_rear_mad_p10","rear_mad_min",0.078,0.027,"added","any","KOTL","BT","added","rearing","any",183.561293175686,0,1394.69156709682,164,0,0.117588722746336,0,,"in_sample"
"bt_rear_mad_p05","bt_rear_mad_p10","rear_mad_min",0.078,0.027,"added","any","KOTL","BT","removed","rearing","any",0.232999203225583,0,1394.69156709682,164,0,0.117588722746336,0,,"in_sample"
"bt_rear_mad_p05","bt_rear_mad_p10","rear_mad_min",0.078,0.027,"added","any","KOTR","BT","added","rearing","any",175.469223053083,9,1125.60310854536,157,0.0512910460501516,0.139480780399491,0.367728413213973,,"held_out"
"bt_rear_mad_p05","bt_rear_mad_p10","rear_mad_min",0.078,0.027,"added","any","KOTR","BT","removed","rearing","any",0.213182798832516,0,1125.60310854536,157,0,0.139480780399491,0,,"held_out"
"bt_rear_mad_p05","bt_rear_mad_p10","rear_mad_min",0.078,0.027,"added","any","LHAF","BT","added","rearing","any",426.28912302232,1,1429.54630823311,41,0.00234582574594014,0.0286804280238219,0.0817918667040708,,"held_out"
"bt_rear_mad_p05","bt_rear_mad_p10","rear_mad_min",0.078,0.027,"added","any","LHAF","BT","removed","rearing","any",2.12951716055875,0,1429.54630823311,41,0,0.0286804280238219,0,,"held_out"
"bt_rear_mad_p05","bt_rear_mad_p10","rear_mad_min",0.078,0.027,"added","any","MURR","BT","added","rearing","any",467.65619922304,9,1588.48863558425,243,0.0192449068673794,0.152975598664339,0.125803768937076,,"held_out"
"bt_rear_mad_p05","bt_rear_mad_p10","rear_mad_min",0.078,0.027,"added","any","MURR","BT","removed","rearing","any",0.322948743797623,0,1588.48863558425,243,0,0.152975598664339,0,,"held_out"
"bt_rear_mad_p05","bt_rear_mad_p10","rear_mad_min",0.078,0.027,"added","any","PARS","BT","added","rearing","any",589.219840996548,9,2238.87945923662,249,0.0152744347250396,0.111216349309355,0.137339831957196,,"in_sample"
"bt_rear_mad_p05","bt_rear_mad_p10","rear_mad_min",0.078,0.027,"added","any","PARS","BT","removed","rearing","any",0,0,2238.87945923662,249,,0.111216349309355,,,"in_sample"
"bt_rear_mad_p05","bt_rear_mad_p10","rear_mad_min",0.078,0.027,"added","any","REVL","BT","added","rearing","any",41.0750273010683,12,565.703204695949,121,0.292148314644891,0.213893078553505,1.36586146976145,,"held_out"
"bt_rear_mad_p05","bt_rear_mad_p10","rear_mad_min",0.078,0.027,"added","any","REVL","BT","removed","rearing","any",0,0,565.703204695949,121,,0.213893078553505,,,"held_out"
"bt_rear_mad_p05","bt_rear_mad_p10","rear_mad_min",0.078,0.027,"added","any","UARL","BT","added","rearing","any",72.2660752856485,3,809.307323887241,153,0.0415132548452618,0.18905055654892,0.21958811231809,,"held_out"
"bt_rear_mad_p05","bt_rear_mad_p10","rear_mad_min",0.078,0.027,"added","any","UARL","BT","removed","rearing","any",0,0,809.307323887241,153,,0.18905055654892,,,"held_out"
"bt_rear_mad_p05","bt_rear_mad_p10","rear_mad_min",0.078,0.027,"added","any","UBTN","BT","added","rearing","any",510.765184852786,0,1431.25837821319,1,0,0.000698685866383132,0,,"held_out"
"bt_rear_mad_p05","bt_rear_mad_p10","rear_mad_min",0.078,0.027,"added","any","UBTN","BT","removed","rearing","any",0.556138668253268,0,1431.25837821319,1,0,0.000698685866383132,0,,"held_out"
"bt_rear_mad_p05","bt_rear_mad_p10","rear_mad_min",0.078,0.027,"added","any","ELKR","BT","added","rearing","spawn",343.480542264571,0,1724.61720769864,0,0,0,,,"held_out"
"bt_rear_mad_p05","bt_rear_mad_p10","rear_mad_min",0.078,0.027,"added","any","ELKR","BT","removed","rearing","spawn",0,0,1724.61720769864,0,,0,,,"held_out"
"bt_rear_mad_p05","bt_rear_mad_p10","rear_mad_min",0.078,0.027,"added","any","KOTL","BT","added","rearing","spawn",183.561293175686,0,1394.69156709682,0,0,0,,,"in_sample"
"bt_rear_mad_p05","bt_rear_mad_p10","rear_mad_min",0.078,0.027,"added","any","KOTL","BT","removed","rearing","spawn",0.232999203225583,0,1394.69156709682,0,0,0,,,"in_sample"
"bt_rear_mad_p05","bt_rear_mad_p10","rear_mad_min",0.078,0.027,"added","any","KOTR","BT","added","rearing","spawn",175.469223053083,0,1125.60310854536,0,0,0,,,"held_out"
"bt_rear_mad_p05","bt_rear_mad_p10","rear_mad_min",0.078,0.027,"added","any","KOTR","BT","removed","rearing","spawn",0.213182798832516,0,1125.60310854536,0,0,0,,,"held_out"
"bt_rear_mad_p05","bt_rear_mad_p10","rear_mad_min",0.078,0.027,"added","any","LHAF","BT","added","rearing","spawn",426.28912302232,0,1429.54630823311,0,0,0,,,"held_out"
"bt_rear_mad_p05","bt_rear_mad_p10","rear_mad_min",0.078,0.027,"added","any","LHAF","BT","removed","rearing","spawn",2.12951716055875,0,1429.54630823311,0,0,0,,,"held_out"
"bt_rear_mad_p05","bt_rear_mad_p10","rear_mad_min",0.078,0.027,"added","any","MURR","BT","added","rearing","spawn",467.65619922304,0,1588.48863558425,3,0,0.00188858763783135,0,,"held_out"
"bt_rear_mad_p05","bt_rear_mad_p10","rear_mad_min",0.078,0.027,"added","any","MURR","BT","removed","rearing","spawn",0.322948743797623,0,1588.48863558425,3,0,0.00188858763783135,0,,"held_out"
"bt_rear_mad_p05","bt_rear_mad_p10","rear_mad_min",0.078,0.027,"added","any","PARS","BT","added","rearing","spawn",589.219840996548,0,2238.87945923662,0,0,0,,,"in_sample"
"bt_rear_mad_p05","bt_rear_mad_p10","rear_mad_min",0.078,0.027,"added","any","PARS","BT","removed","rearing","spawn",0,0,2238.87945923662,0,,0,,,"in_sample"
"bt_rear_mad_p05","bt_rear_mad_p10","rear_mad_min",0.078,0.027,"added","any","REVL","BT","added","rearing","spawn",41.0750273010683,0,565.703204695949,0,0,0,,,"held_out"
"bt_rear_mad_p05","bt_rear_mad_p10","rear_mad_min",0.078,0.027,"added","any","REVL","BT","removed","rearing","spawn",0,0,565.703204695949,0,,0,,,"held_out"
"bt_rear_mad_p05","bt_rear_mad_p10","rear_mad_min",0.078,0.027,"added","any","UARL","BT","added","rearing","spawn",72.2660752856485,0,809.307323887241,0,0,0,,,"held_out"
"bt_rear_mad_p05","bt_rear_mad_p10","rear_mad_min",0.078,0.027,"added","any","UARL","BT","removed","rearing","spawn",0,0,809.307323887241,0,,0,,,"held_out"
"bt_rear_mad_p05","bt_rear_mad_p10","rear_mad_min",0.078,0.027,"added","any","UBTN","BT","added","rearing","spawn",510.765184852786,0,1431.25837821319,0,0,0,,,"held_out"
"bt_rear_mad_p05","bt_rear_mad_p10","rear_mad_min",0.078,0.027,"added","any","UBTN","BT","removed","rearing","spawn",0.556138668253268,0,1431.25837821319,0,0,0,,,"held_out"
"bt_rear_mad_p05","bt_rear_mad_p10","rear_mad_min",0.078,0.027,"added","any","ELKR","BT","added","rearing","rear",343.480542264571,0,1724.61720769864,0,0,0,,,"held_out"
"bt_rear_mad_p05","bt_rear_mad_p10","rear_mad_min",0.078,0.027,"added","any","ELKR","BT","removed","rearing","rear",0,0,1724.61720769864,0,,0,,,"held_out"
"bt_rear_mad_p05","bt_rear_mad_p10","rear_mad_min",0.078,0.027,"added","any","KOTL","BT","added","rearing","rear",183.561293175686,0,1394.69156709682,0,0,0,,,"in_sample"
"bt_rear_mad_p05","bt_rear_mad_p10","rear_mad_min",0.078,0.027,"added","any","KOTL","BT","removed","rearing","rear",0.232999203225583,0,1394.69156709682,0,0,0,,,"in_sample"
"bt_rear_mad_p05","bt_rear_mad_p10","rear_mad_min",0.078,0.027,"added","any","KOTR","BT","added","rearing","rear",175.469223053083,0,1125.60310854536,0,0,0,,,"held_out"
"bt_rear_mad_p05","bt_rear_mad_p10","rear_mad_min",0.078,0.027,"added","any","KOTR","BT","removed","rearing","rear",0.213182798832516,0,1125.60310854536,0,0,0,,,"held_out"
"bt_rear_mad_p05","bt_rear_mad_p10","rear_mad_min",0.078,0.027,"added","any","LHAF","BT","added","rearing","rear",426.28912302232,0,1429.54630823311,0,0,0,,,"held_out"
"bt_rear_mad_p05","bt_rear_mad_p10","rear_mad_min",0.078,0.027,"added","any","LHAF","BT","removed","rearing","rear",2.12951716055875,0,1429.54630823311,0,0,0,,,"held_out"
"bt_rear_mad_p05","bt_rear_mad_p10","rear_mad_min",0.078,0.027,"added","any","MURR","BT","added","rearing","rear",467.65619922304,0,1588.48863558425,1,0,0.00062952921261045,0,,"held_out"
"bt_rear_mad_p05","bt_rear_mad_p10","rear_mad_min",0.078,0.027,"added","any","MURR","BT","removed","rearing","rear",0.322948743797623,0,1588.48863558425,1,0,0.00062952921261045,0,,"held_out"
"bt_rear_mad_p05","bt_rear_mad_p10","rear_mad_min",0.078,0.027,"added","any","PARS","BT","added","rearing","rear",589.219840996548,0,2238.87945923662,0,0,0,,,"in_sample"
"bt_rear_mad_p05","bt_rear_mad_p10","rear_mad_min",0.078,0.027,"added","any","PARS","BT","removed","rearing","rear",0,0,2238.87945923662,0,,0,,,"in_sample"
"bt_rear_mad_p05","bt_rear_mad_p10","rear_mad_min",0.078,0.027,"added","any","REVL","BT","added","rearing","rear",41.0750273010683,0,565.703204695949,0,0,0,,,"held_out"
"bt_rear_mad_p05","bt_rear_mad_p10","rear_mad_min",0.078,0.027,"added","any","REVL","BT","removed","rearing","rear",0,0,565.703204695949,0,,0,,,"held_out"
"bt_rear_mad_p05","bt_rear_mad_p10","rear_mad_min",0.078,0.027,"added","any","UARL","BT","added","rearing","rear",72.2660752856485,0,809.307323887241,0,0,0,,,"held_out"
"bt_rear_mad_p05","bt_rear_mad_p10","rear_mad_min",0.078,0.027,"added","any","UARL","BT","removed","rearing","rear",0,0,809.307323887241,0,,0,,,"held_out"
"bt_rear_mad_p05","bt_rear_mad_p10","rear_mad_min",0.078,0.027,"added","any","UBTN","BT","added","rearing","rear",510.765184852786,0,1431.25837821319,0,0,0,,,"held_out"
"bt_rear_mad_p05","bt_rear_mad_p10","rear_mad_min",0.078,0.027,"added","any","UBTN","BT","removed","rearing","rear",0.556138668253268,0,1431.25837821319,0,0,0,,,"held_out"
"bt_rear_mad_p02","bt_rear_mad_p05","rear_mad_min",0.027,0.0085,"added","any","ELKR","BT","added","rearing","any",319.171749983676,2,1724.61720769864,550,0.00626621873678447,0.318911348874879,0.019648779383022,,"held_out"
"bt_rear_mad_p02","bt_rear_mad_p05","rear_mad_min",0.027,0.0085,"added","any","ELKR","BT","removed","rearing","any",0,0,1724.61720769864,550,,0.318911348874879,,,"held_out"
"bt_rear_mad_p02","bt_rear_mad_p05","rear_mad_min",0.027,0.0085,"added","any","KOTL","BT","added","rearing","any",151.867070956617,0,1394.69156709682,164,0,0.117588722746336,0,,"in_sample"
"bt_rear_mad_p02","bt_rear_mad_p05","rear_mad_min",0.027,0.0085,"added","any","KOTL","BT","removed","rearing","any",0,0,1394.69156709682,164,,0.117588722746336,,,"in_sample"
"bt_rear_mad_p02","bt_rear_mad_p05","rear_mad_min",0.027,0.0085,"added","any","KOTR","BT","added","rearing","any",153.983600112211,3,1125.60310854536,157,0.0194825942360994,0.139480780399491,0.139679418055295,,"held_out"
"bt_rear_mad_p02","bt_rear_mad_p05","rear_mad_min",0.027,0.0085,"added","any","KOTR","BT","removed","rearing","any",0,0,1125.60310854536,157,,0.139480780399491,,,"held_out"
"bt_rear_mad_p02","bt_rear_mad_p05","rear_mad_min",0.027,0.0085,"added","any","LHAF","BT","added","rearing","any",493.422619315771,1,1429.54630823311,41,0.00202666023172326,0.0286804280238219,0.0706635281049475,,"held_out"
"bt_rear_mad_p02","bt_rear_mad_p05","rear_mad_min",0.027,0.0085,"added","any","LHAF","BT","removed","rearing","any",0,0,1429.54630823311,41,,0.0286804280238219,,,"held_out"
"bt_rear_mad_p02","bt_rear_mad_p05","rear_mad_min",0.027,0.0085,"added","any","MURR","BT","added","rearing","any",555.394502714451,2,1588.48863558425,243,0.00360104392503912,0.152975598664339,0.0235399890994418,,"held_out"
"bt_rear_mad_p02","bt_rear_mad_p05","rear_mad_min",0.027,0.0085,"added","any","MURR","BT","removed","rearing","any",0,0,1588.48863558425,243,,0.152975598664339,,,"held_out"
"bt_rear_mad_p02","bt_rear_mad_p05","rear_mad_min",0.027,0.0085,"added","any","PARS","BT","added","rearing","any",809.513235065859,3,2238.87945923662,249,0.00370593076190525,0.111216349309355,0.0333218163059549,,"in_sample"
"bt_rear_mad_p02","bt_rear_mad_p05","rear_mad_min",0.027,0.0085,"added","any","PARS","BT","removed","rearing","any",0.532697813229752,0,2238.87945923662,249,0,0.111216349309355,0,,"in_sample"
"bt_rear_mad_p02","bt_rear_mad_p05","rear_mad_min",0.027,0.0085,"added","any","REVL","BT","added","rearing","any",37.6689931658673,1,565.703204695949,121,0.0265470328765283,0.213893078553505,0.124113566722486,,"held_out"
"bt_rear_mad_p02","bt_rear_mad_p05","rear_mad_min",0.027,0.0085,"added","any","REVL","BT","removed","rearing","any",0.25592563746424,0,565.703204695949,121,0,0.213893078553505,0,,"held_out"
"bt_rear_mad_p02","bt_rear_mad_p05","rear_mad_min",0.027,0.0085,"added","any","UARL","BT","added","rearing","any",43.6488850011187,1,809.307323887241,153,0.0229100926627191,0.18905055654892,0.121185005116823,,"held_out"
"bt_rear_mad_p02","bt_rear_mad_p05","rear_mad_min",0.027,0.0085,"added","any","UARL","BT","removed","rearing","any",0.213410887169067,0,809.307323887241,153,0,0.18905055654892,0,,"held_out"
"bt_rear_mad_p02","bt_rear_mad_p05","rear_mad_min",0.027,0.0085,"added","any","UBTN","BT","added","rearing","any",920.124015761542,0,1431.25837821319,1,0,0.000698685866383132,0,,"held_out"
"bt_rear_mad_p02","bt_rear_mad_p05","rear_mad_min",0.027,0.0085,"added","any","UBTN","BT","removed","rearing","any",0.619161362367268,0,1431.25837821319,1,0,0.000698685866383132,0,,"held_out"
"bt_rear_mad_p02","bt_rear_mad_p05","rear_mad_min",0.027,0.0085,"added","any","ELKR","BT","added","rearing","spawn",319.171749983676,0,1724.61720769864,0,0,0,,,"held_out"
"bt_rear_mad_p02","bt_rear_mad_p05","rear_mad_min",0.027,0.0085,"added","any","ELKR","BT","removed","rearing","spawn",0,0,1724.61720769864,0,,0,,,"held_out"
"bt_rear_mad_p02","bt_rear_mad_p05","rear_mad_min",0.027,0.0085,"added","any","KOTL","BT","added","rearing","spawn",151.867070956617,0,1394.69156709682,0,0,0,,,"in_sample"
"bt_rear_mad_p02","bt_rear_mad_p05","rear_mad_min",0.027,0.0085,"added","any","KOTL","BT","removed","rearing","spawn",0,0,1394.69156709682,0,,0,,,"in_sample"
"bt_rear_mad_p02","bt_rear_mad_p05","rear_mad_min",0.027,0.0085,"added","any","KOTR","BT","added","rearing","spawn",153.983600112211,0,1125.60310854536,0,0,0,,,"held_out"
"bt_rear_mad_p02","bt_rear_mad_p05","rear_mad_min",0.027,0.0085,"added","any","KOTR","BT","removed","rearing","spawn",0,0,1125.60310854536,0,,0,,,"held_out"
"bt_rear_mad_p02","bt_rear_mad_p05","rear_mad_min",0.027,0.0085,"added","any","LHAF","BT","added","rearing","spawn",493.422619315771,0,1429.54630823311,0,0,0,,,"held_out"
"bt_rear_mad_p02","bt_rear_mad_p05","rear_mad_min",0.027,0.0085,"added","any","LHAF","BT","removed","rearing","spawn",0,0,1429.54630823311,0,,0,,,"held_out"
"bt_rear_mad_p02","bt_rear_mad_p05","rear_mad_min",0.027,0.0085,"added","any","MURR","BT","added","rearing","spawn",555.394502714451,0,1588.48863558425,3,0,0.00188858763783135,0,,"held_out"
"bt_rear_mad_p02","bt_rear_mad_p05","rear_mad_min",0.027,0.0085,"added","any","MURR","BT","removed","rearing","spawn",0,0,1588.48863558425,3,,0.00188858763783135,,,"held_out"
"bt_rear_mad_p02","bt_rear_mad_p05","rear_mad_min",0.027,0.0085,"added","any","PARS","BT","added","rearing","spawn",809.513235065859,0,2238.87945923662,0,0,0,,,"in_sample"
"bt_rear_mad_p02","bt_rear_mad_p05","rear_mad_min",0.027,0.0085,"added","any","PARS","BT","removed","rearing","spawn",0.532697813229752,0,2238.87945923662,0,0,0,,,"in_sample"
"bt_rear_mad_p02","bt_rear_mad_p05","rear_mad_min",0.027,0.0085,"added","any","REVL","BT","added","rearing","spawn",37.6689931658673,0,565.703204695949,0,0,0,,,"held_out"
"bt_rear_mad_p02","bt_rear_mad_p05","rear_mad_min",0.027,0.0085,"added","any","REVL","BT","removed","rearing","spawn",0.25592563746424,0,565.703204695949,0,0,0,,,"held_out"
"bt_rear_mad_p02","bt_rear_mad_p05","rear_mad_min",0.027,0.0085,"added","any","UARL","BT","added","rearing","spawn",43.6488850011187,0,809.307323887241,0,0,0,,,"held_out"
"bt_rear_mad_p02","bt_rear_mad_p05","rear_mad_min",0.027,0.0085,"added","any","UARL","BT","removed","rearing","spawn",0.213410887169067,0,809.307323887241,0,0,0,,,"held_out"
"bt_rear_mad_p02","bt_rear_mad_p05","rear_mad_min",0.027,0.0085,"added","any","UBTN","BT","added","rearing","spawn",920.124015761542,0,1431.25837821319,0,0,0,,,"held_out"
"bt_rear_mad_p02","bt_rear_mad_p05","rear_mad_min",0.027,0.0085,"added","any","UBTN","BT","removed","rearing","spawn",0.619161362367268,0,1431.25837821319,0,0,0,,,"held_out"
"bt_rear_mad_p02","bt_rear_mad_p05","rear_mad_min",0.027,0.0085,"added","any","ELKR","BT","added","rearing","rear",319.171749983676,0,1724.61720769864,0,0,0,,,"held_out"
"bt_rear_mad_p02","bt_rear_mad_p05","rear_mad_min",0.027,0.0085,"added","any","ELKR","BT","removed","rearing","rear",0,0,1724.61720769864,0,,0,,,"held_out"
"bt_rear_mad_p02","bt_rear_mad_p05","rear_mad_min",0.027,0.0085,"added","any","KOTL","BT","added","rearing","rear",151.867070956617,0,1394.69156709682,0,0,0,,,"in_sample"
"bt_rear_mad_p02","bt_rear_mad_p05","rear_mad_min",0.027,0.0085,"added","any","KOTL","BT","removed","rearing","rear",0,0,1394.69156709682,0,,0,,,"in_sample"
"bt_rear_mad_p02","bt_rear_mad_p05","rear_mad_min",0.027,0.0085,"added","any","KOTR","BT","added","rearing","rear",153.983600112211,0,1125.60310854536,0,0,0,,,"held_out"
"bt_rear_mad_p02","bt_rear_mad_p05","rear_mad_min",0.027,0.0085,"added","any","KOTR","BT","removed","rearing","rear",0,0,1125.60310854536,0,,0,,,"held_out"
"bt_rear_mad_p02","bt_rear_mad_p05","rear_mad_min",0.027,0.0085,"added","any","LHAF","BT","added","rearing","rear",493.422619315771,0,1429.54630823311,0,0,0,,,"held_out"
"bt_rear_mad_p02","bt_rear_mad_p05","rear_mad_min",0.027,0.0085,"added","any","LHAF","BT","removed","rearing","rear",0,0,1429.54630823311,0,,0,,,"held_out"
"bt_rear_mad_p02","bt_rear_mad_p05","rear_mad_min",0.027,0.0085,"added","any","MURR","BT","added","rearing","rear",555.394502714451,0,1588.48863558425,1,0,0.00062952921261045,0,,"held_out"
"bt_rear_mad_p02","bt_rear_mad_p05","rear_mad_min",0.027,0.0085,"added","any","MURR","BT","removed","rearing","rear",0,0,1588.48863558425,1,,0.00062952921261045,,,"held_out"
"bt_rear_mad_p02","bt_rear_mad_p05","rear_mad_min",0.027,0.0085,"added","any","PARS","BT","added","rearing","rear",809.513235065859,0,2238.87945923662,0,0,0,,,"in_sample"
"bt_rear_mad_p02","bt_rear_mad_p05","rear_mad_min",0.027,0.0085,"added","any","PARS","BT","removed","rearing","rear",0.532697813229752,0,2238.87945923662,0,0,0,,,"in_sample"
"bt_rear_mad_p02","bt_rear_mad_p05","rear_mad_min",0.027,0.0085,"added","any","REVL","BT","added","rearing","rear",37.6689931658673,0,565.703204695949,0,0,0,,,"held_out"
"bt_rear_mad_p02","bt_rear_mad_p05","rear_mad_min",0.027,0.0085,"added","any","REVL","BT","removed","rearing","rear",0.25592563746424,0,565.703204695949,0,0,0,,,"held_out"
"bt_rear_mad_p02","bt_rear_mad_p05","rear_mad_min",0.027,0.0085,"added","any","UARL","BT","added","rearing","rear",43.6488850011187,0,809.307323887241,0,0,0,,,"held_out"
"bt_rear_mad_p02","bt_rear_mad_p05","rear_mad_min",0.027,0.0085,"added","any","UARL","BT","removed","rearing","rear",0.213410887169067,0,809.307323887241,0,0,0,,,"held_out"
"bt_rear_mad_p02","bt_rear_mad_p05","rear_mad_min",0.027,0.0085,"added","any","UBTN","BT","added","rearing","rear",920.124015761542,0,1431.25837821319,0,0,0,,,"held_out"
"bt_rear_mad_p02","bt_rear_mad_p05","rear_mad_min",0.027,0.0085,"added","any","UBTN","BT","removed","rearing","rear",0.619161362367268,0,1431.25837821319,0,0,0,,,"held_out"
"bt_spawn_mad_p10","default","spawn_mad_min",,0.078,"added","any","ELKR","BT","added","spawning","any",22.2319560188289,0,1383.67186209951,506,0,0.365693640132439,0,,"held_out"
"bt_spawn_mad_p10","default","spawn_mad_min",,0.078,"added","any","ELKR","BT","removed","spawning","any",175.150660143658,9,1383.67186209951,506,0.0513843338792914,0.365693640132439,0.140511970240123,,"held_out"
"bt_spawn_mad_p10","default","spawn_mad_min",,0.078,"added","any","KOTL","BT","added","spawning","any",33.545945120609,3,918.114821601784,114,0.0894295864735362,0.124167475916695,0.720233586237474,,"in_sample"
"bt_spawn_mad_p10","default","spawn_mad_min",,0.078,"added","any","KOTL","BT","removed","spawning","any",150.584270504199,5,918.114821601784,114,0.0332039992175714,0.124167475916695,0.267413015948302,,"in_sample"
"bt_spawn_mad_p10","default","spawn_mad_min",,0.078,"added","any","KOTR","BT","added","spawning","any",8.81196065441878,0,840.009667853777,136,0,0.16190289850768,0,,"held_out"
"bt_spawn_mad_p10","default","spawn_mad_min",,0.078,"added","any","KOTR","BT","removed","spawning","any",68.3701156449955,2,840.009667853777,136,0.0292525466884506,0.16190289850768,0.180679573732666,,"held_out"
"bt_spawn_mad_p10","default","spawn_mad_min",,0.078,"added","any","LHAF","BT","added","spawning","any",12.8167863212218,0,1086.40097377934,34,0,0.0312959955123401,0,,"held_out"
"bt_spawn_mad_p10","default","spawn_mad_min",,0.078,"added","any","LHAF","BT","removed","spawning","any",806.564788102206,75,1086.40097377934,34,0.0929869504673891,0.0312959955123401,2.97120922166301,,"held_out"
"bt_spawn_mad_p10","default","spawn_mad_min",,0.078,"added","any","MURR","BT","added","spawning","any",17.0903018954675,0,1209.23337732503,234,0,0.193511033013028,0,,"held_out"
"bt_spawn_mad_p10","default","spawn_mad_min",,0.078,"added","any","MURR","BT","removed","spawning","any",484.094573317281,5,1209.23337732503,234,0.0103285603177438,0.193511033013028,0.0533745293843191,,"held_out"
"bt_spawn_mad_p10","default","spawn_mad_min",,0.078,"added","any","PARS","BT","added","spawning","any",18.5776029237076,0,1566.01976352946,225,0,0.143676347668116,0,,"in_sample"
"bt_spawn_mad_p10","default","spawn_mad_min",,0.078,"added","any","PARS","BT","removed","spawning","any",137.923989027386,6,1566.01976352946,225,0.0435022220739908,0.143676347668116,0.302779286779188,,"in_sample"
"bt_spawn_mad_p10","default","spawn_mad_min",,0.078,"added","any","REVL","BT","added","spawning","any",22.1888078253904,1,421.81304251374,79,0.0450677660498601,0.187286764603602,0.240635082490999,,"held_out"
"bt_spawn_mad_p10","default","spawn_mad_min",,0.078,"added","any","REVL","BT","removed","spawning","any",12.4233560341257,118,421.81304251374,79,9.49823861409637,0.187286764603602,50.7149484599174,,"held_out"
"bt_spawn_mad_p10","default","spawn_mad_min",,0.078,"added","any","UARL","BT","added","spawning","any",58.4762235274563,5,571.117755943954,106,0.0855048376653865,0.185600953387977,0.460691801979317,,"held_out"
"bt_spawn_mad_p10","default","spawn_mad_min",,0.078,"added","any","UARL","BT","removed","spawning","any",16.893751020575,16,571.117755943954,106,0.947095762244481,0.185600953387977,5.10286043770846,,"held_out"
"bt_spawn_mad_p10","default","spawn_mad_min",,0.078,"added","any","UBTN","BT","added","spawning","any",3.15998154977259,0,863.845980928401,1,0,0.00115761376689543,0,,"held_out"
"bt_spawn_mad_p10","default","spawn_mad_min",,0.078,"added","any","UBTN","BT","removed","spawning","any",1188.51856423995,0,863.845980928401,1,0,0.00115761376689543,0,,"held_out"
"bt_spawn_mad_p10","default","spawn_mad_min",,0.078,"added","any","ELKR","BT","added","spawning","spawn",22.2319560188289,0,1383.67186209952,0,0,0,,,"held_out"
"bt_spawn_mad_p10","default","spawn_mad_min",,0.078,"added","any","ELKR","BT","removed","spawning","spawn",175.150660143658,0,1383.67186209952,0,0,0,,,"held_out"
"bt_spawn_mad_p10","default","spawn_mad_min",,0.078,"added","any","KOTL","BT","added","spawning","spawn",33.545945120609,0,918.114821601784,0,0,0,,,"in_sample"
"bt_spawn_mad_p10","default","spawn_mad_min",,0.078,"added","any","KOTL","BT","removed","spawning","spawn",150.584270504199,0,918.114821601784,0,0,0,,,"in_sample"
"bt_spawn_mad_p10","default","spawn_mad_min",,0.078,"added","any","KOTR","BT","added","spawning","spawn",8.81196065441878,0,840.009667853777,0,0,0,,,"held_out"
"bt_spawn_mad_p10","default","spawn_mad_min",,0.078,"added","any","KOTR","BT","removed","spawning","spawn",68.3701156449955,0,840.009667853777,0,0,0,,,"held_out"
"bt_spawn_mad_p10","default","spawn_mad_min",,0.078,"added","any","LHAF","BT","added","spawning","spawn",12.8167863212218,0,1086.40097377933,0,0,0,,,"held_out"
"bt_spawn_mad_p10","default","spawn_mad_min",,0.078,"added","any","LHAF","BT","removed","spawning","spawn",806.564788102206,0,1086.40097377933,0,0,0,,,"held_out"
"bt_spawn_mad_p10","default","spawn_mad_min",,0.078,"added","any","MURR","BT","added","spawning","spawn",17.0903018954675,0,1209.23337732503,3,0,0.00248091067965421,0,,"held_out"
"bt_spawn_mad_p10","default","spawn_mad_min",,0.078,"added","any","MURR","BT","removed","spawning","spawn",484.094573317281,0,1209.23337732503,3,0,0.00248091067965421,0,,"held_out"
"bt_spawn_mad_p10","default","spawn_mad_min",,0.078,"added","any","PARS","BT","added","spawning","spawn",18.5776029237076,0,1566.01976352946,0,0,0,,,"in_sample"
"bt_spawn_mad_p10","default","spawn_mad_min",,0.078,"added","any","PARS","BT","removed","spawning","spawn",137.923989027386,0,1566.01976352946,0,0,0,,,"in_sample"
"bt_spawn_mad_p10","default","spawn_mad_min",,0.078,"added","any","REVL","BT","added","spawning","spawn",22.1888078253904,0,421.81304251374,0,0,0,,,"held_out"
"bt_spawn_mad_p10","default","spawn_mad_min",,0.078,"added","any","REVL","BT","removed","spawning","spawn",12.4233560341257,0,421.81304251374,0,0,0,,,"held_out"
"bt_spawn_mad_p10","default","spawn_mad_min",,0.078,"added","any","UARL","BT","added","spawning","spawn",58.4762235274563,0,571.117755943954,0,0,0,,,"held_out"
"bt_spawn_mad_p10","default","spawn_mad_min",,0.078,"added","any","UARL","BT","removed","spawning","spawn",16.893751020575,0,571.117755943954,0,0,0,,,"held_out"
"bt_spawn_mad_p10","default","spawn_mad_min",,0.078,"added","any","UBTN","BT","added","spawning","spawn",3.15998154977259,0,863.845980928401,0,0,0,,,"held_out"
"bt_spawn_mad_p10","default","spawn_mad_min",,0.078,"added","any","UBTN","BT","removed","spawning","spawn",1188.51856423995,0,863.845980928401,0,0,0,,,"held_out"
"bt_spawn_mad_p10","default","spawn_mad_min",,0.078,"added","any","ELKR","BT","added","spawning","rear",22.2319560188289,0,1383.67186209951,0,0,0,,,"held_out"
"bt_spawn_mad_p10","default","spawn_mad_min",,0.078,"added","any","ELKR","BT","removed","spawning","rear",175.150660143658,0,1383.67186209951,0,0,0,,,"held_out"
"bt_spawn_mad_p10","default","spawn_mad_min",,0.078,"added","any","KOTL","BT","added","spawning","rear",33.545945120609,0,918.114821601784,0,0,0,,,"in_sample"
"bt_spawn_mad_p10","default","spawn_mad_min",,0.078,"added","any","KOTL","BT","removed","spawning","rear",150.584270504199,0,918.114821601784,0,0,0,,,"in_sample"
"bt_spawn_mad_p10","default","spawn_mad_min",,0.078,"added","any","KOTR","BT","added","spawning","rear",8.81196065441878,0,840.009667853777,0,0,0,,,"held_out"
"bt_spawn_mad_p10","default","spawn_mad_min",,0.078,"added","any","KOTR","BT","removed","spawning","rear",68.3701156449955,0,840.009667853777,0,0,0,,,"held_out"
"bt_spawn_mad_p10","default","spawn_mad_min",,0.078,"added","any","LHAF","BT","added","spawning","rear",12.8167863212218,0,1086.40097377934,0,0,0,,,"held_out"
"bt_spawn_mad_p10","default","spawn_mad_min",,0.078,"added","any","LHAF","BT","removed","spawning","rear",806.564788102206,0,1086.40097377934,0,0,0,,,"held_out"
"bt_spawn_mad_p10","default","spawn_mad_min",,0.078,"added","any","MURR","BT","added","spawning","rear",17.0903018954675,0,1209.23337732503,1,0,0.000826970226551404,0,,"held_out"
"bt_spawn_mad_p10","default","spawn_mad_min",,0.078,"added","any","MURR","BT","removed","spawning","rear",484.094573317281,0,1209.23337732503,1,0,0.000826970226551404,0,,"held_out"
"bt_spawn_mad_p10","default","spawn_mad_min",,0.078,"added","any","PARS","BT","added","spawning","rear",18.5776029237076,0,1566.01976352946,0,0,0,,,"in_sample"
"bt_spawn_mad_p10","default","spawn_mad_min",,0.078,"added","any","PARS","BT","removed","spawning","rear",137.923989027386,0,1566.01976352946,0,0,0,,,"in_sample"
"bt_spawn_mad_p10","default","spawn_mad_min",,0.078,"added","any","REVL","BT","added","spawning","rear",22.1888078253904,0,421.81304251374,0,0,0,,,"held_out"
"bt_spawn_mad_p10","default","spawn_mad_min",,0.078,"added","any","REVL","BT","removed","spawning","rear",12.4233560341257,0,421.81304251374,0,0,0,,,"held_out"
"bt_spawn_mad_p10","default","spawn_mad_min",,0.078,"added","any","UARL","BT","added","spawning","rear",58.4762235274563,0,571.117755943954,0,0,0,,,"held_out"
"bt_spawn_mad_p10","default","spawn_mad_min",,0.078,"added","any","UARL","BT","removed","spawning","rear",16.893751020575,0,571.117755943954,0,0,0,,,"held_out"
"bt_spawn_mad_p10","default","spawn_mad_min",,0.078,"added","any","UBTN","BT","added","spawning","rear",3.15998154977259,0,863.845980928401,0,0,0,,,"held_out"
"bt_spawn_mad_p10","default","spawn_mad_min",,0.078,"added","any","UBTN","BT","removed","spawning","rear",1188.51856423995,0,863.845980928401,0,0,0,,,"held_out"
"bt_spawn_mad_p05","bt_spawn_mad_p10","spawn_mad_min",0.078,0.027,"added","any","ELKR","BT","added","spawning","any",173.188326792052,7,1383.67186209951,506,0.0404184284799111,0.365693640132438,0.110525379837815,,"held_out"
"bt_spawn_mad_p05","bt_spawn_mad_p10","spawn_mad_min",0.078,0.027,"added","any","ELKR","BT","removed","spawning","any",0,0,1383.67186209951,506,,0.365693640132438,,,"held_out"
"bt_spawn_mad_p05","bt_spawn_mad_p10","spawn_mad_min",0.078,0.027,"added","any","KOTL","BT","added","spawning","any",102.182894765753,0,918.114821601784,114,0,0.124167475916695,0,,"in_sample"
"bt_spawn_mad_p05","bt_spawn_mad_p10","spawn_mad_min",0.078,0.027,"added","any","KOTL","BT","removed","spawning","any",0,0,918.114821601784,114,,0.124167475916695,,,"in_sample"
"bt_spawn_mad_p05","bt_spawn_mad_p10","spawn_mad_min",0.078,0.027,"added","any","KOTR","BT","added","spawning","any",90.8142203722362,3,840.009667853776,136,0.0330344739810943,0.16190289850768,0.204038805268994,,"held_out"
"bt_spawn_mad_p05","bt_spawn_mad_p10","spawn_mad_min",0.078,0.027,"added","any","KOTR","BT","removed","spawning","any",0,0,840.009667853776,136,,0.16190289850768,,,"held_out"
"bt_spawn_mad_p05","bt_spawn_mad_p10","spawn_mad_min",0.078,0.027,"added","any","LHAF","BT","added","spawning","any",273.401595375036,1,1086.40097377934,34,0.00365762313357484,0.0312959955123401,0.116871921589221,,"held_out"
"bt_spawn_mad_p05","bt_spawn_mad_p10","spawn_mad_min",0.078,0.027,"added","any","LHAF","BT","removed","spawning","any",0,0,1086.40097377934,34,,0.0312959955123401,,,"held_out"
"bt_spawn_mad_p05","bt_spawn_mad_p10","spawn_mad_min",0.078,0.027,"added","any","MURR","BT","added","spawning","any",319.380878575095,6,1209.23337732503,234,0.0187863469684496,0.193511033013029,0.0970815290267441,,"held_out"
"bt_spawn_mad_p05","bt_spawn_mad_p10","spawn_mad_min",0.078,0.027,"added","any","MURR","BT","removed","spawning","any",0,0,1209.23337732503,234,,0.193511033013029,,,"held_out"
"bt_spawn_mad_p05","bt_spawn_mad_p10","spawn_mad_min",0.078,0.027,"added","any","PARS","BT","added","spawning","any",373.755477525264,4,1566.01976352946,225,0.0107021842903416,0.143676347668116,0.0744881427182642,,"in_sample"
"bt_spawn_mad_p05","bt_spawn_mad_p10","spawn_mad_min",0.078,0.027,"added","any","PARS","BT","removed","spawning","any",0,0,1566.01976352946,225,,0.143676347668116,,,"in_sample"
"bt_spawn_mad_p05","bt_spawn_mad_p10","spawn_mad_min",0.078,0.027,"added","any","REVL","BT","added","spawning","any",26.3508597270431,11,421.81304251374,79,0.417443685479113,0.187286764603602,2.22890115253282,,"held_out"
"bt_spawn_mad_p05","bt_spawn_mad_p10","spawn_mad_min",0.078,0.027,"added","any","REVL","BT","removed","spawning","any",0,0,421.81304251374,79,,0.187286764603602,,,"held_out"
"bt_spawn_mad_p05","bt_spawn_mad_p10","spawn_mad_min",0.078,0.027,"added","any","UARL","BT","added","spawning","any",48.8044791201858,2,571.117755943953,106,0.0409798452120512,0.185600953387977,0.220795445626767,,"held_out"
"bt_spawn_mad_p05","bt_spawn_mad_p10","spawn_mad_min",0.078,0.027,"added","any","UARL","BT","removed","spawning","any",0,0,571.117755943953,106,,0.185600953387977,,,"held_out"
"bt_spawn_mad_p05","bt_spawn_mad_p10","spawn_mad_min",0.078,0.027,"added","any","UBTN","BT","added","spawning","any",507.481066920066,0,863.845980928401,1,0,0.00115761376689543,0,,"held_out"
"bt_spawn_mad_p05","bt_spawn_mad_p10","spawn_mad_min",0.078,0.027,"added","any","UBTN","BT","removed","spawning","any",0,0,863.845980928401,1,,0.00115761376689543,,,"held_out"
"bt_spawn_mad_p05","bt_spawn_mad_p10","spawn_mad_min",0.078,0.027,"added","any","ELKR","BT","added","spawning","spawn",173.188326792052,0,1383.67186209951,0,0,0,,,"held_out"
"bt_spawn_mad_p05","bt_spawn_mad_p10","spawn_mad_min",0.078,0.027,"added","any","ELKR","BT","removed","spawning","spawn",0,0,1383.67186209951,0,,0,,,"held_out"
"bt_spawn_mad_p05","bt_spawn_mad_p10","spawn_mad_min",0.078,0.027,"added","any","KOTL","BT","added","spawning","spawn",102.182894765753,0,918.114821601784,0,0,0,,,"in_sample"
"bt_spawn_mad_p05","bt_spawn_mad_p10","spawn_mad_min",0.078,0.027,"added","any","KOTL","BT","removed","spawning","spawn",0,0,918.114821601784,0,,0,,,"in_sample"
"bt_spawn_mad_p05","bt_spawn_mad_p10","spawn_mad_min",0.078,0.027,"added","any","KOTR","BT","added","spawning","spawn",90.8142203722362,0,840.009667853776,0,0,0,,,"held_out"
"bt_spawn_mad_p05","bt_spawn_mad_p10","spawn_mad_min",0.078,0.027,"added","any","KOTR","BT","removed","spawning","spawn",0,0,840.009667853776,0,,0,,,"held_out"
"bt_spawn_mad_p05","bt_spawn_mad_p10","spawn_mad_min",0.078,0.027,"added","any","LHAF","BT","added","spawning","spawn",273.401595375036,0,1086.40097377934,0,0,0,,,"held_out"
"bt_spawn_mad_p05","bt_spawn_mad_p10","spawn_mad_min",0.078,0.027,"added","any","LHAF","BT","removed","spawning","spawn",0,0,1086.40097377934,0,,0,,,"held_out"
"bt_spawn_mad_p05","bt_spawn_mad_p10","spawn_mad_min",0.078,0.027,"added","any","MURR","BT","added","spawning","spawn",319.380878575095,0,1209.23337732503,3,0,0.00248091067965421,0,,"held_out"
"bt_spawn_mad_p05","bt_spawn_mad_p10","spawn_mad_min",0.078,0.027,"added","any","MURR","BT","removed","spawning","spawn",0,0,1209.23337732503,3,,0.00248091067965421,,,"held_out"
"bt_spawn_mad_p05","bt_spawn_mad_p10","spawn_mad_min",0.078,0.027,"added","any","PARS","BT","added","spawning","spawn",373.755477525264,0,1566.01976352946,0,0,0,,,"in_sample"
"bt_spawn_mad_p05","bt_spawn_mad_p10","spawn_mad_min",0.078,0.027,"added","any","PARS","BT","removed","spawning","spawn",0,0,1566.01976352946,0,,0,,,"in_sample"
"bt_spawn_mad_p05","bt_spawn_mad_p10","spawn_mad_min",0.078,0.027,"added","any","REVL","BT","added","spawning","spawn",26.3508597270431,0,421.81304251374,0,0,0,,,"held_out"
"bt_spawn_mad_p05","bt_spawn_mad_p10","spawn_mad_min",0.078,0.027,"added","any","REVL","BT","removed","spawning","spawn",0,0,421.81304251374,0,,0,,,"held_out"
"bt_spawn_mad_p05","bt_spawn_mad_p10","spawn_mad_min",0.078,0.027,"added","any","UARL","BT","added","spawning","spawn",48.8044791201858,0,571.117755943953,0,0,0,,,"held_out"
"bt_spawn_mad_p05","bt_spawn_mad_p10","spawn_mad_min",0.078,0.027,"added","any","UARL","BT","removed","spawning","spawn",0,0,571.117755943953,0,,0,,,"held_out"
"bt_spawn_mad_p05","bt_spawn_mad_p10","spawn_mad_min",0.078,0.027,"added","any","UBTN","BT","added","spawning","spawn",507.481066920066,0,863.845980928401,0,0,0,,,"held_out"
"bt_spawn_mad_p05","bt_spawn_mad_p10","spawn_mad_min",0.078,0.027,"added","any","UBTN","BT","removed","spawning","spawn",0,0,863.845980928401,0,,0,,,"held_out"
"bt_spawn_mad_p05","bt_spawn_mad_p10","spawn_mad_min",0.078,0.027,"added","any","ELKR","BT","added","spawning","rear",173.188326792052,0,1383.67186209951,0,0,0,,,"held_out"
"bt_spawn_mad_p05","bt_spawn_mad_p10","spawn_mad_min",0.078,0.027,"added","any","ELKR","BT","removed","spawning","rear",0,0,1383.67186209951,0,,0,,,"held_out"
"bt_spawn_mad_p05","bt_spawn_mad_p10","spawn_mad_min",0.078,0.027,"added","any","KOTL","BT","added","spawning","rear",102.182894765753,0,918.114821601784,0,0,0,,,"in_sample"
"bt_spawn_mad_p05","bt_spawn_mad_p10","spawn_mad_min",0.078,0.027,"added","any","KOTL","BT","removed","spawning","rear",0,0,918.114821601784,0,,0,,,"in_sample"
"bt_spawn_mad_p05","bt_spawn_mad_p10","spawn_mad_min",0.078,0.027,"added","any","KOTR","BT","added","spawning","rear",90.8142203722362,0,840.009667853776,0,0,0,,,"held_out"
"bt_spawn_mad_p05","bt_spawn_mad_p10","spawn_mad_min",0.078,0.027,"added","any","KOTR","BT","removed","spawning","rear",0,0,840.009667853776,0,,0,,,"held_out"
"bt_spawn_mad_p05","bt_spawn_mad_p10","spawn_mad_min",0.078,0.027,"added","any","LHAF","BT","added","spawning","rear",273.401595375036,0,1086.40097377934,0,0,0,,,"held_out"
"bt_spawn_mad_p05","bt_spawn_mad_p10","spawn_mad_min",0.078,0.027,"added","any","LHAF","BT","removed","spawning","rear",0,0,1086.40097377934,0,,0,,,"held_out"
"bt_spawn_mad_p05","bt_spawn_mad_p10","spawn_mad_min",0.078,0.027,"added","any","MURR","BT","added","spawning","rear",319.380878575095,0,1209.23337732503,1,0,0.000826970226551405,0,,"held_out"
"bt_spawn_mad_p05","bt_spawn_mad_p10","spawn_mad_min",0.078,0.027,"added","any","MURR","BT","removed","spawning","rear",0,0,1209.23337732503,1,,0.000826970226551405,,,"held_out"
"bt_spawn_mad_p05","bt_spawn_mad_p10","spawn_mad_min",0.078,0.027,"added","any","PARS","BT","added","spawning","rear",373.755477525264,0,1566.01976352946,0,0,0,,,"in_sample"
"bt_spawn_mad_p05","bt_spawn_mad_p10","spawn_mad_min",0.078,0.027,"added","any","PARS","BT","removed","spawning","rear",0,0,1566.01976352946,0,,0,,,"in_sample"
"bt_spawn_mad_p05","bt_spawn_mad_p10","spawn_mad_min",0.078,0.027,"added","any","REVL","BT","added","spawning","rear",26.3508597270431,0,421.81304251374,0,0,0,,,"held_out"
"bt_spawn_mad_p05","bt_spawn_mad_p10","spawn_mad_min",0.078,0.027,"added","any","REVL","BT","removed","spawning","rear",0,0,421.81304251374,0,,0,,,"held_out"
"bt_spawn_mad_p05","bt_spawn_mad_p10","spawn_mad_min",0.078,0.027,"added","any","UARL","BT","added","spawning","rear",48.8044791201858,0,571.117755943953,0,0,0,,,"held_out"
"bt_spawn_mad_p05","bt_spawn_mad_p10","spawn_mad_min",0.078,0.027,"added","any","UARL","BT","removed","spawning","rear",0,0,571.117755943953,0,,0,,,"held_out"
"bt_spawn_mad_p05","bt_spawn_mad_p10","spawn_mad_min",0.078,0.027,"added","any","UBTN","BT","added","spawning","rear",507.481066920066,0,863.845980928401,0,0,0,,,"held_out"
"bt_spawn_mad_p05","bt_spawn_mad_p10","spawn_mad_min",0.078,0.027,"added","any","UBTN","BT","removed","spawning","rear",0,0,863.845980928401,0,,0,,,"held_out"
"bt_spawn_mad_p02","bt_spawn_mad_p05","spawn_mad_min",0.027,0.0085,"added","any","ELKR","BT","added","spawning","any",241.923643760313,2,1383.67186209951,506,0.00826707124989202,0.365693640132438,0.0226065491510819,,"held_out"
"bt_spawn_mad_p02","bt_spawn_mad_p05","spawn_mad_min",0.027,0.0085,"added","any","ELKR","BT","removed","spawning","any",0,0,1383.67186209951,506,,0.365693640132438,,,"held_out"
"bt_spawn_mad_p02","bt_spawn_mad_p05","spawn_mad_min",0.027,0.0085,"added","any","KOTL","BT","added","spawning","any",113.796833092228,0,918.114821601784,114,0,0.124167475916695,0,,"in_sample"
"bt_spawn_mad_p02","bt_spawn_mad_p05","spawn_mad_min",0.027,0.0085,"added","any","KOTL","BT","removed","spawning","any",0,0,918.114821601784,114,,0.124167475916695,,,"in_sample"
"bt_spawn_mad_p02","bt_spawn_mad_p05","spawn_mad_min",0.027,0.0085,"added","any","KOTR","BT","added","spawning","any",109.298528165033,3,840.009667853776,136,0.0274477621095704,0.16190289850768,0.1695322465661,,"held_out"
"bt_spawn_mad_p02","bt_spawn_mad_p05","spawn_mad_min",0.027,0.0085,"added","any","KOTR","BT","removed","spawning","any",0,0,840.009667853776,136,,0.16190289850768,,,"held_out"
"bt_spawn_mad_p02","bt_spawn_mad_p05","spawn_mad_min",0.027,0.0085,"added","any","LHAF","BT","added","spawning","any",355.930823553583,1,1086.40097377934,34,0.00280953470119864,0.0312959955123401,0.0897729775073244,,"held_out"
"bt_spawn_mad_p02","bt_spawn_mad_p05","spawn_mad_min",0.027,0.0085,"added","any","LHAF","BT","removed","spawning","any",0,0,1086.40097377934,34,,0.0312959955123401,,,"held_out"
"bt_spawn_mad_p02","bt_spawn_mad_p05","spawn_mad_min",0.027,0.0085,"added","any","MURR","BT","added","spawning","any",395.649780342088,1,1209.23337732503,234,0.00252748781797725,0.193511033013029,0.0130612078217115,,"held_out"
"bt_spawn_mad_p02","bt_spawn_mad_p05","spawn_mad_min",0.027,0.0085,"added","any","MURR","BT","removed","spawning","any",0,0,1209.23337732503,234,,0.193511033013029,,,"held_out"
"bt_spawn_mad_p02","bt_spawn_mad_p05","spawn_mad_min",0.027,0.0085,"added","any","PARS","BT","added","spawning","any",509.876218685965,3,1566.01976352946,225,0.0058837809845917,0.143676347668116,0.0409516324717753,,"in_sample"
"bt_spawn_mad_p02","bt_spawn_mad_p05","spawn_mad_min",0.027,0.0085,"added","any","PARS","BT","removed","spawning","any",0,0,1566.01976352946,225,,0.143676347668116,,,"in_sample"
"bt_spawn_mad_p02","bt_spawn_mad_p05","spawn_mad_min",0.027,0.0085,"added","any","REVL","BT","added","spawning","any",27.8787432361863,0,421.81304251374,79,0,0.187286764603602,0,,"held_out"
"bt_spawn_mad_p02","bt_spawn_mad_p05","spawn_mad_min",0.027,0.0085,"added","any","REVL","BT","removed","spawning","any",0,0,421.81304251374,79,,0.187286764603602,,,"held_out"
"bt_spawn_mad_p02","bt_spawn_mad_p05","spawn_mad_min",0.027,0.0085,"added","any","UARL","BT","added","spawning","any",36.0233881119742,0,571.117755943953,106,0,0.185600953387977,0,,"held_out"
"bt_spawn_mad_p02","bt_spawn_mad_p05","spawn_mad_min",0.027,0.0085,"added","any","UARL","BT","removed","spawning","any",0,0,571.117755943953,106,,0.185600953387977,,,"held_out"
"bt_spawn_mad_p02","bt_spawn_mad_p05","spawn_mad_min",0.027,0.0085,"added","any","UBTN","BT","added","spawning","any",963.742369304633,0,863.845980928401,1,0,0.00115761376689543,0,,"held_out"
"bt_spawn_mad_p02","bt_spawn_mad_p05","spawn_mad_min",0.027,0.0085,"added","any","UBTN","BT","removed","spawning","any",0,0,863.845980928401,1,,0.00115761376689543,,,"held_out"
"bt_spawn_mad_p02","bt_spawn_mad_p05","spawn_mad_min",0.027,0.0085,"added","any","ELKR","BT","added","spawning","spawn",241.923643760313,0,1383.67186209951,0,0,0,,,"held_out"
"bt_spawn_mad_p02","bt_spawn_mad_p05","spawn_mad_min",0.027,0.0085,"added","any","ELKR","BT","removed","spawning","spawn",0,0,1383.67186209951,0,,0,,,"held_out"
"bt_spawn_mad_p02","bt_spawn_mad_p05","spawn_mad_min",0.027,0.0085,"added","any","KOTL","BT","added","spawning","spawn",113.796833092228,0,918.114821601784,0,0,0,,,"in_sample"
"bt_spawn_mad_p02","bt_spawn_mad_p05","spawn_mad_min",0.027,0.0085,"added","any","KOTL","BT","removed","spawning","spawn",0,0,918.114821601784,0,,0,,,"in_sample"
"bt_spawn_mad_p02","bt_spawn_mad_p05","spawn_mad_min",0.027,0.0085,"added","any","KOTR","BT","added","spawning","spawn",109.298528165033,0,840.009667853776,0,0,0,,,"held_out"
"bt_spawn_mad_p02","bt_spawn_mad_p05","spawn_mad_min",0.027,0.0085,"added","any","KOTR","BT","removed","spawning","spawn",0,0,840.009667853776,0,,0,,,"held_out"
"bt_spawn_mad_p02","bt_spawn_mad_p05","spawn_mad_min",0.027,0.0085,"added","any","LHAF","BT","added","spawning","spawn",355.930823553583,0,1086.40097377934,0,0,0,,,"held_out"
"bt_spawn_mad_p02","bt_spawn_mad_p05","spawn_mad_min",0.027,0.0085,"added","any","LHAF","BT","removed","spawning","spawn",0,0,1086.40097377934,0,,0,,,"held_out"
"bt_spawn_mad_p02","bt_spawn_mad_p05","spawn_mad_min",0.027,0.0085,"added","any","MURR","BT","added","spawning","spawn",395.649780342088,0,1209.23337732503,3,0,0.00248091067965421,0,,"held_out"
"bt_spawn_mad_p02","bt_spawn_mad_p05","spawn_mad_min",0.027,0.0085,"added","any","MURR","BT","removed","spawning","spawn",0,0,1209.23337732503,3,,0.00248091067965421,,,"held_out"
"bt_spawn_mad_p02","bt_spawn_mad_p05","spawn_mad_min",0.027,0.0085,"added","any","PARS","BT","added","spawning","spawn",509.876218685965,0,1566.01976352946,0,0,0,,,"in_sample"
"bt_spawn_mad_p02","bt_spawn_mad_p05","spawn_mad_min",0.027,0.0085,"added","any","PARS","BT","removed","spawning","spawn",0,0,1566.01976352946,0,,0,,,"in_sample"
"bt_spawn_mad_p02","bt_spawn_mad_p05","spawn_mad_min",0.027,0.0085,"added","any","REVL","BT","added","spawning","spawn",27.8787432361863,0,421.81304251374,0,0,0,,,"held_out"
"bt_spawn_mad_p02","bt_spawn_mad_p05","spawn_mad_min",0.027,0.0085,"added","any","REVL","BT","removed","spawning","spawn",0,0,421.81304251374,0,,0,,,"held_out"
"bt_spawn_mad_p02","bt_spawn_mad_p05","spawn_mad_min",0.027,0.0085,"added","any","UARL","BT","added","spawning","spawn",36.0233881119742,0,571.117755943953,0,0,0,,,"held_out"
"bt_spawn_mad_p02","bt_spawn_mad_p05","spawn_mad_min",0.027,0.0085,"added","any","UARL","BT","removed","spawning","spawn",0,0,571.117755943953,0,,0,,,"held_out"
"bt_spawn_mad_p02","bt_spawn_mad_p05","spawn_mad_min",0.027,0.0085,"added","any","UBTN","BT","added","spawning","spawn",963.742369304633,0,863.845980928401,0,0,0,,,"held_out"
"bt_spawn_mad_p02","bt_spawn_mad_p05","spawn_mad_min",0.027,0.0085,"added","any","UBTN","BT","removed","spawning","spawn",0,0,863.845980928401,0,,0,,,"held_out"
"bt_spawn_mad_p02","bt_spawn_mad_p05","spawn_mad_min",0.027,0.0085,"added","any","ELKR","BT","added","spawning","rear",241.923643760313,0,1383.67186209951,0,0,0,,,"held_out"
"bt_spawn_mad_p02","bt_spawn_mad_p05","spawn_mad_min",0.027,0.0085,"added","any","ELKR","BT","removed","spawning","rear",0,0,1383.67186209951,0,,0,,,"held_out"
"bt_spawn_mad_p02","bt_spawn_mad_p05","spawn_mad_min",0.027,0.0085,"added","any","KOTL","BT","added","spawning","rear",113.796833092228,0,918.114821601784,0,0,0,,,"in_sample"
"bt_spawn_mad_p02","bt_spawn_mad_p05","spawn_mad_min",0.027,0.0085,"added","any","KOTL","BT","removed","spawning","rear",0,0,918.114821601784,0,,0,,,"in_sample"
"bt_spawn_mad_p02","bt_spawn_mad_p05","spawn_mad_min",0.027,0.0085,"added","any","KOTR","BT","added","spawning","rear",109.298528165033,0,840.009667853776,0,0,0,,,"held_out"
"bt_spawn_mad_p02","bt_spawn_mad_p05","spawn_mad_min",0.027,0.0085,"added","any","KOTR","BT","removed","spawning","rear",0,0,840.009667853776,0,,0,,,"held_out"
"bt_spawn_mad_p02","bt_spawn_mad_p05","spawn_mad_min",0.027,0.0085,"added","any","LHAF","BT","added","spawning","rear",355.930823553583,0,1086.40097377934,0,0,0,,,"held_out"
"bt_spawn_mad_p02","bt_spawn_mad_p05","spawn_mad_min",0.027,0.0085,"added","any","LHAF","BT","removed","spawning","rear",0,0,1086.40097377934,0,,0,,,"held_out"
"bt_spawn_mad_p02","bt_spawn_mad_p05","spawn_mad_min",0.027,0.0085,"added","any","MURR","BT","added","spawning","rear",395.649780342088,0,1209.23337732503,1,0,0.000826970226551405,0,,"held_out"
"bt_spawn_mad_p02","bt_spawn_mad_p05","spawn_mad_min",0.027,0.0085,"added","any","MURR","BT","removed","spawning","rear",0,0,1209.23337732503,1,,0.000826970226551405,,,"held_out"
"bt_spawn_mad_p02","bt_spawn_mad_p05","spawn_mad_min",0.027,0.0085,"added","any","PARS","BT","added","spawning","rear",509.876218685965,0,1566.01976352946,0,0,0,,,"in_sample"
"bt_spawn_mad_p02","bt_spawn_mad_p05","spawn_mad_min",0.027,0.0085,"added","any","PARS","BT","removed","spawning","rear",0,0,1566.01976352946,0,,0,,,"in_sample"
"bt_spawn_mad_p02","bt_spawn_mad_p05","spawn_mad_min",0.027,0.0085,"added","any","REVL","BT","added","spawning","rear",27.8787432361863,0,421.81304251374,0,0,0,,,"held_out"
"bt_spawn_mad_p02","bt_spawn_mad_p05","spawn_mad_min",0.027,0.0085,"added","any","REVL","BT","removed","spawning","rear",0,0,421.81304251374,0,,0,,,"held_out"
"bt_spawn_mad_p02","bt_spawn_mad_p05","spawn_mad_min",0.027,0.0085,"added","any","UARL","BT","added","spawning","rear",36.0233881119742,0,571.117755943953,0,0,0,,,"held_out"
"bt_spawn_mad_p02","bt_spawn_mad_p05","spawn_mad_min",0.027,0.0085,"added","any","UARL","BT","removed","spawning","rear",0,0,571.117755943953,0,,0,,,"held_out"
"bt_spawn_mad_p02","bt_spawn_mad_p05","spawn_mad_min",0.027,0.0085,"added","any","UBTN","BT","added","spawning","rear",963.742369304633,0,863.845980928401,0,0,0,,,"held_out"
"bt_spawn_mad_p02","bt_spawn_mad_p05","spawn_mad_min",0.027,0.0085,"added","any","UBTN","BT","removed","spawning","rear",0,0,863.845980928401,0,,0,,,"held_out"
"gr_rear_mad_p10","default","rear_mad_min",,0.97,"added","any","LHAF","GR","added","rearing","any",5.12919548572614,0,228.498230308731,8,0,0.0350112120745572,0,,"held_out"
"gr_rear_mad_p10","default","rear_mad_min",,0.97,"added","any","LHAF","GR","removed","rearing","any",1275.07790529512,87,228.498230308731,8,0.068231125046327,0.0350112120745572,1.94883641563243,,"held_out"
"gr_rear_mad_p10","default","rear_mad_min",,0.97,"added","any","MURR","GR","added","rearing","any",8.93409310302972,0,484.300282283715,56,0,0.11563073995318,0,,"held_out"
"gr_rear_mad_p10","default","rear_mad_min",,0.97,"added","any","MURR","GR","removed","rearing","any",643.81975237829,27,484.300282283715,56,0.0419372035422355,0.11563073995318,0.362682134173112,,"held_out"
"gr_rear_mad_p10","default","rear_mad_min",,0.97,"added","any","PARS","GR","added","rearing","any",11.189152136446,0,829.255740105179,188,0,0.226709314036409,0,,"in_sample"
"gr_rear_mad_p10","default","rear_mad_min",,0.97,"added","any","PARS","GR","removed","rearing","any",548.216328690736,2,829.255740105179,188,0.00364819487368509,0.226709314036409,0.0160919496809875,,"in_sample"
"gr_rear_mad_p10","default","rear_mad_min",,0.97,"added","any","UBTN","GR","added","rearing","any",0.0556700794765779,0,112.602923265765,3,0,0.0266422923401324,0,,"held_out"
"gr_rear_mad_p10","default","rear_mad_min",,0.97,"added","any","UBTN","GR","removed","rearing","any",1974.51010728469,44,112.602923265765,3,0.0222840084928752,0.0266422923401324,0.83641483279229,,"held_out"
"gr_rear_mad_p10","default","rear_mad_min",,0.97,"added","any","LHAF","GR","added","rearing","spawn",5.12919548572614,0,228.498230308731,0,0,0,,,"held_out"
"gr_rear_mad_p10","default","rear_mad_min",,0.97,"added","any","LHAF","GR","removed","rearing","spawn",1275.07790529512,0,228.498230308731,0,0,0,,,"held_out"
"gr_rear_mad_p10","default","rear_mad_min",,0.97,"added","any","MURR","GR","added","rearing","spawn",8.93409310302972,0,484.300282283715,1,0,0.00206483464202107,0,,"held_out"
"gr_rear_mad_p10","default","rear_mad_min",,0.97,"added","any","MURR","GR","removed","rearing","spawn",643.81975237829,0,484.300282283715,1,0,0.00206483464202107,0,,"held_out"
"gr_rear_mad_p10","default","rear_mad_min",,0.97,"added","any","PARS","GR","added","rearing","spawn",11.189152136446,0,829.255740105179,1,0,0.00120590060657664,0,,"in_sample"
"gr_rear_mad_p10","default","rear_mad_min",,0.97,"added","any","PARS","GR","removed","rearing","spawn",548.216328690736,0,829.255740105179,1,0,0.00120590060657664,0,,"in_sample"
"gr_rear_mad_p10","default","rear_mad_min",,0.97,"added","any","UBTN","GR","added","rearing","spawn",0.0556700794765779,0,112.602923265765,0,0,0,,,"held_out"
"gr_rear_mad_p10","default","rear_mad_min",,0.97,"added","any","UBTN","GR","removed","rearing","spawn",1974.51010728469,0,112.602923265765,0,0,0,,,"held_out"
"gr_rear_mad_p10","default","rear_mad_min",,0.97,"added","any","LHAF","GR","added","rearing","rear",5.12919548572614,0,228.498230308731,1,0,0.00437640150931965,0,,"held_out"
"gr_rear_mad_p10","default","rear_mad_min",,0.97,"added","any","LHAF","GR","removed","rearing","rear",1275.07790529512,9,228.498230308731,1,0.00705839224617175,0.00437640150931965,1.61283013707511,,"held_out"
"gr_rear_mad_p10","default","rear_mad_min",,0.97,"added","any","MURR","GR","added","rearing","rear",8.93409310302972,0,484.300282283715,6,0,0.0123890078521264,0,,"held_out"
"gr_rear_mad_p10","default","rear_mad_min",,0.97,"added","any","MURR","GR","removed","rearing","rear",643.81975237829,6,484.300282283715,6,0.00931937856494121,0.0123890078521264,0.752229611618306,,"held_out"
"gr_rear_mad_p10","default","rear_mad_min",,0.97,"added","any","PARS","GR","added","rearing","rear",11.189152136446,0,829.255740105179,96,0,0.115766458231358,0,,"in_sample"
"gr_rear_mad_p10","default","rear_mad_min",,0.97,"added","any","PARS","GR","removed","rearing","rear",548.216328690736,1,829.255740105179,96,0.00182409743684254,0.115766458231358,0.0157567007293002,,"in_sample"
"gr_rear_mad_p10","default","rear_mad_min",,0.97,"added","any","UBTN","GR","added","rearing","rear",0.0556700794765779,0,112.602923265765,1,0,0.00888076411337748,0,,"held_out"
"gr_rear_mad_p10","default","rear_mad_min",,0.97,"added","any","UBTN","GR","removed","rearing","rear",1974.51010728469,19,112.602923265765,1,0.00962264003101429,0.00888076411337748,1.08353739702638,,"held_out"
"gr_rear_mad_p05","gr_rear_mad_p10","rear_mad_min",0.97,0.095,"added","any","LHAF","GR","added","rearing","any",512.04324370093,16,228.498230308731,8,0.0312473608368616,0.0350112120745572,0.892495831630152,,"held_out"
"gr_rear_mad_p05","gr_rear_mad_p10","rear_mad_min",0.97,0.095,"added","any","LHAF","GR","removed","rearing","any",0,0,228.498230308731,8,,0.0350112120745572,,,"held_out"
"gr_rear_mad_p05","gr_rear_mad_p10","rear_mad_min",0.97,0.095,"added","any","MURR","GR","added","rearing","any",326.272697280051,23,484.300282283715,56,0.0704931800660548,0.11563073995318,0.609640482233341,,"held_out"
"gr_rear_mad_p05","gr_rear_mad_p10","rear_mad_min",0.97,0.095,"added","any","MURR","GR","removed","rearing","any",0,0,484.300282283715,56,,0.11563073995318,,,"held_out"
"gr_rear_mad_p05","gr_rear_mad_p10","rear_mad_min",0.97,0.095,"added","any","PARS","GR","added","rearing","any",410.859589815812,1,829.255740105179,188,0.00243392152644727,0.226709314036409,0.0107358691317657,,"in_sample"
"gr_rear_mad_p05","gr_rear_mad_p10","rear_mad_min",0.97,0.095,"added","any","PARS","GR","removed","rearing","any",0,0,829.255740105179,188,,0.226709314036409,,,"in_sample"
"gr_rear_mad_p05","gr_rear_mad_p10","rear_mad_min",0.97,0.095,"added","any","UBTN","GR","added","rearing","any",684.349569992502,18,112.602923265765,3,0.0263023472056791,0.0266422923401324,0.987240394703527,,"held_out"
"gr_rear_mad_p05","gr_rear_mad_p10","rear_mad_min",0.97,0.095,"added","any","UBTN","GR","removed","rearing","any",0,0,112.602923265765,3,,0.0266422923401324,,,"held_out"
"gr_rear_mad_p05","gr_rear_mad_p10","rear_mad_min",0.97,0.095,"added","any","LHAF","GR","added","rearing","spawn",512.04324370093,0,228.498230308731,0,0,0,,,"held_out"
"gr_rear_mad_p05","gr_rear_mad_p10","rear_mad_min",0.97,0.095,"added","any","LHAF","GR","removed","rearing","spawn",0,0,228.498230308731,0,,0,,,"held_out"
"gr_rear_mad_p05","gr_rear_mad_p10","rear_mad_min",0.97,0.095,"added","any","MURR","GR","added","rearing","spawn",326.272697280051,0,484.300282283715,1,0,0.00206483464202107,0,,"held_out"
"gr_rear_mad_p05","gr_rear_mad_p10","rear_mad_min",0.97,0.095,"added","any","MURR","GR","removed","rearing","spawn",0,0,484.300282283715,1,,0.00206483464202107,,,"held_out"
"gr_rear_mad_p05","gr_rear_mad_p10","rear_mad_min",0.97,0.095,"added","any","PARS","GR","added","rearing","spawn",410.859589815812,0,829.255740105179,1,0,0.00120590060657664,0,,"in_sample"
"gr_rear_mad_p05","gr_rear_mad_p10","rear_mad_min",0.97,0.095,"added","any","PARS","GR","removed","rearing","spawn",0,0,829.255740105179,1,,0.00120590060657664,,,"in_sample"
"gr_rear_mad_p05","gr_rear_mad_p10","rear_mad_min",0.97,0.095,"added","any","UBTN","GR","added","rearing","spawn",684.349569992502,0,112.602923265765,0,0,0,,,"held_out"
"gr_rear_mad_p05","gr_rear_mad_p10","rear_mad_min",0.97,0.095,"added","any","UBTN","GR","removed","rearing","spawn",0,0,112.602923265765,0,,0,,,"held_out"
"gr_rear_mad_p05","gr_rear_mad_p10","rear_mad_min",0.97,0.095,"added","any","LHAF","GR","added","rearing","rear",512.04324370093,4,228.498230308731,1,0.00781184020921539,0.00437640150931965,1.7849916632603,,"held_out"
"gr_rear_mad_p05","gr_rear_mad_p10","rear_mad_min",0.97,0.095,"added","any","LHAF","GR","removed","rearing","rear",0,0,228.498230308731,1,,0.00437640150931965,,,"held_out"
"gr_rear_mad_p05","gr_rear_mad_p10","rear_mad_min",0.97,0.095,"added","any","MURR","GR","added","rearing","rear",326.272697280051,3,484.300282283715,6,0.0091947626173115,0.0123890078521264,0.742171021849285,,"held_out"
"gr_rear_mad_p05","gr_rear_mad_p10","rear_mad_min",0.97,0.095,"added","any","MURR","GR","removed","rearing","rear",0,0,484.300282283715,6,,0.0123890078521264,,,"held_out"
"gr_rear_mad_p05","gr_rear_mad_p10","rear_mad_min",0.97,0.095,"added","any","PARS","GR","added","rearing","rear",410.859589815812,0,829.255740105179,96,0,0.115766458231358,0,,"in_sample"
"gr_rear_mad_p05","gr_rear_mad_p10","rear_mad_min",0.97,0.095,"added","any","PARS","GR","removed","rearing","rear",0,0,829.255740105179,96,,0.115766458231358,,,"in_sample"
"gr_rear_mad_p05","gr_rear_mad_p10","rear_mad_min",0.97,0.095,"added","any","UBTN","GR","added","rearing","rear",684.349569992502,6,112.602923265765,1,0.0087674490685597,0.00888076411337748,0.987240394703527,,"held_out"
"gr_rear_mad_p05","gr_rear_mad_p10","rear_mad_min",0.97,0.095,"added","any","UBTN","GR","removed","rearing","rear",0,0,112.602923265765,1,,0.00888076411337748,,,"held_out"
"gr_rear_mad_p02","gr_rear_mad_p05","rear_mad_min",0.095,0.0026,"added","any","LHAF","GR","added","rearing","any",625.259419927922,9,228.498230308731,8,0.0143940254447306,0.0350112120745572,0.411126167642473,,"held_out"
"gr_rear_mad_p02","gr_rear_mad_p05","rear_mad_min",0.095,0.0026,"added","any","LHAF","GR","removed","rearing","any",0,0,228.498230308731,8,,0.0350112120745572,,,"held_out"
"gr_rear_mad_p02","gr_rear_mad_p05","rear_mad_min",0.095,0.0026,"added","any","MURR","GR","added","rearing","any",416.164878954718,4,484.300282283715,56,0.00961157512870093,0.11563073995318,0.0831230097860892,,"held_out"
"gr_rear_mad_p02","gr_rear_mad_p05","rear_mad_min",0.095,0.0026,"added","any","MURR","GR","removed","rearing","any",0,0,484.300282283715,56,,0.11563073995318,,,"held_out"
"gr_rear_mad_p02","gr_rear_mad_p05","rear_mad_min",0.095,0.0026,"added","any","PARS","GR","added","rearing","any",591.942089371756,0,829.255740105179,188,0,0.226709314036409,0,,"in_sample"
"gr_rear_mad_p02","gr_rear_mad_p05","rear_mad_min",0.095,0.0026,"added","any","PARS","GR","removed","rearing","any",0,0,829.255740105179,188,,0.226709314036409,,,"in_sample"
"gr_rear_mad_p02","gr_rear_mad_p05","rear_mad_min",0.095,0.0026,"added","any","UBTN","GR","added","rearing","any",1632.00544128859,23,112.602923265765,3,0.0140930902668068,0.0266422923401324,0.528974387296913,,"held_out"
"gr_rear_mad_p02","gr_rear_mad_p05","rear_mad_min",0.095,0.0026,"added","any","UBTN","GR","removed","rearing","any",0,0,112.602923265765,3,,0.0266422923401324,,,"held_out"
"gr_rear_mad_p02","gr_rear_mad_p05","rear_mad_min",0.095,0.0026,"added","any","LHAF","GR","added","rearing","spawn",625.259419927922,0,228.498230308731,0,0,0,,,"held_out"
"gr_rear_mad_p02","gr_rear_mad_p05","rear_mad_min",0.095,0.0026,"added","any","LHAF","GR","removed","rearing","spawn",0,0,228.498230308731,0,,0,,,"held_out"
"gr_rear_mad_p02","gr_rear_mad_p05","rear_mad_min",0.095,0.0026,"added","any","MURR","GR","added","rearing","spawn",416.164878954718,0,484.300282283715,1,0,0.00206483464202107,0,,"held_out"
"gr_rear_mad_p02","gr_rear_mad_p05","rear_mad_min",0.095,0.0026,"added","any","MURR","GR","removed","rearing","spawn",0,0,484.300282283715,1,,0.00206483464202107,,,"held_out"
"gr_rear_mad_p02","gr_rear_mad_p05","rear_mad_min",0.095,0.0026,"added","any","PARS","GR","added","rearing","spawn",591.942089371756,0,829.255740105179,1,0,0.00120590060657664,0,,"in_sample"
"gr_rear_mad_p02","gr_rear_mad_p05","rear_mad_min",0.095,0.0026,"added","any","PARS","GR","removed","rearing","spawn",0,0,829.255740105179,1,,0.00120590060657664,,,"in_sample"
"gr_rear_mad_p02","gr_rear_mad_p05","rear_mad_min",0.095,0.0026,"added","any","UBTN","GR","added","rearing","spawn",1632.00544128859,0,112.602923265765,0,0,0,,,"held_out"
"gr_rear_mad_p02","gr_rear_mad_p05","rear_mad_min",0.095,0.0026,"added","any","UBTN","GR","removed","rearing","spawn",0,0,112.602923265765,0,,0,,,"held_out"
"gr_rear_mad_p02","gr_rear_mad_p05","rear_mad_min",0.095,0.0026,"added","any","LHAF","GR","added","rearing","rear",625.259419927922,3,228.498230308731,1,0.00479800848157686,0.00437640150931965,1.09633644704659,,"held_out"
"gr_rear_mad_p02","gr_rear_mad_p05","rear_mad_min",0.095,0.0026,"added","any","LHAF","GR","removed","rearing","rear",0,0,228.498230308731,1,,0.00437640150931965,,,"held_out"
"gr_rear_mad_p02","gr_rear_mad_p05","rear_mad_min",0.095,0.0026,"added","any","MURR","GR","added","rearing","rear",416.164878954718,3,484.300282283715,6,0.0072086813465257,0.0123890078521264,0.581861068502625,,"held_out"
"gr_rear_mad_p02","gr_rear_mad_p05","rear_mad_min",0.095,0.0026,"added","any","MURR","GR","removed","rearing","rear",0,0,484.300282283715,6,,0.0123890078521264,,,"held_out"
"gr_rear_mad_p02","gr_rear_mad_p05","rear_mad_min",0.095,0.0026,"added","any","PARS","GR","added","rearing","rear",591.942089371756,0,829.255740105179,96,0,0.115766458231358,0,,"in_sample"
"gr_rear_mad_p02","gr_rear_mad_p05","rear_mad_min",0.095,0.0026,"added","any","PARS","GR","removed","rearing","rear",0,0,829.255740105179,96,,0.115766458231358,,,"in_sample"
"gr_rear_mad_p02","gr_rear_mad_p05","rear_mad_min",0.095,0.0026,"added","any","UBTN","GR","added","rearing","rear",1632.00544128859,13,112.602923265765,1,0.00796565971602124,0.00888076411337748,0.896956569764331,,"held_out"
"gr_rear_mad_p02","gr_rear_mad_p05","rear_mad_min",0.095,0.0026,"added","any","UBTN","GR","removed","rearing","rear",0,0,112.602923265765,1,,0.00888076411337748,,,"held_out"
"gr_spawn_mad_p10","default","spawn_mad_min",,0.96,"added","any","LHAF","GR","added","spawning","any",3.47890763360877,0,220.069258335462,8,0,0.0363521923075927,0,,"held_out"
"gr_spawn_mad_p10","default","spawn_mad_min",,0.96,"added","any","LHAF","GR","removed","spawning","any",770.90408010041,80,220.069258335462,8,0.10377425942483,0.0363521923075927,2.85469053824177,,"held_out"
"gr_spawn_mad_p10","default","spawn_mad_min",,0.96,"added","any","MURR","GR","added","spawning","any",9.27420576314629,0,477.552359308128,56,0,0.117264628492532,0,,"held_out"
"gr_spawn_mad_p10","default","spawn_mad_min",,0.96,"added","any","MURR","GR","removed","spawning","any",331.226155619091,24,477.552359308128,56,0.0724580459388597,0.117264628492532,0.617901978374271,,"held_out"
"gr_spawn_mad_p10","default","spawn_mad_min",,0.96,"added","any","PARS","GR","added","spawning","any",11.0338053984073,0,800.147679624668,185,0,0.231207319237343,0,,"in_sample"
"gr_spawn_mad_p10","default","spawn_mad_min",,0.96,"added","any","PARS","GR","removed","spawning","any",194.745126154856,1,800.147679624668,185,0.00513491669724678,0.231207319237343,0.0222091442182052,,"in_sample"
"gr_spawn_mad_p10","default","spawn_mad_min",,0.96,"added","any","UBTN","GR","added","spawning","any",0.0556700794765779,0,115.87061401196,3,0,0.0258909476365624,0,,"held_out"
"gr_spawn_mad_p10","default","spawn_mad_min",,0.96,"added","any","UBTN","GR","removed","spawning","any",1138.84874031229,31,115.87061401196,3,0.0272204717823188,0.0258909476365624,1.05135092637084,,"held_out"
"gr_spawn_mad_p10","default","spawn_mad_min",,0.96,"added","any","LHAF","GR","added","spawning","spawn",3.47890763360877,0,220.069258335462,0,0,0,,,"held_out"
"gr_spawn_mad_p10","default","spawn_mad_min",,0.96,"added","any","LHAF","GR","removed","spawning","spawn",770.90408010041,0,220.069258335462,0,0,0,,,"held_out"
"gr_spawn_mad_p10","default","spawn_mad_min",,0.96,"added","any","MURR","GR","added","spawning","spawn",9.27420576314629,0,477.552359308128,1,0,0.00209401122308094,0,,"held_out"
"gr_spawn_mad_p10","default","spawn_mad_min",,0.96,"added","any","MURR","GR","removed","spawning","spawn",331.226155619091,0,477.552359308128,1,0,0.00209401122308094,0,,"held_out"
"gr_spawn_mad_p10","default","spawn_mad_min",,0.96,"added","any","PARS","GR","added","spawning","spawn",11.0338053984073,0,800.147679624668,1,0,0.00124976929317483,0,,"in_sample"
"gr_spawn_mad_p10","default","spawn_mad_min",,0.96,"added","any","PARS","GR","removed","spawning","spawn",194.745126154856,0,800.147679624668,1,0,0.00124976929317483,0,,"in_sample"
"gr_spawn_mad_p10","default","spawn_mad_min",,0.96,"added","any","UBTN","GR","added","spawning","spawn",0.0556700794765779,0,115.87061401196,0,0,0,,,"held_out"
"gr_spawn_mad_p10","default","spawn_mad_min",,0.96,"added","any","UBTN","GR","removed","spawning","spawn",1138.84874031229,0,115.87061401196,0,0,0,,,"held_out"
"gr_spawn_mad_p10","default","spawn_mad_min",,0.96,"added","any","LHAF","GR","added","spawning","rear",3.47890763360877,0,220.069258335462,1,0,0.00454402403844908,0,,"held_out"
"gr_spawn_mad_p10","default","spawn_mad_min",,0.96,"added","any","LHAF","GR","removed","spawning","rear",770.90408010041,4,220.069258335462,1,0.00518871297124151,0.00454402403844908,1.14187621529671,,"held_out"
"gr_spawn_mad_p10","default","spawn_mad_min",,0.96,"added","any","MURR","GR","added","spawning","rear",9.27420576314629,0,477.552359308128,6,0,0.0125640673384856,0,,"held_out"
"gr_spawn_mad_p10","default","spawn_mad_min",,0.96,"added","any","MURR","GR","removed","spawning","rear",331.226155619091,6,477.552359308128,6,0.0181145114847149,0.0125640673384856,1.4417712828733,,"held_out"
"gr_spawn_mad_p10","default","spawn_mad_min",,0.96,"added","any","PARS","GR","added","spawning","rear",11.0338053984073,0,800.147679624668,96,0,0.119977852144784,0,,"in_sample"
"gr_spawn_mad_p10","default","spawn_mad_min",,0.96,"added","any","PARS","GR","removed","spawning","rear",194.745126154856,1,800.147679624668,96,0.00513491669724678,0.119977852144784,0.0427988716704997,,"in_sample"
"gr_spawn_mad_p10","default","spawn_mad_min",,0.96,"added","any","UBTN","GR","added","spawning","rear",0.0556700794765779,0,115.87061401196,1,0,0.00863031587885415,0,,"held_out"
"gr_spawn_mad_p10","default","spawn_mad_min",,0.96,"added","any","UBTN","GR","removed","spawning","rear",1138.84874031229,12,115.87061401196,1,0.0105369568189621,0.00863031587885415,1.22092365643065,,"held_out"
"gr_spawn_mad_p05","gr_spawn_mad_p10","spawn_mad_min",0.96,0.095,"added","any","LHAF","GR","added","spawning","any",453.506113273094,14,220.069258335462,8,0.0308705871657554,0.0363521923075927,0.849208402743503,,"held_out"
"gr_spawn_mad_p05","gr_spawn_mad_p10","spawn_mad_min",0.96,0.095,"added","any","LHAF","GR","removed","spawning","any",0,0,220.069258335462,8,,0.0363521923075927,,,"held_out"
"gr_spawn_mad_p05","gr_spawn_mad_p10","spawn_mad_min",0.96,0.095,"added","any","MURR","GR","added","spawning","any",255.223846760817,20,477.552359308128,56,0.0783625834883016,0.117264628492532,0.668254225469975,,"held_out"
"gr_spawn_mad_p05","gr_spawn_mad_p10","spawn_mad_min",0.96,0.095,"added","any","MURR","GR","removed","spawning","any",0,0,477.552359308128,56,,0.117264628492532,,,"held_out"
"gr_spawn_mad_p05","gr_spawn_mad_p10","spawn_mad_min",0.96,0.095,"added","any","PARS","GR","added","spawning","any",274.600101222564,0,800.147679624667,185,0,0.231207319237343,0,,"in_sample"
"gr_spawn_mad_p05","gr_spawn_mad_p10","spawn_mad_min",0.96,0.095,"added","any","PARS","GR","removed","spawning","any",0,0,800.147679624667,185,,0.231207319237343,,,"in_sample"
"gr_spawn_mad_p05","gr_spawn_mad_p10","spawn_mad_min",0.96,0.095,"added","any","UBTN","GR","added","spawning","any",669.110893633632,18,115.87061401196,3,0.026901370417466,0.0258909476365624,1.03902610267832,,"held_out"
"gr_spawn_mad_p05","gr_spawn_mad_p10","spawn_mad_min",0.96,0.095,"added","any","UBTN","GR","removed","spawning","any",0,0,115.87061401196,3,,0.0258909476365624,,,"held_out"
"gr_spawn_mad_p05","gr_spawn_mad_p10","spawn_mad_min",0.96,0.095,"added","any","LHAF","GR","added","spawning","spawn",453.506113273094,0,220.069258335462,0,0,0,,,"held_out"
"gr_spawn_mad_p05","gr_spawn_mad_p10","spawn_mad_min",0.96,0.095,"added","any","LHAF","GR","removed","spawning","spawn",0,0,220.069258335462,0,,0,,,"held_out"
"gr_spawn_mad_p05","gr_spawn_mad_p10","spawn_mad_min",0.96,0.095,"added","any","MURR","GR","added","spawning","spawn",255.223846760817,0,477.552359308128,1,0,0.00209401122308094,0,,"held_out"
"gr_spawn_mad_p05","gr_spawn_mad_p10","spawn_mad_min",0.96,0.095,"added","any","MURR","GR","removed","spawning","spawn",0,0,477.552359308128,1,,0.00209401122308094,,,"held_out"
"gr_spawn_mad_p05","gr_spawn_mad_p10","spawn_mad_min",0.96,0.095,"added","any","PARS","GR","added","spawning","spawn",274.600101222564,0,800.147679624667,1,0,0.00124976929317483,0,,"in_sample"
"gr_spawn_mad_p05","gr_spawn_mad_p10","spawn_mad_min",0.96,0.095,"added","any","PARS","GR","removed","spawning","spawn",0,0,800.147679624667,1,,0.00124976929317483,,,"in_sample"
"gr_spawn_mad_p05","gr_spawn_mad_p10","spawn_mad_min",0.96,0.095,"added","any","UBTN","GR","added","spawning","spawn",669.110893633632,0,115.87061401196,0,0,0,,,"held_out"
"gr_spawn_mad_p05","gr_spawn_mad_p10","spawn_mad_min",0.96,0.095,"added","any","UBTN","GR","removed","spawning","spawn",0,0,115.87061401196,0,,0,,,"held_out"
"gr_spawn_mad_p05","gr_spawn_mad_p10","spawn_mad_min",0.96,0.095,"added","any","LHAF","GR","added","spawning","rear",453.506113273094,3,220.069258335462,1,0.00661512582123331,0.00454402403844908,1.45578583327458,,"held_out"
"gr_spawn_mad_p05","gr_spawn_mad_p10","spawn_mad_min",0.96,0.095,"added","any","LHAF","GR","removed","spawning","rear",0,0,220.069258335462,1,,0.00454402403844908,,,"held_out"
"gr_spawn_mad_p05","gr_spawn_mad_p10","spawn_mad_min",0.96,0.095,"added","any","MURR","GR","added","spawning","rear",255.223846760817,3,477.552359308128,6,0.0117543875232452,0.0125640673384856,0.935555915657965,,"held_out"
"gr_spawn_mad_p05","gr_spawn_mad_p10","spawn_mad_min",0.96,0.095,"added","any","MURR","GR","removed","spawning","rear",0,0,477.552359308128,6,,0.0125640673384856,,,"held_out"
"gr_spawn_mad_p05","gr_spawn_mad_p10","spawn_mad_min",0.96,0.095,"added","any","PARS","GR","added","spawning","rear",274.600101222564,0,800.147679624667,96,0,0.119977852144784,0,,"in_sample"
"gr_spawn_mad_p05","gr_spawn_mad_p10","spawn_mad_min",0.96,0.095,"added","any","PARS","GR","removed","spawning","rear",0,0,800.147679624667,96,,0.119977852144784,,,"in_sample"
"gr_spawn_mad_p05","gr_spawn_mad_p10","spawn_mad_min",0.96,0.095,"added","any","UBTN","GR","added","spawning","rear",669.110893633632,6,115.87061401196,1,0.00896712347248866,0.00863031587885415,1.03902610267832,,"held_out"
"gr_spawn_mad_p05","gr_spawn_mad_p10","spawn_mad_min",0.96,0.095,"added","any","UBTN","GR","removed","spawning","rear",0,0,115.87061401196,1,,0.00863031587885415,,,"held_out"
"gr_spawn_mad_p02","gr_spawn_mad_p05","spawn_mad_min",0.095,0.0025,"added","any","LHAF","GR","added","spawning","any",651.290359540134,9,220.069258335462,8,0.0138187213554869,0.0363521923075927,0.380134469980802,,"held_out"
"gr_spawn_mad_p02","gr_spawn_mad_p05","spawn_mad_min",0.095,0.0025,"added","any","LHAF","GR","removed","spawning","any",0,0,220.069258335462,8,,0.0363521923075927,,,"held_out"
"gr_spawn_mad_p02","gr_spawn_mad_p05","spawn_mad_min",0.095,0.0025,"added","any","MURR","GR","added","spawning","any",393.735398396051,4,477.552359308128,56,0.0101591068933469,0.117264628492532,0.0866340261675225,,"held_out"
"gr_spawn_mad_p02","gr_spawn_mad_p05","spawn_mad_min",0.095,0.0025,"added","any","MURR","GR","removed","spawning","any",0,0,477.552359308128,56,,0.117264628492532,,,"held_out"
"gr_spawn_mad_p02","gr_spawn_mad_p05","spawn_mad_min",0.095,0.0025,"added","any","PARS","GR","added","spawning","any",490.41960968924,0,800.147679624668,185,0,0.231207319237343,0,,"in_sample"
"gr_spawn_mad_p02","gr_spawn_mad_p05","spawn_mad_min",0.095,0.0025,"added","any","PARS","GR","removed","spawning","any",0,0,800.147679624668,185,,0.231207319237343,,,"in_sample"
"gr_spawn_mad_p02","gr_spawn_mad_p05","spawn_mad_min",0.095,0.0025,"added","any","UBTN","GR","added","spawning","any",1785.21094367104,20,115.87061401196,3,0.0112031578514037,0.0258909476365624,0.432705593038354,,"held_out"
"gr_spawn_mad_p02","gr_spawn_mad_p05","spawn_mad_min",0.095,0.0025,"added","any","UBTN","GR","removed","spawning","any",0,0,115.87061401196,3,,0.0258909476365624,,,"held_out"
"gr_spawn_mad_p02","gr_spawn_mad_p05","spawn_mad_min",0.095,0.0025,"added","any","LHAF","GR","added","spawning","spawn",651.290359540134,0,220.069258335462,0,0,0,,,"held_out"
"gr_spawn_mad_p02","gr_spawn_mad_p05","spawn_mad_min",0.095,0.0025,"added","any","LHAF","GR","removed","spawning","spawn",0,0,220.069258335462,0,,0,,,"held_out"
"gr_spawn_mad_p02","gr_spawn_mad_p05","spawn_mad_min",0.095,0.0025,"added","any","MURR","GR","added","spawning","spawn",393.735398396051,0,477.552359308128,1,0,0.00209401122308094,0,,"held_out"
"gr_spawn_mad_p02","gr_spawn_mad_p05","spawn_mad_min",0.095,0.0025,"added","any","MURR","GR","removed","spawning","spawn",0,0,477.552359308128,1,,0.00209401122308094,,,"held_out"
"gr_spawn_mad_p02","gr_spawn_mad_p05","spawn_mad_min",0.095,0.0025,"added","any","PARS","GR","added","spawning","spawn",490.41960968924,0,800.147679624668,1,0,0.00124976929317483,0,,"in_sample"
"gr_spawn_mad_p02","gr_spawn_mad_p05","spawn_mad_min",0.095,0.0025,"added","any","PARS","GR","removed","spawning","spawn",0,0,800.147679624668,1,,0.00124976929317483,,,"in_sample"
"gr_spawn_mad_p02","gr_spawn_mad_p05","spawn_mad_min",0.095,0.0025,"added","any","UBTN","GR","added","spawning","spawn",1785.21094367104,0,115.87061401196,0,0,0,,,"held_out"
"gr_spawn_mad_p02","gr_spawn_mad_p05","spawn_mad_min",0.095,0.0025,"added","any","UBTN","GR","removed","spawning","spawn",0,0,115.87061401196,0,,0,,,"held_out"
"gr_spawn_mad_p02","gr_spawn_mad_p05","spawn_mad_min",0.095,0.0025,"added","any","LHAF","GR","added","spawning","rear",651.290359540134,4,220.069258335462,1,0.00614165393577197,0.00454402403844908,1.35158922659841,,"held_out"
"gr_spawn_mad_p02","gr_spawn_mad_p05","spawn_mad_min",0.095,0.0025,"added","any","LHAF","GR","removed","spawning","rear",0,0,220.069258335462,1,,0.00454402403844908,,,"held_out"
"gr_spawn_mad_p02","gr_spawn_mad_p05","spawn_mad_min",0.095,0.0025,"added","any","MURR","GR","added","spawning","rear",393.735398396051,3,477.552359308128,6,0.00761933017001015,0.0125640673384856,0.606438183172658,,"held_out"
"gr_spawn_mad_p02","gr_spawn_mad_p05","spawn_mad_min",0.095,0.0025,"added","any","MURR","GR","removed","spawning","rear",0,0,477.552359308128,6,,0.0125640673384856,,,"held_out"
"gr_spawn_mad_p02","gr_spawn_mad_p05","spawn_mad_min",0.095,0.0025,"added","any","PARS","GR","added","spawning","rear",490.41960968924,0,800.147679624668,96,0,0.119977852144784,0,,"in_sample"
"gr_spawn_mad_p02","gr_spawn_mad_p05","spawn_mad_min",0.095,0.0025,"added","any","PARS","GR","removed","spawning","rear",0,0,800.147679624668,96,,0.119977852144784,,,"in_sample"
"gr_spawn_mad_p02","gr_spawn_mad_p05","spawn_mad_min",0.095,0.0025,"added","any","UBTN","GR","added","spawning","rear",1785.21094367104,11,115.87061401196,1,0.00616173681827204,0.00863031587885415,0.713964228513284,,"held_out"
"gr_spawn_mad_p02","gr_spawn_mad_p05","spawn_mad_min",0.095,0.0025,"added","any","UBTN","GR","removed","spawning","rear",0,0,115.87061401196,1,,0.00863031587885415,,,"held_out"
"rb_rear_mad_p10","default","rear_mad_min",,0.019,"added","any","ELKR","RB","added","rearing","any",92.3180313633178,0,1823.74445026058,33,0,0.0180946403950866,0,,"held_out"
"rb_rear_mad_p10","default","rear_mad_min",,0.019,"added","any","ELKR","RB","removed","rearing","any",79.1214600925243,0,1823.74445026058,33,0,0.0180946403950866,0,,"held_out"
"rb_rear_mad_p10","default","rear_mad_min",,0.019,"added","any","KETL","RB","added","rearing","any",211.973523708057,5,2281.56207699639,280,0.0235878515039751,0.122722937422159,0.192204098104614,,"held_out"
"rb_rear_mad_p10","default","rear_mad_min",,0.019,"added","any","KETL","RB","removed","rearing","any",220.807462278691,24,2281.56207699639,280,0.108691978759796,0.122722937422159,0.885669631471599,,"held_out"
"rb_rear_mad_p10","default","rear_mad_min",,0.019,"added","any","KOTL","RB","added","rearing","any",122.083358885065,2,1520.51786078045,210,0.0163822491309638,0.138110840665963,0.118616678111359,,"in_sample"
"rb_rear_mad_p10","default","rear_mad_min",,0.019,"added","any","KOTL","RB","removed","rearing","any",114.862657429096,27,1520.51786078045,210,0.235063340900561,0.138110840665963,1.70199051549536,,"in_sample"
"rb_rear_mad_p10","default","rear_mad_min",,0.019,"added","any","KOTR","RB","added","rearing","any",25.4279959623514,1,652.757760288362,23,0.0393267326878845,0.0352351230414166,1.11612304125229,,"held_out"
"rb_rear_mad_p10","default","rear_mad_min",,0.019,"added","any","KOTR","RB","removed","rearing","any",14.9019097099948,0,652.757760288362,23,0,0.0352351230414166,0,,"held_out"
"rb_rear_mad_p10","default","rear_mad_min",,0.019,"added","any","OKAN","RB","added","rearing","any",71.0354619113296,2,1379.66972217062,373,0.0281549517126602,0.270354559505128,0.104140842914566,,"held_out"
"rb_rear_mad_p10","default","rear_mad_min",,0.019,"added","any","OKAN","RB","removed","rearing","any",257.902694769195,17,1379.66972217062,373,0.0659163333489547,0.270354559505128,0.24381439495458,,"held_out"
"rb_rear_mad_p10","default","rear_mad_min",,0.019,"added","any","PARS","RB","added","rearing","any",329.825022729322,5,2770.47244497983,237,0.0151595532644088,0.0855449764279194,0.177211496190922,,"in_sample"
"rb_rear_mad_p10","default","rear_mad_min",,0.019,"added","any","PARS","RB","removed","rearing","any",28.7176911600348,5,2770.47244497983,237,0.174108704357065,0.0855449764279194,2.035288471951,,"in_sample"
"rb_rear_mad_p10","default","rear_mad_min",,0.019,"added","any","REVL","RB","added","rearing","any",2.85652696182138,7,8.06052696420573,19,2.45052824410824,2.35716598733222,1.03960784148327,,"held_out"
"rb_rear_mad_p10","default","rear_mad_min",,0.019,"added","any","REVL","RB","removed","rearing","any",7.96751045479245,70,8.06052696420573,19,8.78568034484286,2.35716598733222,3.72722175360517,,"held_out"
"rb_rear_mad_p10","default","rear_mad_min",,0.019,"added","any","SIML","RB","added","rearing","any",96.455212453352,4,1675.64879973594,320,0.0414700242553972,0.190970804890875,0.217153738651802,,"held_out"
"rb_rear_mad_p10","default","rear_mad_min",,0.019,"added","any","SIML","RB","removed","rearing","any",283.782290874415,12,1675.64879973594,320,0.0422859367405364,0.190970804890875,0.221426184828092,,"held_out"
"rb_rear_mad_p10","default","rear_mad_min",,0.019,"added","any","ELKR","RB","added","rearing","spawn",92.3180313633178,0,1823.74445026058,0,0,0,,,"held_out"
"rb_rear_mad_p10","default","rear_mad_min",,0.019,"added","any","ELKR","RB","removed","rearing","spawn",79.1214600925243,0,1823.74445026058,0,0,0,,,"held_out"
"rb_rear_mad_p10","default","rear_mad_min",,0.019,"added","any","KETL","RB","added","rearing","spawn",211.973523708057,1,2281.56207699639,29,0.00471757030079503,0.0127105899472951,0.37115274116753,,"held_out"
"rb_rear_mad_p10","default","rear_mad_min",,0.019,"added","any","KETL","RB","removed","rearing","spawn",220.807462278691,0,2281.56207699639,29,0,0.0127105899472951,0,,"held_out"
"rb_rear_mad_p10","default","rear_mad_min",,0.019,"added","any","KOTL","RB","added","rearing","spawn",122.083358885065,0,1520.51786078045,11,0,0.00723437736821713,0,,"in_sample"
"rb_rear_mad_p10","default","rear_mad_min",,0.019,"added","any","KOTL","RB","removed","rearing","spawn",114.862657429096,1,1520.51786078045,11,0.00870604966298373,0.00723437736821713,1.20342763721894,,"in_sample"
"rb_rear_mad_p10","default","rear_mad_min",,0.019,"added","any","KOTR","RB","added","rearing","spawn",25.4279959623514,0,652.757760288362,0,0,0,,,"held_out"
"rb_rear_mad_p10","default","rear_mad_min",,0.019,"added","any","KOTR","RB","removed","rearing","spawn",14.9019097099948,0,652.757760288362,0,0,0,,,"held_out"
"rb_rear_mad_p10","default","rear_mad_min",,0.019,"added","any","OKAN","RB","added","rearing","spawn",71.0354619113296,0,1379.66972217062,20,0,0.0144962230297655,0,,"held_out"
"rb_rear_mad_p10","default","rear_mad_min",,0.019,"added","any","OKAN","RB","removed","rearing","spawn",257.902694769195,1,1379.66972217062,20,0.00387743137346792,0.0144962230297655,0.267478733288407,,"held_out"
"rb_rear_mad_p10","default","rear_mad_min",,0.019,"added","any","PARS","RB","added","rearing","spawn",329.825022729322,0,2770.47244497983,1,0,0.000360949267628352,0,,"in_sample"
"rb_rear_mad_p10","default","rear_mad_min",,0.019,"added","any","PARS","RB","removed","rearing","spawn",28.7176911600348,0,2770.47244497983,1,0,0.000360949267628352,0,,"in_sample"
"rb_rear_mad_p10","default","rear_mad_min",,0.019,"added","any","REVL","RB","added","rearing","spawn",2.85652696182138,0,8.06052696420573,0,0,0,,,"held_out"
"rb_rear_mad_p10","default","rear_mad_min",,0.019,"added","any","REVL","RB","removed","rearing","spawn",7.96751045479245,0,8.06052696420573,0,0,0,,,"held_out"
"rb_rear_mad_p10","default","rear_mad_min",,0.019,"added","any","SIML","RB","added","rearing","spawn",96.455212453352,0,1675.64879973594,11,0,0.00656462141812382,0,,"held_out"
"rb_rear_mad_p10","default","rear_mad_min",,0.019,"added","any","SIML","RB","removed","rearing","spawn",283.782290874415,1,1675.64879973594,11,0.00352382806171137,0.00656462141812382,0.536790751098406,,"held_out"
"rb_rear_mad_p10","default","rear_mad_min",,0.019,"added","any","ELKR","RB","added","rearing","rear",92.3180313633177,0,1823.74445026058,11,0,0.0060315467983622,0,,"held_out"
"rb_rear_mad_p10","default","rear_mad_min",,0.019,"added","any","ELKR","RB","removed","rearing","rear",79.1214600925243,0,1823.74445026058,11,0,0.0060315467983622,0,,"held_out"
"rb_rear_mad_p10","default","rear_mad_min",,0.019,"added","any","KETL","RB","added","rearing","rear",211.973523708057,3,2281.56207699639,129,0.0141527109023851,0.0565402104552093,0.25031231381066,,"held_out"
"rb_rear_mad_p10","default","rear_mad_min",,0.019,"added","any","KETL","RB","removed","rearing","rear",220.807462278691,13,2281.56207699639,129,0.0588748218282229,0.0565402104552093,1.04129116878444,,"held_out"
"rb_rear_mad_p10","default","rear_mad_min",,0.019,"added","any","KOTL","RB","added","rearing","rear",122.083358885065,0,1520.51786078045,76,0,0.0499829709076819,0,,"in_sample"
"rb_rear_mad_p10","default","rear_mad_min",,0.019,"added","any","KOTL","RB","removed","rearing","rear",114.862657429096,13,1520.51786078045,76,0.113178645618788,0.0499829709076819,2.26434410687249,,"in_sample"
"rb_rear_mad_p10","default","rear_mad_min",,0.019,"added","any","KOTR","RB","added","rearing","rear",25.4279959623514,0,652.757760288363,6,0,0.00919177122819564,0,,"held_out"
"rb_rear_mad_p10","default","rear_mad_min",,0.019,"added","any","KOTR","RB","removed","rearing","rear",14.9019097099948,0,652.757760288363,6,0,0.00919177122819564,0,,"held_out"
"rb_rear_mad_p10","default","rear_mad_min",,0.019,"added","any","OKAN","RB","added","rearing","rear",71.0354619113296,0,1379.66972217062,161,0,0.116694595389613,0,,"held_out"
"rb_rear_mad_p10","default","rear_mad_min",,0.019,"added","any","OKAN","RB","removed","rearing","rear",257.902694769195,5,1379.66972217062,161,0.0193871568673396,0.116694595389613,0.166135859185346,,"held_out"
"rb_rear_mad_p10","default","rear_mad_min",,0.019,"added","any","PARS","RB","added","rearing","rear",329.825022729322,2,2770.47244497983,142,0.00606382130576351,0.051254796003226,0.118307393231686,,"in_sample"
"rb_rear_mad_p10","default","rear_mad_min",,0.019,"added","any","PARS","RB","removed","rearing","rear",28.7176911600348,2,2770.47244497983,142,0.0696434817428259,0.051254796003226,1.35877005028842,,"in_sample"
"rb_rear_mad_p10","default","rear_mad_min",,0.019,"added","any","REVL","RB","added","rearing","rear",2.85652696182138,2,8.06052696420573,9,0.70015092688807,1.11655230978895,0.62706504724388,,"held_out"
"rb_rear_mad_p10","default","rear_mad_min",,0.019,"added","any","REVL","RB","removed","rearing","rear",7.96751045479245,14,8.06052696420573,9,1.75713606896857,1.11655230978895,1.57371585152218,,"held_out"
"rb_rear_mad_p10","default","rear_mad_min",,0.019,"added","any","SIML","RB","added","rearing","rear",96.455212453352,0,1675.64879973594,83,0,0.0495330525185706,0,,"held_out"
"rb_rear_mad_p10","default","rear_mad_min",,0.019,"added","any","SIML","RB","removed","rearing","rear",283.782290874415,6,1675.64879973594,83,0.0211429683702682,0.0495330525185706,0.426845657499937,,"held_out"
"rb_rear_mad_p05","rb_rear_mad_p10","rear_mad_min",0.019,0.0094,"added","any","ELKR","RB","added","rearing","any",207.542554293617,0,1823.74445026058,33,0,0.0180946403950866,0,,"held_out"
"rb_rear_mad_p05","rb_rear_mad_p10","rear_mad_min",0.019,0.0094,"added","any","ELKR","RB","removed","rearing","any",0,0,1823.74445026058,33,,0.0180946403950866,,,"held_out"
"rb_rear_mad_p05","rb_rear_mad_p10","rear_mad_min",0.019,0.0094,"added","any","KETL","RB","added","rearing","any",373.357692363332,7,2281.56207699639,280,0.0187487766910343,0.122722937422159,0.152773206744063,,"held_out"
"rb_rear_mad_p05","rb_rear_mad_p10","rear_mad_min",0.019,0.0094,"added","any","KETL","RB","removed","rearing","any",0,0,2281.56207699639,280,,0.122722937422159,,,"held_out"
"rb_rear_mad_p05","rb_rear_mad_p10","rear_mad_min",0.019,0.0094,"added","any","KOTL","RB","added","rearing","any",107.1100517891,1,1520.51786078045,210,0.00933619191940084,0.138110840665963,0.0675992693577289,,"in_sample"
"rb_rear_mad_p05","rb_rear_mad_p10","rear_mad_min",0.019,0.0094,"added","any","KOTL","RB","removed","rearing","any",0,0,1520.51786078045,210,,0.138110840665963,,,"in_sample"
"rb_rear_mad_p05","rb_rear_mad_p10","rear_mad_min",0.019,0.0094,"added","any","KOTR","RB","added","rearing","any",51.3045016227151,0,652.757760288362,23,0,0.0352351230414167,0,,"held_out"
"rb_rear_mad_p05","rb_rear_mad_p10","rear_mad_min",0.019,0.0094,"added","any","KOTR","RB","removed","rearing","any",0,0,652.757760288362,23,,0.0352351230414167,,,"held_out"
"rb_rear_mad_p05","rb_rear_mad_p10","rear_mad_min",0.019,0.0094,"added","any","OKAN","RB","added","rearing","any",225.424727775624,7,1379.66972217062,373,0.0310524939702597,0.270354559505127,0.114858406779231,,"held_out"
"rb_rear_mad_p05","rb_rear_mad_p10","rear_mad_min",0.019,0.0094,"added","any","OKAN","RB","removed","rearing","any",0,0,1379.66972217062,373,,0.270354559505127,,,"held_out"
"rb_rear_mad_p05","rb_rear_mad_p10","rear_mad_min",0.019,0.0094,"added","any","PARS","RB","added","rearing","any",497.410892558487,7,2770.47244497983,237,0.0140728723570864,0.0855449764279194,0.164508460282811,,"in_sample"
"rb_rear_mad_p05","rb_rear_mad_p10","rear_mad_min",0.019,0.0094,"added","any","PARS","RB","removed","rearing","any",0,0,2770.47244497983,237,,0.0855449764279194,,,"in_sample"
"rb_rear_mad_p05","rb_rear_mad_p10","rear_mad_min",0.019,0.0094,"added","any","REVL","RB","added","rearing","any",0.138132600956745,0,8.06052696420573,19,0,2.35716598733222,0,,"held_out"
"rb_rear_mad_p05","rb_rear_mad_p10","rear_mad_min",0.019,0.0094,"added","any","REVL","RB","removed","rearing","any",0,0,8.06052696420573,19,,2.35716598733222,,,"held_out"
"rb_rear_mad_p05","rb_rear_mad_p10","rear_mad_min",0.019,0.0094,"added","any","SIML","RB","added","rearing","any",174.030772970559,5,1675.64879973594,320,0.0287305510091934,0.190970804890875,0.15044472910721,,"held_out"
"rb_rear_mad_p05","rb_rear_mad_p10","rear_mad_min",0.019,0.0094,"added","any","SIML","RB","removed","rearing","any",0,0,1675.64879973594,320,,0.190970804890875,,,"held_out"
"rb_rear_mad_p05","rb_rear_mad_p10","rear_mad_min",0.019,0.0094,"added","any","ELKR","RB","added","rearing","spawn",207.542554293617,0,1823.74445026058,0,0,0,,,"held_out"
"rb_rear_mad_p05","rb_rear_mad_p10","rear_mad_min",0.019,0.0094,"added","any","ELKR","RB","removed","rearing","spawn",0,0,1823.74445026058,0,,0,,,"held_out"
"rb_rear_mad_p05","rb_rear_mad_p10","rear_mad_min",0.019,0.0094,"added","any","KETL","RB","added","rearing","spawn",373.357692363332,2,2281.56207699639,29,0.00535679334029552,0.0127105899472951,0.42144332894914,,"held_out"
"rb_rear_mad_p05","rb_rear_mad_p10","rear_mad_min",0.019,0.0094,"added","any","KETL","RB","removed","rearing","spawn",0,0,2281.56207699639,29,,0.0127105899472951,,,"held_out"
"rb_rear_mad_p05","rb_rear_mad_p10","rear_mad_min",0.019,0.0094,"added","any","KOTL","RB","added","rearing","spawn",107.1100517891,0,1520.51786078045,11,0,0.00723437736821713,0,,"in_sample"
"rb_rear_mad_p05","rb_rear_mad_p10","rear_mad_min",0.019,0.0094,"added","any","KOTL","RB","removed","rearing","spawn",0,0,1520.51786078045,11,,0.00723437736821713,,,"in_sample"
"rb_rear_mad_p05","rb_rear_mad_p10","rear_mad_min",0.019,0.0094,"added","any","KOTR","RB","added","rearing","spawn",51.3045016227151,0,652.757760288362,0,0,0,,,"held_out"
"rb_rear_mad_p05","rb_rear_mad_p10","rear_mad_min",0.019,0.0094,"added","any","KOTR","RB","removed","rearing","spawn",0,0,652.757760288362,0,,0,,,"held_out"
"rb_rear_mad_p05","rb_rear_mad_p10","rear_mad_min",0.019,0.0094,"added","any","OKAN","RB","added","rearing","spawn",225.424727775624,1,1379.66972217062,20,0.00443607056717996,0.0144962230297655,0.306015612347523,,"held_out"
"rb_rear_mad_p05","rb_rear_mad_p10","rear_mad_min",0.019,0.0094,"added","any","OKAN","RB","removed","rearing","spawn",0,0,1379.66972217062,20,,0.0144962230297655,,,"held_out"
"rb_rear_mad_p05","rb_rear_mad_p10","rear_mad_min",0.019,0.0094,"added","any","PARS","RB","added","rearing","spawn",497.410892558487,0,2770.47244497983,1,0,0.000360949267628352,0,,"in_sample"
"rb_rear_mad_p05","rb_rear_mad_p10","rear_mad_min",0.019,0.0094,"added","any","PARS","RB","removed","rearing","spawn",0,0,2770.47244497983,1,,0.000360949267628352,,,"in_sample"
"rb_rear_mad_p05","rb_rear_mad_p10","rear_mad_min",0.019,0.0094,"added","any","REVL","RB","added","rearing","spawn",0.138132600956745,0,8.06052696420573,0,0,0,,,"held_out"
"rb_rear_mad_p05","rb_rear_mad_p10","rear_mad_min",0.019,0.0094,"added","any","REVL","RB","removed","rearing","spawn",0,0,8.06052696420573,0,,0,,,"held_out"
"rb_rear_mad_p05","rb_rear_mad_p10","rear_mad_min",0.019,0.0094,"added","any","SIML","RB","added","rearing","spawn",174.030772970559,0,1675.64879973594,11,0,0.00656462141812382,0,,"held_out"
"rb_rear_mad_p05","rb_rear_mad_p10","rear_mad_min",0.019,0.0094,"added","any","SIML","RB","removed","rearing","spawn",0,0,1675.64879973594,11,,0.00656462141812382,,,"held_out"
"rb_rear_mad_p05","rb_rear_mad_p10","rear_mad_min",0.019,0.0094,"added","any","ELKR","RB","added","rearing","rear",207.542554293617,0,1823.74445026058,11,0,0.00603154679836219,0,,"held_out"
"rb_rear_mad_p05","rb_rear_mad_p10","rear_mad_min",0.019,0.0094,"added","any","ELKR","RB","removed","rearing","rear",0,0,1823.74445026058,11,,0.00603154679836219,,,"held_out"
"rb_rear_mad_p05","rb_rear_mad_p10","rear_mad_min",0.019,0.0094,"added","any","KETL","RB","added","rearing","rear",373.357692363332,4,2281.56207699639,129,0.010713586680591,0.0565402104552092,0.189486147899613,,"held_out"
"rb_rear_mad_p05","rb_rear_mad_p10","rear_mad_min",0.019,0.0094,"added","any","KETL","RB","removed","rearing","rear",0,0,2281.56207699639,129,,0.0565402104552092,,,"held_out"
"rb_rear_mad_p05","rb_rear_mad_p10","rear_mad_min",0.019,0.0094,"added","any","KOTL","RB","added","rearing","rear",107.1100517891,1,1520.51786078045,76,0.00933619191940084,0.049982970907682,0.186787454804251,,"in_sample"
"rb_rear_mad_p05","rb_rear_mad_p10","rear_mad_min",0.019,0.0094,"added","any","KOTL","RB","removed","rearing","rear",0,0,1520.51786078045,76,,0.049982970907682,,,"in_sample"
"rb_rear_mad_p05","rb_rear_mad_p10","rear_mad_min",0.019,0.0094,"added","any","KOTR","RB","added","rearing","rear",51.3045016227151,0,652.757760288362,6,0,0.00919177122819565,0,,"held_out"
"rb_rear_mad_p05","rb_rear_mad_p10","rear_mad_min",0.019,0.0094,"added","any","KOTR","RB","removed","rearing","rear",0,0,652.757760288362,6,,0.00919177122819565,,,"held_out"
"rb_rear_mad_p05","rb_rear_mad_p10","rear_mad_min",0.019,0.0094,"added","any","OKAN","RB","added","rearing","rear",225.424727775624,0,1379.66972217062,161,0,0.116694595389613,0,,"held_out"
"rb_rear_mad_p05","rb_rear_mad_p10","rear_mad_min",0.019,0.0094,"added","any","OKAN","RB","removed","rearing","rear",0,0,1379.66972217062,161,,0.116694595389613,,,"held_out"
"rb_rear_mad_p05","rb_rear_mad_p10","rear_mad_min",0.019,0.0094,"added","any","PARS","RB","added","rearing","rear",497.410892558487,5,2770.47244497983,142,0.0100520516836331,0.051254796003226,0.196119240880414,,"in_sample"
"rb_rear_mad_p05","rb_rear_mad_p10","rear_mad_min",0.019,0.0094,"added","any","PARS","RB","removed","rearing","rear",0,0,2770.47244497983,142,,0.051254796003226,,,"in_sample"
"rb_rear_mad_p05","rb_rear_mad_p10","rear_mad_min",0.019,0.0094,"added","any","REVL","RB","added","rearing","rear",0.138132600956745,0,8.06052696420573,9,0,1.11655230978895,0,,"held_out"
"rb_rear_mad_p05","rb_rear_mad_p10","rear_mad_min",0.019,0.0094,"added","any","REVL","RB","removed","rearing","rear",0,0,8.06052696420573,9,,1.11655230978895,,,"held_out"
"rb_rear_mad_p05","rb_rear_mad_p10","rear_mad_min",0.019,0.0094,"added","any","SIML","RB","added","rearing","rear",174.030772970559,4,1675.64879973594,83,0.0229844408073547,0.0495330525185706,0.464022297005369,,"held_out"
"rb_rear_mad_p05","rb_rear_mad_p10","rear_mad_min",0.019,0.0094,"added","any","SIML","RB","removed","rearing","rear",0,0,1675.64879973594,83,,0.0495330525185706,,,"held_out"
"rb_rear_mad_p02","rb_rear_mad_p05","rear_mad_min",0.0094,0.0048,"added","any","ELKR","RB","added","rearing","any",165.985144602556,0,1823.74445026058,33,0,0.0180946403950866,0,,"held_out"
"rb_rear_mad_p02","rb_rear_mad_p05","rear_mad_min",0.0094,0.0048,"added","any","ELKR","RB","removed","rearing","any",0,0,1823.74445026058,33,,0.0180946403950866,,,"held_out"
"rb_rear_mad_p02","rb_rear_mad_p05","rear_mad_min",0.0094,0.0048,"added","any","KETL","RB","added","rearing","any",349.756107261835,12,2281.56207699639,280,0.0343096224793483,0.122722937422159,0.279569762589085,,"held_out"
"rb_rear_mad_p02","rb_rear_mad_p05","rear_mad_min",0.0094,0.0048,"added","any","KETL","RB","removed","rearing","any",0,0,2281.56207699639,280,,0.122722937422159,,,"held_out"
"rb_rear_mad_p02","rb_rear_mad_p05","rear_mad_min",0.0094,0.0048,"added","any","KOTL","RB","added","rearing","any",77.6604914461204,4,1520.51786078045,210,0.051506241146763,0.138110840665963,0.372934093358657,,"in_sample"
"rb_rear_mad_p02","rb_rear_mad_p05","rear_mad_min",0.0094,0.0048,"added","any","KOTL","RB","removed","rearing","any",0,0,1520.51786078045,210,,0.138110840665963,,,"in_sample"
"rb_rear_mad_p02","rb_rear_mad_p05","rear_mad_min",0.0094,0.0048,"added","any","KOTR","RB","added","rearing","any",43.9785286903487,0,652.757760288362,23,0,0.0352351230414166,0,,"held_out"
"rb_rear_mad_p02","rb_rear_mad_p05","rear_mad_min",0.0094,0.0048,"added","any","KOTR","RB","removed","rearing","any",0,0,652.757760288362,23,,0.0352351230414166,,,"held_out"
"rb_rear_mad_p02","rb_rear_mad_p05","rear_mad_min",0.0094,0.0048,"added","any","OKAN","RB","added","rearing","any",234.587870945186,13,1379.66972217062,373,0.0554163348156972,0.270354559505127,0.204976512758411,,"held_out"
"rb_rear_mad_p02","rb_rear_mad_p05","rear_mad_min",0.0094,0.0048,"added","any","OKAN","RB","removed","rearing","any",0,0,1379.66972217062,373,,0.270354559505127,,,"held_out"
"rb_rear_mad_p02","rb_rear_mad_p05","rear_mad_min",0.0094,0.0048,"added","any","PARS","RB","added","rearing","any",439.509307837229,2,2770.47244497983,237,0.00455052933882505,0.0855449764279194,0.0531945828830679,,"in_sample"
"rb_rear_mad_p02","rb_rear_mad_p05","rear_mad_min",0.0094,0.0048,"added","any","PARS","RB","removed","rearing","any",0,0,2770.47244497983,237,,0.0855449764279194,,,"in_sample"
"rb_rear_mad_p02","rb_rear_mad_p05","rear_mad_min",0.0094,0.0048,"added","any","REVL","RB","added","rearing","any",0.123000668503731,0,8.06052696420573,19,0,2.35716598733222,0,,"held_out"
"rb_rear_mad_p02","rb_rear_mad_p05","rear_mad_min",0.0094,0.0048,"added","any","REVL","RB","removed","rearing","any",0,0,8.06052696420573,19,,2.35716598733222,,,"held_out"
"rb_rear_mad_p02","rb_rear_mad_p05","rear_mad_min",0.0094,0.0048,"added","any","SIML","RB","added","rearing","any",200.886759314657,7,1675.64879973594,320,0.0348455021320526,0.190970804890875,0.182465074449281,,"held_out"
"rb_rear_mad_p02","rb_rear_mad_p05","rear_mad_min",0.0094,0.0048,"added","any","SIML","RB","removed","rearing","any",0,0,1675.64879973594,320,,0.190970804890875,,,"held_out"
"rb_rear_mad_p02","rb_rear_mad_p05","rear_mad_min",0.0094,0.0048,"added","any","ELKR","RB","added","rearing","spawn",165.985144602556,0,1823.74445026058,0,0,0,,,"held_out"
"rb_rear_mad_p02","rb_rear_mad_p05","rear_mad_min",0.0094,0.0048,"added","any","ELKR","RB","removed","rearing","spawn",0,0,1823.74445026058,0,,0,,,"held_out"
"rb_rear_mad_p02","rb_rear_mad_p05","rear_mad_min",0.0094,0.0048,"added","any","KETL","RB","added","rearing","spawn",349.756107261835,0,2281.56207699639,29,0,0.0127105899472951,0,,"held_out"
"rb_rear_mad_p02","rb_rear_mad_p05","rear_mad_min",0.0094,0.0048,"added","any","KETL","RB","removed","rearing","spawn",0,0,2281.56207699639,29,,0.0127105899472951,,,"held_out"
"rb_rear_mad_p02","rb_rear_mad_p05","rear_mad_min",0.0094,0.0048,"added","any","KOTL","RB","added","rearing","spawn",77.6604914461204,0,1520.51786078045,11,0,0.00723437736821713,0,,"in_sample"
"rb_rear_mad_p02","rb_rear_mad_p05","rear_mad_min",0.0094,0.0048,"added","any","KOTL","RB","removed","rearing","spawn",0,0,1520.51786078045,11,,0.00723437736821713,,,"in_sample"
"rb_rear_mad_p02","rb_rear_mad_p05","rear_mad_min",0.0094,0.0048,"added","any","KOTR","RB","added","rearing","spawn",43.9785286903487,0,652.757760288362,0,0,0,,,"held_out"
"rb_rear_mad_p02","rb_rear_mad_p05","rear_mad_min",0.0094,0.0048,"added","any","KOTR","RB","removed","rearing","spawn",0,0,652.757760288362,0,,0,,,"held_out"
"rb_rear_mad_p02","rb_rear_mad_p05","rear_mad_min",0.0094,0.0048,"added","any","OKAN","RB","added","rearing","spawn",234.587870945186,1,1379.66972217062,20,0.00426279498582286,0.0144962230297655,0.294062458688028,,"held_out"
"rb_rear_mad_p02","rb_rear_mad_p05","rear_mad_min",0.0094,0.0048,"added","any","OKAN","RB","removed","rearing","spawn",0,0,1379.66972217062,20,,0.0144962230297655,,,"held_out"
"rb_rear_mad_p02","rb_rear_mad_p05","rear_mad_min",0.0094,0.0048,"added","any","PARS","RB","added","rearing","spawn",439.509307837229,0,2770.47244497983,1,0,0.000360949267628352,0,,"in_sample"
"rb_rear_mad_p02","rb_rear_mad_p05","rear_mad_min",0.0094,0.0048,"added","any","PARS","RB","removed","rearing","spawn",0,0,2770.47244497983,1,,0.000360949267628352,,,"in_sample"
"rb_rear_mad_p02","rb_rear_mad_p05","rear_mad_min",0.0094,0.0048,"added","any","REVL","RB","added","rearing","spawn",0.123000668503731,0,8.06052696420573,0,0,0,,,"held_out"
"rb_rear_mad_p02","rb_rear_mad_p05","rear_mad_min",0.0094,0.0048,"added","any","REVL","RB","removed","rearing","spawn",0,0,8.06052696420573,0,,0,,,"held_out"
"rb_rear_mad_p02","rb_rear_mad_p05","rear_mad_min",0.0094,0.0048,"added","any","SIML","RB","added","rearing","spawn",200.886759314657,0,1675.64879973594,11,0,0.00656462141812382,0,,"held_out"
"rb_rear_mad_p02","rb_rear_mad_p05","rear_mad_min",0.0094,0.0048,"added","any","SIML","RB","removed","rearing","spawn",0,0,1675.64879973594,11,,0.00656462141812382,,,"held_out"
"rb_rear_mad_p02","rb_rear_mad_p05","rear_mad_min",0.0094,0.0048,"added","any","ELKR","RB","added","rearing","rear",165.985144602556,0,1823.74445026058,11,0,0.00603154679836219,0,,"held_out"
"rb_rear_mad_p02","rb_rear_mad_p05","rear_mad_min",0.0094,0.0048,"added","any","ELKR","RB","removed","rearing","rear",0,0,1823.74445026058,11,,0.00603154679836219,,,"held_out"
"rb_rear_mad_p02","rb_rear_mad_p05","rear_mad_min",0.0094,0.0048,"added","any","KETL","RB","added","rearing","rear",349.756107261835,7,2281.56207699639,129,0.0200139464462865,0.0565402104552092,0.353977218782046,,"held_out"
"rb_rear_mad_p02","rb_rear_mad_p05","rear_mad_min",0.0094,0.0048,"added","any","KETL","RB","removed","rearing","rear",0,0,2281.56207699639,129,,0.0565402104552092,,,"held_out"
"rb_rear_mad_p02","rb_rear_mad_p05","rear_mad_min",0.0094,0.0048,"added","any","KOTL","RB","added","rearing","rear",77.6604914461204,3,1520.51786078045,76,0.0386296808600722,0.049982970907682,0.772856838210374,,"in_sample"
"rb_rear_mad_p02","rb_rear_mad_p05","rear_mad_min",0.0094,0.0048,"added","any","KOTL","RB","removed","rearing","rear",0,0,1520.51786078045,76,,0.049982970907682,,,"in_sample"
"rb_rear_mad_p02","rb_rear_mad_p05","rear_mad_min",0.0094,0.0048,"added","any","KOTR","RB","added","rearing","rear",43.9785286903487,0,652.757760288362,6,0,0.00919177122819565,0,,"held_out"
"rb_rear_mad_p02","rb_rear_mad_p05","rear_mad_min",0.0094,0.0048,"added","any","KOTR","RB","removed","rearing","rear",0,0,652.757760288362,6,,0.00919177122819565,,,"held_out"
"rb_rear_mad_p02","rb_rear_mad_p05","rear_mad_min",0.0094,0.0048,"added","any","OKAN","RB","added","rearing","rear",234.587870945186,4,1379.66972217062,161,0.0170511799432914,0.116694595389613,0.146117991894672,,"held_out"
"rb_rear_mad_p02","rb_rear_mad_p05","rear_mad_min",0.0094,0.0048,"added","any","OKAN","RB","removed","rearing","rear",0,0,1379.66972217062,161,,0.116694595389613,,,"held_out"
"rb_rear_mad_p02","rb_rear_mad_p05","rear_mad_min",0.0094,0.0048,"added","any","PARS","RB","added","rearing","rear",439.509307837229,1,2770.47244497983,142,0.00227526466941253,0.051254796003226,0.0443912540256588,,"in_sample"
"rb_rear_mad_p02","rb_rear_mad_p05","rear_mad_min",0.0094,0.0048,"added","any","PARS","RB","removed","rearing","rear",0,0,2770.47244497983,142,,0.051254796003226,,,"in_sample"
"rb_rear_mad_p02","rb_rear_mad_p05","rear_mad_min",0.0094,0.0048,"added","any","REVL","RB","added","rearing","rear",0.123000668503731,0,8.06052696420573,9,0,1.11655230978895,0,,"held_out"
"rb_rear_mad_p02","rb_rear_mad_p05","rear_mad_min",0.0094,0.0048,"added","any","REVL","RB","removed","rearing","rear",0,0,8.06052696420573,9,,1.11655230978895,,,"held_out"
"rb_rear_mad_p02","rb_rear_mad_p05","rear_mad_min",0.0094,0.0048,"added","any","SIML","RB","added","rearing","rear",200.886759314657,6,1675.64879973594,83,0.029867573256045,0.0495330525185706,0.602982690090567,,"held_out"
"rb_rear_mad_p02","rb_rear_mad_p05","rear_mad_min",0.0094,0.0048,"added","any","SIML","RB","removed","rearing","rear",0,0,1675.64879973594,83,,0.0495330525185706,,,"held_out"
"rb_spawn_mad_p10","default","spawn_mad_min",,0.05,"added","spawn","ELKR","RB","added","spawning","any",26.1630730044021,0,1268.68828545527,27,0,0.0212818233679135,0,,"held_out"
"rb_spawn_mad_p10","default","spawn_mad_min",,0.05,"added","spawn","ELKR","RB","removed","spawning","any",113.701071908565,0,1268.68828545527,27,0,0.0212818233679135,0,,"held_out"
"rb_spawn_mad_p10","default","spawn_mad_min",,0.05,"added","spawn","KETL","RB","added","spawning","any",107.58654594106,3,1361.12277864576,196,0.027884527510006,0.143998765633038,0.19364421206961,,"held_out"
"rb_spawn_mad_p10","default","spawn_mad_min",,0.05,"added","spawn","KETL","RB","removed","spawning","any",203.549074804941,29,1361.12277864576,196,0.142471784889174,0.143998765633038,0.989395876158032,,"held_out"
"rb_spawn_mad_p10","default","spawn_mad_min",,0.05,"added","spawn","KOTL","RB","added","spawning","any",37.9728283383645,2,958.169071903614,163,0.0526692397568756,0.170116114973493,0.309607586354076,,"in_sample"
"rb_spawn_mad_p10","default","spawn_mad_min",,0.05,"added","spawn","KOTL","RB","removed","spawning","any",114.295121412873,28,958.169071903614,163,0.244979835130971,0.170116114973493,1.4400742408745,,"in_sample"
"rb_spawn_mad_p10","default","spawn_mad_min",,0.05,"added","spawn","KOTR","RB","added","spawning","any",7.62761266917622,0,472.51154576008,16,0,0.0338616064381294,0,,"held_out"
"rb_spawn_mad_p10","default","spawn_mad_min",,0.05,"added","spawn","KOTR","RB","removed","spawning","any",16.6001895492328,0,472.51154576008,16,0,0.0338616064381294,0,,"held_out"
"rb_spawn_mad_p10","default","spawn_mad_min",,0.05,"added","spawn","OKAN","RB","added","spawning","any",23.378933102449,2,808.912307798166,292,0.0855471030793315,0.360978559956412,0.236986659511471,,"held_out"
"rb_spawn_mad_p10","default","spawn_mad_min",,0.05,"added","spawn","OKAN","RB","removed","spawning","any",240.148128589613,28,808.912307798166,292,0.116594704128838,0.360978559956412,0.322996202718844,,"held_out"
"rb_spawn_mad_p10","default","spawn_mad_min",,0.05,"added","spawn","PARS","RB","added","spawning","any",67.5146287769406,2,1575.61719195766,203,0.0296232096099904,0.12883840125391,0.229925312031853,,"in_sample"
"rb_spawn_mad_p10","default","spawn_mad_min",,0.05,"added","spawn","PARS","RB","removed","spawning","any",50.7873511980185,5,1575.61719195766,203,0.0984497100568434,0.12883840125391,0.764133279353741,,"in_sample"
"rb_spawn_mad_p10","default","spawn_mad_min",,0.05,"added","spawn","REVL","RB","added","spawning","any",1.61814258016179,4,6.69216326861921,15,2.47197005321994,2.24142768158957,1.10285514608568,,"held_out"
"rb_spawn_mad_p10","default","spawn_mad_min",,0.05,"added","spawn","REVL","RB","removed","spawning","any",7.96751045479245,70,6.69216326861921,15,8.78568034484286,2.24142768158957,3.91968048623914,,"held_out"
"rb_spawn_mad_p10","default","spawn_mad_min",,0.05,"added","spawn","SIML","RB","added","spawning","any",67.2370759684428,3,996.392286891017,252,0.0446182401121671,0.252912435509011,0.176417739295296,,"held_out"
"rb_spawn_mad_p10","default","spawn_mad_min",,0.05,"added","spawn","SIML","RB","removed","spawning","any",259.226722676632,19,996.392286891017,252,0.0732949126687886,0.252912435509011,0.289803514490205,,"held_out"
"rb_spawn_mad_p10","default","spawn_mad_min",,0.05,"added","spawn","ELKR","RB","added","spawning","spawn",26.1630730044021,0,1268.68828545527,0,0,0,,,"held_out"
"rb_spawn_mad_p10","default","spawn_mad_min",,0.05,"added","spawn","ELKR","RB","removed","spawning","spawn",113.701071908565,0,1268.68828545527,0,0,0,,,"held_out"
"rb_spawn_mad_p10","default","spawn_mad_min",,0.05,"added","spawn","KETL","RB","added","spawning","spawn",107.58654594106,0,1361.12277864576,19,0,0.0139590640154475,0,,"held_out"
"rb_spawn_mad_p10","default","spawn_mad_min",,0.05,"added","spawn","KETL","RB","removed","spawning","spawn",203.549074804941,3,1361.12277864576,19,0.0147384605057767,0.0139590640154475,1.05583443771492,,"held_out"
"rb_spawn_mad_p10","default","spawn_mad_min",,0.05,"added","spawn","KOTL","RB","added","spawning","spawn",37.9728283383645,0,958.169071903615,7,0,0.00730560002953649,0,,"in_sample"
"rb_spawn_mad_p10","default","spawn_mad_min",,0.05,"added","spawn","KOTL","RB","removed","spawning","spawn",114.295121412873,1,958.169071903615,7,0.00874927982610611,0.00730560002953649,1.19761276154359,,"in_sample"
"rb_spawn_mad_p10","default","spawn_mad_min",,0.05,"added","spawn","KOTR","RB","added","spawning","spawn",7.62761266917622,0,472.51154576008,0,0,0,,,"held_out"
"rb_spawn_mad_p10","default","spawn_mad_min",,0.05,"added","spawn","KOTR","RB","removed","spawning","spawn",16.6001895492328,0,472.51154576008,0,0,0,,,"held_out"
"rb_spawn_mad_p10","default","spawn_mad_min",,0.05,"added","spawn","OKAN","RB","added","spawning","spawn",23.378933102449,0,808.912307798166,12,0,0.0148347353406745,0,,"held_out"
"rb_spawn_mad_p10","default","spawn_mad_min",,0.05,"added","spawn","OKAN","RB","removed","spawning","spawn",240.148128589613,3,808.912307798166,12,0.0124922897280898,0.0148347353406745,0.8420972428027,,"held_out"
"rb_spawn_mad_p10","default","spawn_mad_min",,0.05,"added","spawn","PARS","RB","added","spawning","spawn",67.5146287769406,0,1575.61719195766,1,0,0.000634671927359163,0,,"in_sample"
"rb_spawn_mad_p10","default","spawn_mad_min",,0.05,"added","spawn","PARS","RB","removed","spawning","spawn",50.7873511980185,0,1575.61719195766,1,0,0.000634671927359163,0,,"in_sample"
"rb_spawn_mad_p10","default","spawn_mad_min",,0.05,"added","spawn","REVL","RB","added","spawning","spawn",1.61814258016179,0,6.69216326861921,0,0,0,,,"held_out"
"rb_spawn_mad_p10","default","spawn_mad_min",,0.05,"added","spawn","REVL","RB","removed","spawning","spawn",7.96751045479245,0,6.69216326861921,0,0,0,,,"held_out"
"rb_spawn_mad_p10","default","spawn_mad_min",,0.05,"added","spawn","SIML","RB","added","spawning","spawn",67.2370759684428,0,996.392286891017,8,0,0.00802896620663526,0,,"held_out"
"rb_spawn_mad_p10","default","spawn_mad_min",,0.05,"added","spawn","SIML","RB","removed","spawning","spawn",259.226722676632,2,996.392286891017,8,0.00771525396513564,0.00802896620663526,0.96092744278331,,"held_out"
"rb_spawn_mad_p10","default","spawn_mad_min",,0.05,"added","spawn","ELKR","RB","added","spawning","rear",26.1630730044021,0,1268.68828545527,9,0,0.00709394112263782,0,,"held_out"
"rb_spawn_mad_p10","default","spawn_mad_min",,0.05,"added","spawn","ELKR","RB","removed","spawning","rear",113.701071908565,0,1268.68828545527,9,0,0.00709394112263782,0,,"held_out"
"rb_spawn_mad_p10","default","spawn_mad_min",,0.05,"added","spawn","KETL","RB","added","spawning","rear",107.58654594106,2,1361.12277864576,77,0.0185896850066707,0.0565709436415505,0.328608359875702,,"held_out"
"rb_spawn_mad_p10","default","spawn_mad_min",,0.05,"added","spawn","KETL","RB","removed","spawning","rear",203.549074804941,17,1361.12277864576,77,0.0835179428660677,0.0565709436415505,1.47633992806026,,"held_out"
"rb_spawn_mad_p10","default","spawn_mad_min",,0.05,"added","spawn","KOTL","RB","added","spawning","rear",37.9728283383645,0,958.169071903615,56,0,0.0584448002362919,0,,"in_sample"
"rb_spawn_mad_p10","default","spawn_mad_min",,0.05,"added","spawn","KOTL","RB","removed","spawning","rear",114.295121412873,13,958.169071903615,56,0.113740637739379,0.0584448002362919,1.94612073750833,,"in_sample"
"rb_spawn_mad_p10","default","spawn_mad_min",,0.05,"added","spawn","KOTR","RB","added","spawning","rear",7.62761266917622,0,472.51154576008,4,0,0.00846540160953235,0,,"held_out"
"rb_spawn_mad_p10","default","spawn_mad_min",,0.05,"added","spawn","KOTR","RB","removed","spawning","rear",16.6001895492328,0,472.51154576008,4,0,0.00846540160953235,0,,"held_out"
"rb_spawn_mad_p10","default","spawn_mad_min",,0.05,"added","spawn","OKAN","RB","added","spawning","rear",23.378933102449,1,808.912307798166,141,0.0427735515396658,0.174308140252925,0.245390441763651,,"held_out"
"rb_spawn_mad_p10","default","spawn_mad_min",,0.05,"added","spawn","OKAN","RB","removed","spawning","rear",240.148128589613,5,808.912307798166,141,0.0208204828801496,0.174308140252925,0.119446417418823,,"held_out"
"rb_spawn_mad_p10","default","spawn_mad_min",,0.05,"added","spawn","PARS","RB","added","spawning","rear",67.5146287769406,2,1575.61719195766,117,0.0296232096099904,0.074256615501022,0.398930242243301,,"in_sample"
"rb_spawn_mad_p10","default","spawn_mad_min",,0.05,"added","spawn","PARS","RB","removed","spawning","rear",50.7873511980185,2,1575.61719195766,117,0.0393798840227374,0.074256615501022,0.530321557978836,,"in_sample"
"rb_spawn_mad_p10","default","spawn_mad_min",,0.05,"added","spawn","REVL","RB","added","spawning","rear",1.61814258016179,2,6.69216326861921,8,1.23598502660997,1.19542809684777,1.03392669945532,,"held_out"
"rb_spawn_mad_p10","default","spawn_mad_min",,0.05,"added","spawn","REVL","RB","removed","spawning","rear",7.96751045479245,14,6.69216326861921,8,1.75713606896857,1.19542809684777,1.46988018233968,,"held_out"
"rb_spawn_mad_p10","default","spawn_mad_min",,0.05,"added","spawn","SIML","RB","added","spawning","rear",67.2370759684428,0,996.392286891016,64,0,0.0642317296530821,0,,"held_out"
"rb_spawn_mad_p10","default","spawn_mad_min",,0.05,"added","spawn","SIML","RB","removed","spawning","rear",259.226722676632,3,996.392286891016,64,0.0115728809477035,0.0642317296530821,0.180173895521871,,"held_out"
"rb_spawn_mad_p05","rb_spawn_mad_p10","spawn_mad_min",0.05,0.011,"added","spawn","ELKR","RB","added","spawning","any",282.89688539569,1,1268.68828545527,27,0.00353485687409139,0.0212818233679134,0.166097463219288,,"held_out"
"rb_spawn_mad_p05","rb_spawn_mad_p10","spawn_mad_min",0.05,0.011,"added","spawn","ELKR","RB","removed","spawning","any",0,0,1268.68828545527,27,,0.0212818233679134,,,"held_out"
"rb_spawn_mad_p05","rb_spawn_mad_p10","spawn_mad_min",0.05,0.011,"added","spawn","KETL","RB","added","spawning","any",390.967123327636,22,1361.12277864576,196,0.0562707160969228,0.143998765633037,0.390772211480768,,"held_out"
"rb_spawn_mad_p05","rb_spawn_mad_p10","spawn_mad_min",0.05,0.011,"added","spawn","KETL","RB","removed","spawning","any",0,0,1361.12277864576,196,,0.143998765633037,,,"held_out"
"rb_spawn_mad_p05","rb_spawn_mad_p10","spawn_mad_min",0.05,0.011,"added","spawn","KOTL","RB","added","spawning","any",150.69686309776,2,958.169071903614,163,0.0132716763898566,0.170116114973493,0.07801539784708,,"in_sample"
"rb_spawn_mad_p05","rb_spawn_mad_p10","spawn_mad_min",0.05,0.011,"added","spawn","KOTL","RB","removed","spawning","any",0,0,958.169071903614,163,,0.170116114973493,,,"in_sample"
"rb_spawn_mad_p05","rb_spawn_mad_p10","spawn_mad_min",0.05,0.011,"added","spawn","KOTR","RB","added","spawning","any",59.956329073539,1,472.51154576008,16,0.0166788063154009,0.0338616064381294,0.492558034595193,,"held_out"
"rb_spawn_mad_p05","rb_spawn_mad_p10","spawn_mad_min",0.05,0.011,"added","spawn","KOTR","RB","removed","spawning","any",0,0,472.51154576008,16,,0.0338616064381294,,,"held_out"
"rb_spawn_mad_p05","rb_spawn_mad_p10","spawn_mad_min",0.05,0.011,"added","spawn","OKAN","RB","added","spawning","any",297.80397273116,31,808.912307798165,292,0.10409532054156,0.360978559956412,0.288369814966653,,"held_out"
"rb_spawn_mad_p05","rb_spawn_mad_p10","spawn_mad_min",0.05,0.011,"added","spawn","OKAN","RB","removed","spawning","any",0,0,808.912307798165,292,,0.360978559956412,,,"held_out"
"rb_spawn_mad_p05","rb_spawn_mad_p10","spawn_mad_min",0.05,0.011,"added","spawn","PARS","RB","added","spawning","any",592.714043172263,11,1575.61719195766,203,0.0185586964350076,0.12883840125391,0.144046311149366,,"in_sample"
"rb_spawn_mad_p05","rb_spawn_mad_p10","spawn_mad_min",0.05,0.011,"added","spawn","PARS","RB","removed","spawning","any",0,0,1575.61719195766,203,,0.12883840125391,,,"in_sample"
"rb_spawn_mad_p05","rb_spawn_mad_p10","spawn_mad_min",0.05,0.011,"added","spawn","REVL","RB","added","spawning","any",1.37651698261633,3,6.69216326861921,15,2.17941372165124,2.24142768158957,0.972332830343942,,"held_out"
"rb_spawn_mad_p05","rb_spawn_mad_p10","spawn_mad_min",0.05,0.011,"added","spawn","REVL","RB","removed","spawning","any",0,0,6.69216326861921,15,,2.24142768158957,,,"held_out"
"rb_spawn_mad_p05","rb_spawn_mad_p10","spawn_mad_min",0.05,0.011,"added","spawn","SIML","RB","added","spawning","any",233.855405316194,14,996.392286891016,252,0.0598660526194411,0.252912435509011,0.236706639192948,,"held_out"
"rb_spawn_mad_p05","rb_spawn_mad_p10","spawn_mad_min",0.05,0.011,"added","spawn","SIML","RB","removed","spawning","any",0,0,996.392286891016,252,,0.252912435509011,,,"held_out"
"rb_spawn_mad_p05","rb_spawn_mad_p10","spawn_mad_min",0.05,0.011,"added","spawn","ELKR","RB","added","spawning","spawn",282.89688539569,0,1268.68828545527,0,0,0,,,"held_out"
"rb_spawn_mad_p05","rb_spawn_mad_p10","spawn_mad_min",0.05,0.011,"added","spawn","ELKR","RB","removed","spawning","spawn",0,0,1268.68828545527,0,,0,,,"held_out"
"rb_spawn_mad_p05","rb_spawn_mad_p10","spawn_mad_min",0.05,0.011,"added","spawn","KETL","RB","added","spawning","spawn",390.967123327636,4,1361.12277864576,19,0.0102310392903496,0.0139590640154475,0.732931611963928,,"held_out"
"rb_spawn_mad_p05","rb_spawn_mad_p10","spawn_mad_min",0.05,0.011,"added","spawn","KETL","RB","removed","spawning","spawn",0,0,1361.12277864576,19,,0.0139590640154475,,,"held_out"
"rb_spawn_mad_p05","rb_spawn_mad_p10","spawn_mad_min",0.05,0.011,"added","spawn","KOTL","RB","added","spawning","spawn",150.69686309776,0,958.169071903614,7,0,0.0073056000295365,0,,"in_sample"
"rb_spawn_mad_p05","rb_spawn_mad_p10","spawn_mad_min",0.05,0.011,"added","spawn","KOTL","RB","removed","spawning","spawn",0,0,958.169071903614,7,,0.0073056000295365,,,"in_sample"
"rb_spawn_mad_p05","rb_spawn_mad_p10","spawn_mad_min",0.05,0.011,"added","spawn","KOTR","RB","added","spawning","spawn",59.956329073539,0,472.51154576008,0,0,0,,,"held_out"
"rb_spawn_mad_p05","rb_spawn_mad_p10","spawn_mad_min",0.05,0.011,"added","spawn","KOTR","RB","removed","spawning","spawn",0,0,472.51154576008,0,,0,,,"held_out"
"rb_spawn_mad_p05","rb_spawn_mad_p10","spawn_mad_min",0.05,0.011,"added","spawn","OKAN","RB","added","spawning","spawn",297.80397273116,3,808.912307798165,12,0.0100737406975703,0.0148347353406745,0.67906440298599,,"held_out"
"rb_spawn_mad_p05","rb_spawn_mad_p10","spawn_mad_min",0.05,0.011,"added","spawn","OKAN","RB","removed","spawning","spawn",0,0,808.912307798165,12,,0.0148347353406745,,,"held_out"
"rb_spawn_mad_p05","rb_spawn_mad_p10","spawn_mad_min",0.05,0.011,"added","spawn","PARS","RB","added","spawning","spawn",592.714043172263,0,1575.61719195766,1,0,0.000634671927359163,0,,"in_sample"
"rb_spawn_mad_p05","rb_spawn_mad_p10","spawn_mad_min",0.05,0.011,"added","spawn","PARS","RB","removed","spawning","spawn",0,0,1575.61719195766,1,,0.000634671927359163,,,"in_sample"
"rb_spawn_mad_p05","rb_spawn_mad_p10","spawn_mad_min",0.05,0.011,"added","spawn","REVL","RB","added","spawning","spawn",1.37651698261633,0,6.69216326861921,0,0,0,,,"held_out"
"rb_spawn_mad_p05","rb_spawn_mad_p10","spawn_mad_min",0.05,0.011,"added","spawn","REVL","RB","removed","spawning","spawn",0,0,6.69216326861921,0,,0,,,"held_out"
"rb_spawn_mad_p05","rb_spawn_mad_p10","spawn_mad_min",0.05,0.011,"added","spawn","SIML","RB","added","spawning","spawn",233.855405316194,1,996.392286891016,8,0.00427614661567436,0.00802896620663526,0.532589938184132,,"held_out"
"rb_spawn_mad_p05","rb_spawn_mad_p10","spawn_mad_min",0.05,0.011,"added","spawn","SIML","RB","removed","spawning","spawn",0,0,996.392286891016,8,,0.00802896620663526,,,"held_out"
"rb_spawn_mad_p05","rb_spawn_mad_p10","spawn_mad_min",0.05,0.011,"added","spawn","ELKR","RB","added","spawning","rear",282.89688539569,0,1268.68828545527,9,0,0.00709394112263782,0,,"held_out"
"rb_spawn_mad_p05","rb_spawn_mad_p10","spawn_mad_min",0.05,0.011,"added","spawn","ELKR","RB","removed","spawning","rear",0,0,1268.68828545527,9,,0.00709394112263782,,,"held_out"
"rb_spawn_mad_p05","rb_spawn_mad_p10","spawn_mad_min",0.05,0.011,"added","spawn","KETL","RB","added","spawning","rear",390.967123327636,16,1361.12277864576,77,0.0409241571613984,0.0565709436415504,0.72341301960076,,"held_out"
"rb_spawn_mad_p05","rb_spawn_mad_p10","spawn_mad_min",0.05,0.011,"added","spawn","KETL","RB","removed","spawning","rear",0,0,1361.12277864576,77,,0.0565709436415504,,,"held_out"
"rb_spawn_mad_p05","rb_spawn_mad_p10","spawn_mad_min",0.05,0.011,"added","spawn","KOTL","RB","added","spawning","rear",150.69686309776,1,958.169071903614,56,0.00663583819492832,0.058444800236292,0.11354026650959,,"in_sample"
"rb_spawn_mad_p05","rb_spawn_mad_p10","spawn_mad_min",0.05,0.011,"added","spawn","KOTL","RB","removed","spawning","rear",0,0,958.169071903614,56,,0.058444800236292,,,"in_sample"
"rb_spawn_mad_p05","rb_spawn_mad_p10","spawn_mad_min",0.05,0.011,"added","spawn","KOTR","RB","added","spawning","rear",59.956329073539,0,472.51154576008,4,0,0.00846540160953235,0,,"held_out"
"rb_spawn_mad_p05","rb_spawn_mad_p10","spawn_mad_min",0.05,0.011,"added","spawn","KOTR","RB","removed","spawning","rear",0,0,472.51154576008,4,,0.00846540160953235,,,"held_out"
"rb_spawn_mad_p05","rb_spawn_mad_p10","spawn_mad_min",0.05,0.011,"added","spawn","OKAN","RB","added","spawning","rear",297.80397273116,5,808.912307798165,141,0.0167895678292838,0.174308140252925,0.0963211919129064,,"held_out"
"rb_spawn_mad_p05","rb_spawn_mad_p10","spawn_mad_min",0.05,0.011,"added","spawn","OKAN","RB","removed","spawning","rear",0,0,808.912307798165,141,,0.174308140252925,,,"held_out"
"rb_spawn_mad_p05","rb_spawn_mad_p10","spawn_mad_min",0.05,0.011,"added","spawn","PARS","RB","added","spawning","rear",592.714043172263,6,1575.61719195766,117,0.010122925328186,0.074256615501022,0.136323548546952,,"in_sample"
"rb_spawn_mad_p05","rb_spawn_mad_p10","spawn_mad_min",0.05,0.011,"added","spawn","PARS","RB","removed","spawning","rear",0,0,1575.61719195766,117,,0.074256615501022,,,"in_sample"
"rb_spawn_mad_p05","rb_spawn_mad_p10","spawn_mad_min",0.05,0.011,"added","spawn","REVL","RB","added","spawning","rear",1.37651698261633,0,6.69216326861921,8,0,1.19542809684777,0,,"held_out"
"rb_spawn_mad_p05","rb_spawn_mad_p10","spawn_mad_min",0.05,0.011,"added","spawn","REVL","RB","removed","spawning","rear",0,0,6.69216326861921,8,,1.19542809684777,,,"held_out"
"rb_spawn_mad_p05","rb_spawn_mad_p10","spawn_mad_min",0.05,0.011,"added","spawn","SIML","RB","added","spawning","rear",233.855405316194,2,996.392286891016,64,0.00855229323134873,0.0642317296530821,0.133147484546033,,"held_out"
"rb_spawn_mad_p05","rb_spawn_mad_p10","spawn_mad_min",0.05,0.011,"added","spawn","SIML","RB","removed","spawning","rear",0,0,996.392286891016,64,,0.0642317296530821,,,"held_out"
"rb_spawn_mad_p02","rb_spawn_mad_p05","spawn_mad_min",0.011,0.0055,"added","spawn","ELKR","RB","added","spawning","any",118.661145485373,0,1268.68828545527,27,0,0.0212818233679135,0,,"held_out"
"rb_spawn_mad_p02","rb_spawn_mad_p05","spawn_mad_min",0.011,0.0055,"added","spawn","ELKR","RB","removed","spawning","any",0,0,1268.68828545527,27,,0.0212818233679135,,,"held_out"
"rb_spawn_mad_p02","rb_spawn_mad_p05","spawn_mad_min",0.011,0.0055,"added","spawn","KETL","RB","added","spawning","any",209.639094155407,5,1361.12277864576,196,0.0238505132840035,0.143998765633037,0.165629984251278,,"held_out"
"rb_spawn_mad_p02","rb_spawn_mad_p05","spawn_mad_min",0.011,0.0055,"added","spawn","KETL","RB","removed","spawning","any",0,0,1361.12277864576,196,,0.143998765633037,,,"held_out"
"rb_spawn_mad_p02","rb_spawn_mad_p05","spawn_mad_min",0.011,0.0055,"added","spawn","KOTL","RB","added","spawning","any",64.2892756800575,2,958.169071903614,163,0.0311093876675982,0.170116114973493,0.182871491465965,,"in_sample"
"rb_spawn_mad_p02","rb_spawn_mad_p05","spawn_mad_min",0.011,0.0055,"added","spawn","KOTL","RB","removed","spawning","any",0,0,958.169071903614,163,,0.170116114973493,,,"in_sample"
"rb_spawn_mad_p02","rb_spawn_mad_p05","spawn_mad_min",0.011,0.0055,"added","spawn","KOTR","RB","added","spawning","any",28.4359066123736,0,472.51154576008,16,0,0.0338616064381294,0,,"held_out"
"rb_spawn_mad_p02","rb_spawn_mad_p05","spawn_mad_min",0.011,0.0055,"added","spawn","KOTR","RB","removed","spawning","any",0,0,472.51154576008,16,,0.0338616064381294,,,"held_out"
"rb_spawn_mad_p02","rb_spawn_mad_p05","spawn_mad_min",0.011,0.0055,"added","spawn","OKAN","RB","added","spawning","any",154.678627768476,3,808.912307798165,292,0.019395051813431,0.360978559956412,0.0537290963091351,,"held_out"
"rb_spawn_mad_p02","rb_spawn_mad_p05","spawn_mad_min",0.011,0.0055,"added","spawn","OKAN","RB","removed","spawning","any",0,0,808.912307798165,292,,0.360978559956412,,,"held_out"
"rb_spawn_mad_p02","rb_spawn_mad_p05","spawn_mad_min",0.011,0.0055,"added","spawn","PARS","RB","added","spawning","any",292.551903111656,1,1575.61719195766,203,0.00341819687161064,0.12883840125391,0.026530885499535,,"in_sample"
"rb_spawn_mad_p02","rb_spawn_mad_p05","spawn_mad_min",0.011,0.0055,"added","spawn","PARS","RB","removed","spawning","any",0,0,1575.61719195766,203,,0.12883840125391,,,"in_sample"
"rb_spawn_mad_p02","rb_spawn_mad_p05","spawn_mad_min",0.011,0.0055,"added","spawn","REVL","RB","added","spawning","any",0.0178036046912698,0,6.69216326861921,15,0,2.24142768158957,0,,"held_out"
"rb_spawn_mad_p02","rb_spawn_mad_p05","spawn_mad_min",0.011,0.0055,"added","spawn","REVL","RB","removed","spawning","any",0,0,6.69216326861921,15,,2.24142768158957,,,"held_out"
"rb_spawn_mad_p02","rb_spawn_mad_p05","spawn_mad_min",0.011,0.0055,"added","spawn","SIML","RB","added","spawning","any",118.285078520674,3,996.392286891016,252,0.0253624551593433,0.252912435509011,0.10028156625948,,"held_out"
"rb_spawn_mad_p02","rb_spawn_mad_p05","spawn_mad_min",0.011,0.0055,"added","spawn","SIML","RB","removed","spawning","any",0,0,996.392286891016,252,,0.252912435509011,,,"held_out"
"rb_spawn_mad_p02","rb_spawn_mad_p05","spawn_mad_min",0.011,0.0055,"added","spawn","ELKR","RB","added","spawning","spawn",118.661145485373,0,1268.68828545527,0,0,0,,,"held_out"
"rb_spawn_mad_p02","rb_spawn_mad_p05","spawn_mad_min",0.011,0.0055,"added","spawn","ELKR","RB","removed","spawning","spawn",0,0,1268.68828545527,0,,0,,,"held_out"
"rb_spawn_mad_p02","rb_spawn_mad_p05","spawn_mad_min",0.011,0.0055,"added","spawn","KETL","RB","added","spawning","spawn",209.639094155407,0,1361.12277864576,19,0,0.0139590640154475,0,,"held_out"
"rb_spawn_mad_p02","rb_spawn_mad_p05","spawn_mad_min",0.011,0.0055,"added","spawn","KETL","RB","removed","spawning","spawn",0,0,1361.12277864576,19,,0.0139590640154475,,,"held_out"
"rb_spawn_mad_p02","rb_spawn_mad_p05","spawn_mad_min",0.011,0.0055,"added","spawn","KOTL","RB","added","spawning","spawn",64.2892756800575,0,958.169071903614,7,0,0.0073056000295365,0,,"in_sample"
"rb_spawn_mad_p02","rb_spawn_mad_p05","spawn_mad_min",0.011,0.0055,"added","spawn","KOTL","RB","removed","spawning","spawn",0,0,958.169071903614,7,,0.0073056000295365,,,"in_sample"
"rb_spawn_mad_p02","rb_spawn_mad_p05","spawn_mad_min",0.011,0.0055,"added","spawn","KOTR","RB","added","spawning","spawn",28.4359066123736,0,472.51154576008,0,0,0,,,"held_out"
"rb_spawn_mad_p02","rb_spawn_mad_p05","spawn_mad_min",0.011,0.0055,"added","spawn","KOTR","RB","removed","spawning","spawn",0,0,472.51154576008,0,,0,,,"held_out"
"rb_spawn_mad_p02","rb_spawn_mad_p05","spawn_mad_min",0.011,0.0055,"added","spawn","OKAN","RB","added","spawning","spawn",154.678627768476,1,808.912307798165,12,0.00646501727114367,0.0148347353406745,0.435802670062985,,"held_out"
"rb_spawn_mad_p02","rb_spawn_mad_p05","spawn_mad_min",0.011,0.0055,"added","spawn","OKAN","RB","removed","spawning","spawn",0,0,808.912307798165,12,,0.0148347353406745,,,"held_out"
"rb_spawn_mad_p02","rb_spawn_mad_p05","spawn_mad_min",0.011,0.0055,"added","spawn","PARS","RB","added","spawning","spawn",292.551903111656,0,1575.61719195766,1,0,0.000634671927359163,0,,"in_sample"
"rb_spawn_mad_p02","rb_spawn_mad_p05","spawn_mad_min",0.011,0.0055,"added","spawn","PARS","RB","removed","spawning","spawn",0,0,1575.61719195766,1,,0.000634671927359163,,,"in_sample"
"rb_spawn_mad_p02","rb_spawn_mad_p05","spawn_mad_min",0.011,0.0055,"added","spawn","REVL","RB","added","spawning","spawn",0.0178036046912698,0,6.69216326861921,0,0,0,,,"held_out"
"rb_spawn_mad_p02","rb_spawn_mad_p05","spawn_mad_min",0.011,0.0055,"added","spawn","REVL","RB","removed","spawning","spawn",0,0,6.69216326861921,0,,0,,,"held_out"
"rb_spawn_mad_p02","rb_spawn_mad_p05","spawn_mad_min",0.011,0.0055,"added","spawn","SIML","RB","added","spawning","spawn",118.285078520674,0,996.392286891016,8,0,0.00802896620663526,0,,"held_out"
"rb_spawn_mad_p02","rb_spawn_mad_p05","spawn_mad_min",0.011,0.0055,"added","spawn","SIML","RB","removed","spawning","spawn",0,0,996.392286891016,8,,0.00802896620663526,,,"held_out"
"rb_spawn_mad_p02","rb_spawn_mad_p05","spawn_mad_min",0.011,0.0055,"added","spawn","ELKR","RB","added","spawning","rear",118.661145485373,0,1268.68828545527,9,0,0.00709394112263782,0,,"held_out"
"rb_spawn_mad_p02","rb_spawn_mad_p05","spawn_mad_min",0.011,0.0055,"added","spawn","ELKR","RB","removed","spawning","rear",0,0,1268.68828545527,9,,0.00709394112263782,,,"held_out"
"rb_spawn_mad_p02","rb_spawn_mad_p05","spawn_mad_min",0.011,0.0055,"added","spawn","KETL","RB","added","spawning","rear",209.639094155407,2,1361.12277864576,77,0.0095402053136014,0.0565709436415504,0.168641438510392,,"held_out"
"rb_spawn_mad_p02","rb_spawn_mad_p05","spawn_mad_min",0.011,0.0055,"added","spawn","KETL","RB","removed","spawning","rear",0,0,1361.12277864576,77,,0.0565709436415504,,,"held_out"
"rb_spawn_mad_p02","rb_spawn_mad_p05","spawn_mad_min",0.011,0.0055,"added","spawn","KOTL","RB","added","spawning","rear",64.2892756800575,1,958.169071903614,56,0.0155546938337991,0.058444800236292,0.266143331329931,,"in_sample"
"rb_spawn_mad_p02","rb_spawn_mad_p05","spawn_mad_min",0.011,0.0055,"added","spawn","KOTL","RB","removed","spawning","rear",0,0,958.169071903614,56,,0.058444800236292,,,"in_sample"
"rb_spawn_mad_p02","rb_spawn_mad_p05","spawn_mad_min",0.011,0.0055,"added","spawn","KOTR","RB","added","spawning","rear",28.4359066123736,0,472.51154576008,4,0,0.00846540160953235,0,,"held_out"
"rb_spawn_mad_p02","rb_spawn_mad_p05","spawn_mad_min",0.011,0.0055,"added","spawn","KOTR","RB","removed","spawning","rear",0,0,472.51154576008,4,,0.00846540160953235,,,"held_out"
"rb_spawn_mad_p02","rb_spawn_mad_p05","spawn_mad_min",0.011,0.0055,"added","spawn","OKAN","RB","added","spawning","rear",154.678627768476,0,808.912307798165,141,0,0.174308140252925,0,,"held_out"
"rb_spawn_mad_p02","rb_spawn_mad_p05","spawn_mad_min",0.011,0.0055,"added","spawn","OKAN","RB","removed","spawning","rear",0,0,808.912307798165,141,,0.174308140252925,,,"held_out"
"rb_spawn_mad_p02","rb_spawn_mad_p05","spawn_mad_min",0.011,0.0055,"added","spawn","PARS","RB","added","spawning","rear",292.551903111656,0,1575.61719195766,117,0,0.074256615501022,0,,"in_sample"
"rb_spawn_mad_p02","rb_spawn_mad_p05","spawn_mad_min",0.011,0.0055,"added","spawn","PARS","RB","removed","spawning","rear",0,0,1575.61719195766,117,,0.074256615501022,,,"in_sample"
"rb_spawn_mad_p02","rb_spawn_mad_p05","spawn_mad_min",0.011,0.0055,"added","spawn","REVL","RB","added","spawning","rear",0.0178036046912698,0,6.69216326861921,8,0,1.19542809684777,0,,"held_out"
"rb_spawn_mad_p02","rb_spawn_mad_p05","spawn_mad_min",0.011,0.0055,"added","spawn","REVL","RB","removed","spawning","rear",0,0,6.69216326861921,8,,1.19542809684777,,,"held_out"
"rb_spawn_mad_p02","rb_spawn_mad_p05","spawn_mad_min",0.011,0.0055,"added","spawn","SIML","RB","added","spawning","rear",118.285078520674,2,996.392286891016,64,0.0169083034395622,0.0642317296530821,0.263239111431134,,"held_out"
"rb_spawn_mad_p02","rb_spawn_mad_p05","spawn_mad_min",0.011,0.0055,"added","spawn","SIML","RB","removed","spawning","rear",0,0,996.392286891016,64,,0.0642317296530821,,,"held_out"
