"variant","schema","config_name","buffer_m","overlay_applied","watershed_group_code","species_code","stage","n_obs","n_unattached","n_accessible","n_inaccessible","n_spawning","n_rearing","n_rearing_any","n_habitat","share_accessible","share_spawning","share_rearing","share_rearing_any","share_habitat","n_in_uhc_spawn","n_in_uhc_rear","n_obs_outside_uhc_spawn","n_spawning_outside_uhc","n_obs_outside_uhc_rear","n_rearing_any_outside_uhc","share_spawning_outside_uhc","share_rearing_any_outside_uhc","accessible_km","spawning_km","rearing_km","n_absence","n_absence_accessible","n_absence_spawning","n_absence_rearing","n_absence_rearing_any","run_logged","model"
"default","score302_default","default",0,TRUE,"ELKR","BT","any",582,0,578,4,515,563,564,564,0.993127147766323,0.884879725085911,0.967353951890034,0.969072164948454,0.969072164948454,0,0,582,515,582,564,0.884879725085911,0.969072164948454,4325.16,1536.59,2122.71,,,,,,TRUE,"cw"
"default","score302_default","default",0,TRUE,"ELKR","BT","spawn",0,0,0,0,0,0,0,0,,,,,,0,0,0,0,0,0,,,4325.16,1536.59,2122.71,,,,,,TRUE,"cw"
"default","score302_default","default",0,TRUE,"ELKR","BT","rear",0,0,0,0,0,0,0,0,,,,,,0,0,0,0,0,0,,,4325.16,1536.59,2122.71,,,,,,TRUE,"cw"
"default","score302_default","default",0,TRUE,"ELKR","GR","any",1,0,0,1,1,1,1,1,0,1,1,1,1,0,0,1,1,1,1,1,1,,815.34,1081.79,,,,,,TRUE,"cw"
"default","score302_default","default",0,TRUE,"ELKR","GR","spawn",0,0,0,0,0,0,0,0,,,,,,0,0,0,0,0,0,,,,815.34,1081.79,,,,,,TRUE,"cw"
"default","score302_default","default",0,TRUE,"ELKR","GR","rear",0,0,0,0,0,0,0,0,,,,,,0,0,0,0,0,0,,,,815.34,1081.79,,,,,,TRUE,"cw"
"default","score302_default","default",0,TRUE,"ELKR","RB","any",34,0,33,1,27,33,33,33,0.970588235294118,0.794117647058823,0.970588235294118,0.970588235294118,0.970588235294118,0,0,34,27,34,33,0.794117647058823,0.970588235294118,2515.89,1356.23,1810.55,,,,,,TRUE,"cw"
"default","score302_default","default",0,TRUE,"ELKR","RB","spawn",0,0,0,0,0,0,0,0,,,,,,0,0,0,0,0,0,,,2515.89,1356.23,1810.55,,,,,,TRUE,"cw"
"default","score302_default","default",0,TRUE,"ELKR","RB","rear",11,0,11,0,9,11,11,11,1,0.818181818181818,1,1,1,0,0,11,9,11,11,0.818181818181818,1,2515.89,1356.23,1810.55,,,,,,TRUE,"cw"
"default","score302_default","default",0,TRUE,"KETL","BT","any",0,0,0,0,0,0,0,0,,,,,,0,0,0,0,0,0,,,,,,,,,,,TRUE,"cw"
"default","score302_default","default",0,TRUE,"KETL","BT","spawn",0,0,0,0,0,0,0,0,,,,,,0,0,0,0,0,0,,,,,,,,,,,TRUE,"cw"
"default","score302_default","default",0,TRUE,"KETL","BT","rear",0,0,0,0,0,0,0,0,,,,,,0,0,0,0,0,0,,,,,,,,,,,TRUE,"cw"
"default","score302_default","default",0,TRUE,"KETL","GR","any",0,0,0,0,0,0,0,0,,,,,,0,0,0,0,0,0,,,,,,,,,,,TRUE,"cw"
"default","score302_default","default",0,TRUE,"KETL","GR","spawn",0,0,0,0,0,0,0,0,,,,,,0,0,0,0,0,0,,,,,,,,,,,TRUE,"cw"
"default","score302_default","default",0,TRUE,"KETL","GR","rear",0,0,0,0,0,0,0,0,,,,,,0,0,0,0,0,0,,,,,,,,,,,TRUE,"cw"
"default","score302_default","default",0,TRUE,"KETL","RB","any",456,0,393,63,222,299,316,316,0.861842105263158,0.486842105263158,0.655701754385965,0.692982456140351,0.692982456140351,0,0,456,222,456,316,0.486842105263158,0.692982456140351,5792.57,1457.09,2290.4,,,,,,TRUE,"cw"
"default","score302_default","default",0,TRUE,"KETL","RB","spawn",61,0,55,6,22,28,45,45,0.901639344262295,0.360655737704918,0.459016393442623,0.737704918032787,0.737704918032787,0,0,61,22,61,45,0.360655737704918,0.737704918032787,5792.57,1457.09,2290.4,,,,,,TRUE,"cw"
"default","score302_default","default",0,TRUE,"KETL","RB","rear",217,0,184,33,92,139,141,141,0.847926267281106,0.423963133640553,0.640552995391705,0.649769585253456,0.649769585253456,0,0,217,92,217,141,0.423963133640553,0.649769585253456,5792.57,1457.09,2290.4,,,,,,TRUE,"cw"
"default","score302_default","default",0,TRUE,"KOTL","BT","any",206,0,203,3,116,164,173,173,0.985436893203884,0.563106796116505,0.796116504854369,0.839805825242718,0.839805825242718,0,0,206,116,206,173,0.563106796116505,0.839805825242718,3619.68,1035.15,1599.06,,,,,,TRUE,"cw"
"default","score302_default","default",0,TRUE,"KOTL","BT","spawn",0,0,0,0,0,0,0,0,,,,,,0,0,0,0,0,0,,,3619.68,1035.15,1599.06,,,,,,TRUE,"cw"
"default","score302_default","default",0,TRUE,"KOTL","BT","rear",0,0,0,0,0,0,0,0,,,,,,0,0,0,0,0,0,,,3619.68,1035.15,1599.06,,,,,,TRUE,"cw"
"default","score302_default","default",0,TRUE,"KOTL","GR","any",0,0,0,0,0,0,0,0,,,,,,0,0,0,0,0,0,,,,,,,,,,,TRUE,"cw"
"default","score302_default","default",0,TRUE,"KOTL","GR","spawn",0,0,0,0,0,0,0,0,,,,,,0,0,0,0,0,0,,,,,,,,,,,TRUE,"cw"
"default","score302_default","default",0,TRUE,"KOTL","GR","rear",0,0,0,0,0,0,0,0,,,,,,0,0,0,0,0,0,,,,,,,,,,,TRUE,"cw"
"default","score302_default","default",0,TRUE,"KOTL","RB","any",415,0,345,70,189,235,250,250,0.831325301204819,0.455421686746988,0.566265060240964,0.602409638554217,0.602409638554217,0,0,415,189,415,250,0.455421686746988,0.602409638554217,3614.72,1034.49,1513.3,,,,,,TRUE,"cw"
"default","score302_default","default",0,TRUE,"KOTL","RB","spawn",18,0,18,0,8,12,14,14,1,0.444444444444444,0.666666666666667,0.777777777777778,0.777777777777778,0,0,18,8,18,14,0.444444444444444,0.777777777777778,3614.72,1034.49,1513.3,,,,,,TRUE,"cw"
"default","score302_default","default",0,TRUE,"KOTL","RB","rear",196,0,147,49,69,89,89,89,0.75,0.352040816326531,0.454081632653061,0.454081632653061,0.454081632653061,0,0,196,69,196,89,0.352040816326531,0.454081632653061,3614.72,1034.49,1513.3,,,,,,TRUE,"cw"
"default","score302_default","default",0,TRUE,"KOTR","BT","any",184,0,183,1,138,163,163,163,0.994565217391304,0.75,0.885869565217391,0.885869565217391,0.885869565217391,0,0,184,138,184,163,0.75,0.885869565217391,2551.21,899.57,1309.99,,,,,,TRUE,"cw"
"default","score302_default","default",0,TRUE,"KOTR","BT","spawn",0,0,0,0,0,0,0,0,,,,,,0,0,0,0,0,0,,,2551.21,899.57,1309.99,,,,,,TRUE,"cw"
"default","score302_default","default",0,TRUE,"KOTR","BT","rear",0,0,0,0,0,0,0,0,,,,,,0,0,0,0,0,0,,,2551.21,899.57,1309.99,,,,,,TRUE,"cw"
"default","score302_default","default",0,TRUE,"KOTR","GR","any",0,0,0,0,0,0,0,0,,,,,,0,0,0,0,0,0,,,,,,,,,,,TRUE,"cw"
"default","score302_default","default",0,TRUE,"KOTR","GR","spawn",0,0,0,0,0,0,0,0,,,,,,0,0,0,0,0,0,,,,,,,,,,,TRUE,"cw"
"default","score302_default","default",0,TRUE,"KOTR","GR","rear",0,0,0,0,0,0,0,0,,,,,,0,0,0,0,0,0,,,,,,,,,,,TRUE,"cw"
"default","score302_default","default",0,TRUE,"KOTR","RB","any",43,0,28,15,16,22,23,23,0.651162790697674,0.372093023255814,0.511627906976744,0.534883720930233,0.534883720930233,0,0,43,16,43,23,0.372093023255814,0.534883720930233,1281.96,481.48,642.23,,,,,,TRUE,"cw"
"default","score302_default","default",0,TRUE,"KOTR","RB","spawn",1,0,0,1,0,0,0,0,0,0,0,0,0,0,0,1,0,1,0,0,0,1281.96,481.48,642.23,,,,,,TRUE,"cw"
"default","score302_default","default",0,TRUE,"KOTR","RB","rear",9,0,7,2,4,6,6,6,0.777777777777778,0.444444444444444,0.666666666666667,0.666666666666667,0.666666666666667,0,0,9,4,9,6,0.444444444444444,0.666666666666667,1281.96,481.48,642.23,,,,,,TRUE,"cw"
"default","score302_default","default",0,TRUE,"LHAF","BT","any",121,0,121,0,109,116,116,116,1,0.900826446280992,0.958677685950413,0.958677685950413,0.958677685950413,0,0,121,109,121,116,0.900826446280992,0.958677685950413,7612.75,1880.15,2729.77,,,,,,TRUE,"cw"
"default","score302_default","default",0,TRUE,"LHAF","BT","spawn",0,0,0,0,0,0,0,0,,,,,,0,0,0,0,0,0,,,7612.75,1880.15,2729.77,,,,,,TRUE,"cw"
"default","score302_default","default",0,TRUE,"LHAF","BT","rear",0,0,0,0,0,0,0,0,,,,,,0,0,0,0,0,0,,,7612.75,1880.15,2729.77,,,,,,TRUE,"cw"
"default","score302_default","default",0,TRUE,"LHAF","GR","any",109,0,109,0,88,95,95,95,1,0.807339449541284,0.871559633027523,0.871559633027523,0.871559633027523,0,0,109,88,109,95,0.807339449541284,0.871559633027523,4917.66,987.49,1498.45,,,,,,TRUE,"cw"
"default","score302_default","default",0,TRUE,"LHAF","GR","spawn",0,0,0,0,0,0,0,0,,,,,,0,0,0,0,0,0,,,4917.66,987.49,1498.45,,,,,,TRUE,"cw"
"default","score302_default","default",0,TRUE,"LHAF","GR","rear",12,0,12,0,5,10,10,10,1,0.416666666666667,0.833333333333333,0.833333333333333,0.833333333333333,0,0,12,5,12,10,0.416666666666667,0.833333333333333,4917.66,987.49,1498.45,,,,,,TRUE,"cw"
"default","score302_default","default",0,TRUE,"LHAF","RB","any",110,0,109,1,95,106,106,106,0.990909090909091,0.863636363636364,0.963636363636364,0.963636363636364,0.963636363636364,0,0,110,95,110,106,0.863636363636364,0.963636363636364,6222.66,1585.7,2264.34,,,,,,TRUE,"cw"
"default","score302_default","default",0,TRUE,"LHAF","RB","spawn",0,0,0,0,0,0,0,0,,,,,,0,0,0,0,0,0,,,6222.66,1585.7,2264.34,,,,,,TRUE,"cw"
"default","score302_default","default",0,TRUE,"LHAF","RB","rear",28,0,27,1,26,27,27,27,0.964285714285714,0.928571428571429,0.964285714285714,0.964285714285714,0.964285714285714,0,0,28,26,28,27,0.928571428571429,0.964285714285714,6222.66,1585.7,2264.34,,,,,,TRUE,"cw"
"default","score302_default","default",0,TRUE,"MURR","BT","any",263,0,260,3,239,253,255,255,0.988593155893536,0.908745247148289,0.961977186311787,0.96958174904943,0.96958174904943,0,0,263,239,263,255,0.908745247148289,0.96958174904943,6111.15,1676.24,2422.18,,,,,,TRUE,"cw"
"default","score302_default","default",0,TRUE,"MURR","BT","spawn",3,0,3,0,3,3,3,3,1,1,1,1,1,0,0,3,3,3,3,1,1,6111.15,1676.24,2422.18,,,,,,TRUE,"cw"
"default","score302_default","default",0,TRUE,"MURR","BT","rear",1,0,1,0,1,1,1,1,1,1,1,1,1,0,0,1,1,1,1,1,1,6111.15,1676.24,2422.18,,,,,,TRUE,"cw"
"default","score302_default","default",0,TRUE,"MURR","GR","any",95,0,92,3,80,83,83,83,0.968421052631579,0.842105263157895,0.873684210526316,0.873684210526316,0.873684210526316,0,0,95,80,95,83,0.842105263157895,0.873684210526316,3299.8,799.5,1119.19,,,,,,TRUE,"cw"
"default","score302_default","default",0,TRUE,"MURR","GR","spawn",2,0,2,0,1,1,1,1,1,0.5,0.5,0.5,0.5,0,0,2,1,2,1,0.5,0.5,3299.8,799.5,1119.19,,,,,,TRUE,"cw"
"default","score302_default","default",0,TRUE,"MURR","GR","rear",12,0,12,0,12,12,12,12,1,1,1,1,1,0,0,12,12,12,12,1,1,3299.8,799.5,1119.19,,,,,,TRUE,"cw"
"default","score302_default","default",0,TRUE,"MURR","RB","any",27,0,22,5,20,20,20,20,0.814814814814815,0.740740740740741,0.740740740740741,0.740740740740741,0.740740740740741,0,0,27,20,27,20,0.740740740740741,0.740740740740741,5164.06,1419.92,2062.95,,,,,,TRUE,"cw"
"default","score302_default","default",0,TRUE,"MURR","RB","spawn",0,0,0,0,0,0,0,0,,,,,,0,0,0,0,0,0,,,5164.06,1419.92,2062.95,,,,,,TRUE,"cw"
"default","score302_default","default",0,TRUE,"MURR","RB","rear",15,0,12,3,12,12,12,12,0.8,0.8,0.8,0.8,0.8,0,0,15,12,15,12,0.8,0.8,5164.06,1419.92,2062.95,,,,,,TRUE,"cw"
"default","score302_default","default",0,TRUE,"OKAN","BT","any",0,0,0,0,0,0,0,0,,,,,,0,0,0,0,0,0,,,4853.09,1059.25,1618.37,,,,,,TRUE,"cw"
"default","score302_default","default",0,TRUE,"OKAN","BT","spawn",0,0,0,0,0,0,0,0,,,,,,0,0,0,0,0,0,,,4853.09,1059.25,1618.37,,,,,,TRUE,"cw"
"default","score302_default","default",0,TRUE,"OKAN","BT","rear",0,0,0,0,0,0,0,0,,,,,,0,0,0,0,0,0,,,4853.09,1059.25,1618.37,,,,,,TRUE,"cw"
"default","score302_default","default",0,TRUE,"OKAN","GR","any",0,0,0,0,0,0,0,0,,,,,,0,0,0,0,0,0,,,,,,,,,,,TRUE,"cw"
"default","score302_default","default",0,TRUE,"OKAN","GR","spawn",0,0,0,0,0,0,0,0,,,,,,0,0,0,0,0,0,,,,,,,,,,,TRUE,"cw"
"default","score302_default","default",0,TRUE,"OKAN","GR","rear",0,0,0,0,0,0,0,0,,,,,,0,0,0,0,0,0,,,,,,,,,,,TRUE,"cw"
"default","score302_default","default",0,TRUE,"OKAN","RB","any",626,0,489,137,318,388,403,403,0.781150159744409,0.507987220447284,0.619808306709265,0.643769968051118,0.643769968051118,0,0,626,318,626,403,0.507987220447284,0.643769968051118,4718.82,1025.68,1566.54,,,,,,TRUE,"cw"
"default","score302_default","default",0,TRUE,"OKAN","RB","spawn",67,0,29,38,15,21,24,24,0.432835820895522,0.223880597014925,0.313432835820896,0.358208955223881,0.358208955223881,0,0,67,15,67,24,0.223880597014925,0.358208955223881,4718.82,1025.68,1566.54,,,,,,TRUE,"cw"
"default","score302_default","default",0,TRUE,"OKAN","RB","rear",216,0,190,26,145,166,166,166,0.87962962962963,0.671296296296296,0.768518518518518,0.768518518518518,0.768518518518518,0,0,216,145,216,166,0.671296296296296,0.768518518518518,4718.82,1025.68,1566.54,,,,,,TRUE,"cw"
"default","score302_default","default",0,TRUE,"PARS","BT","any",281,0,281,0,231,259,259,259,1,0.822064056939502,0.921708185053381,0.921708185053381,0.921708185053381,0,0,281,231,281,259,0.822064056939502,0.921708185053381,6883.03,1685.37,2634.99,,,,,,TRUE,"cw"
"default","score302_default","default",0,TRUE,"PARS","BT","spawn",0,0,0,0,0,0,0,0,,,,,,0,0,0,0,0,0,,,6883.03,1685.37,2634.99,,,,,,TRUE,"cw"
"default","score302_default","default",0,TRUE,"PARS","BT","rear",0,0,0,0,0,0,0,0,,,,,,0,0,0,0,0,0,,,6883.03,1685.37,2634.99,,,,,,TRUE,"cw"
"default","score302_default","default",0,TRUE,"PARS","GR","any",196,0,191,5,186,190,190,190,0.974489795918367,0.948979591836735,0.969387755102041,0.969387755102041,0.969387755102041,0,0,196,186,196,190,0.948979591836735,0.969387755102041,4442.31,983.86,1366.28,,,,,,TRUE,"cw"
"default","score302_default","default",0,TRUE,"PARS","GR","spawn",1,0,1,0,1,1,1,1,1,1,1,1,1,0,0,1,1,1,1,1,1,4442.31,983.86,1366.28,,,,,,TRUE,"cw"
"default","score302_default","default",0,TRUE,"PARS","GR","rear",99,0,97,2,97,97,97,97,0.97979797979798,0.97979797979798,0.97979797979798,0.97979797979798,0.97979797979798,0,0,99,97,99,97,0.97979797979798,0.97979797979798,4442.31,983.86,1366.28,,,,,,TRUE,"cw"
"default","score302_default","default",0,TRUE,"PARS","RB","any",282,0,0,282,206,237,237,237,0,0.730496453900709,0.840425531914894,0.840425531914894,0.840425531914894,0,0,282,206,282,237,0.730496453900709,0.840425531914894,,1558.89,2469.37,,,,,,TRUE,"cw"
"default","score302_default","default",0,TRUE,"PARS","RB","spawn",1,0,0,1,1,1,1,1,0,1,1,1,1,0,0,1,1,1,1,1,1,,1558.89,2469.37,,,,,,TRUE,"cw"
"default","score302_default","default",0,TRUE,"PARS","RB","rear",178,0,0,178,117,142,142,142,0,0.657303370786517,0.797752808988764,0.797752808988764,0.797752808988764,0,0,178,117,178,142,0.657303370786517,0.797752808988764,,1558.89,2469.37,,,,,,TRUE,"cw"
"default","score302_default","default",0,TRUE,"REVL","BT","any",308,0,300,8,196,240,252,252,0.974025974025974,0.636363636363636,0.779220779220779,0.818181818181818,0.818181818181818,0,0,308,196,308,252,0.636363636363636,0.818181818181818,1133.38,412.05,561.14,,,,,,TRUE,"cw"
"default","score302_default","default",0,TRUE,"REVL","BT","spawn",0,0,0,0,0,0,0,0,,,,,,0,0,0,0,0,0,,,1133.38,412.05,561.14,,,,,,TRUE,"cw"
"default","score302_default","default",0,TRUE,"REVL","BT","rear",0,0,0,0,0,0,0,0,,,,,,0,0,0,0,0,0,,,1133.38,412.05,561.14,,,,,,TRUE,"cw"
"default","score302_default","default",0,TRUE,"REVL","GR","any",0,0,0,0,0,0,0,0,,,,,,0,0,0,0,0,0,,,,,,,,,,,TRUE,"cw"
"default","score302_default","default",0,TRUE,"REVL","GR","spawn",0,0,0,0,0,0,0,0,,,,,,0,0,0,0,0,0,,,,,,,,,,,TRUE,"cw"
"default","score302_default","default",0,TRUE,"REVL","GR","rear",0,0,0,0,0,0,0,0,,,,,,0,0,0,0,0,0,,,,,,,,,,,TRUE,"cw"
"default","score302_default","default",0,TRUE,"REVL","RB","any",218,0,90,128,81,82,82,82,0.412844036697248,0.371559633027523,0.376146788990826,0.376146788990826,0.376146788990826,0,0,218,81,218,82,0.371559633027523,0.376146788990826,19.66,13.04,13.17,,,,,,TRUE,"cw"
"default","score302_default","default",0,TRUE,"REVL","RB","spawn",2,0,0,2,0,0,0,0,0,0,0,0,0,0,0,2,0,2,0,0,0,19.66,13.04,13.17,,,,,,TRUE,"cw"
"default","score302_default","default",0,TRUE,"REVL","RB","rear",56,0,23,33,20,21,21,21,0.410714285714286,0.357142857142857,0.375,0.375,0.375,0,0,56,20,56,21,0.357142857142857,0.375,19.66,13.04,13.17,,,,,,TRUE,"cw"
"default","score302_default","default",0,TRUE,"SIML","BT","any",1,0,1,0,0,0,0,0,1,0,0,0,0,0,0,1,0,1,0,0,0,4625.72,1188.38,1864.03,,,,,,TRUE,"cw"
"default","score302_default","default",0,TRUE,"SIML","BT","spawn",0,0,0,0,0,0,0,0,,,,,,0,0,0,0,0,0,,,4625.72,1188.38,1864.03,,,,,,TRUE,"cw"
"default","score302_default","default",0,TRUE,"SIML","BT","rear",0,0,0,0,0,0,0,0,,,,,,0,0,0,0,0,0,,,4625.72,1188.38,1864.03,,,,,,TRUE,"cw"
"default","score302_default","default",0,TRUE,"SIML","GR","any",0,0,0,0,0,0,0,0,,,,,,0,0,0,0,0,0,,,,,,,,,,,TRUE,"cw"
"default","score302_default","default",0,TRUE,"SIML","GR","spawn",0,0,0,0,0,0,0,0,,,,,,0,0,0,0,0,0,,,,,,,,,,,TRUE,"cw"
"default","score302_default","default",0,TRUE,"SIML","GR","rear",0,0,0,0,0,0,0,0,,,,,,0,0,0,0,0,0,,,,,,,,,,,TRUE,"cw"
"default","score302_default","default",0,TRUE,"SIML","RB","any",514,0,407,107,268,328,340,340,0.791828793774319,0.521400778210117,0.638132295719844,0.66147859922179,0.66147859922179,0,0,514,268,514,340,0.521400778210117,0.66147859922179,4621.52,1188.38,1862.98,,,,,,TRUE,"cw"
"default","score302_default","default",0,TRUE,"SIML","RB","spawn",44,0,24,20,10,12,17,17,0.545454545454545,0.227272727272727,0.272727272727273,0.386363636363636,0.386363636363636,0,0,44,10,44,17,0.227272727272727,0.386363636363636,4621.52,1188.38,1862.98,,,,,,TRUE,"cw"
"default","score302_default","default",0,TRUE,"SIML","RB","rear",161,0,115,46,67,89,90,90,0.714285714285714,0.416149068322981,0.552795031055901,0.559006211180124,0.559006211180124,0,0,161,67,161,90,0.416149068322981,0.559006211180124,4621.52,1188.38,1862.98,,,,,,TRUE,"cw"
"default","score302_default","default",0,TRUE,"UARL","BT","any",242,0,240,2,117,163,165,165,0.991735537190083,0.483471074380165,0.673553719008264,0.681818181818182,0.681818181818182,0,0,242,117,242,165,0.483471074380165,0.681818181818182,1913.74,529.54,776.92,,,,,,TRUE,"cw"
"default","score302_default","default",0,TRUE,"UARL","BT","spawn",0,0,0,0,0,0,0,0,,,,,,0,0,0,0,0,0,,,1913.74,529.54,776.92,,,,,,TRUE,"cw"
"default","score302_default","default",0,TRUE,"UARL","BT","rear",0,0,0,0,0,0,0,0,,,,,,0,0,0,0,0,0,,,1913.74,529.54,776.92,,,,,,TRUE,"cw"
"default","score302_default","default",0,TRUE,"UARL","GR","any",0,0,0,0,0,0,0,0,,,,,,0,0,0,0,0,0,,,,,,,,,,,TRUE,"cw"
"default","score302_default","default",0,TRUE,"UARL","GR","spawn",0,0,0,0,0,0,0,0,,,,,,0,0,0,0,0,0,,,,,,,,,,,TRUE,"cw"
"default","score302_default","default",0,TRUE,"UARL","GR","rear",0,0,0,0,0,0,0,0,,,,,,0,0,0,0,0,0,,,,,,,,,,,TRUE,"cw"
"default","score302_default","default",0,TRUE,"UARL","RB","any",397,0,288,109,147,194,200,200,0.72544080604534,0.370277078085642,0.488664987405542,0.503778337531486,0.503778337531486,0,0,397,147,397,200,0.370277078085642,0.503778337531486,1718.13,465.13,655.75,,,,,,TRUE,"cw"
"default","score302_default","default",0,TRUE,"UARL","RB","spawn",13,0,8,5,5,6,6,6,0.615384615384615,0.384615384615385,0.461538461538462,0.461538461538462,0.461538461538462,0,0,13,5,13,6,0.384615384615385,0.461538461538462,1718.13,465.13,655.75,,,,,,TRUE,"cw"
"default","score302_default","default",0,TRUE,"UARL","RB","rear",227,0,158,69,77,104,106,106,0.696035242290749,0.33920704845815,0.458149779735683,0.466960352422908,0.466960352422908,0,0,227,77,227,106,0.33920704845815,0.466960352422908,1718.13,465.13,655.75,,,,,,TRUE,"cw"
"default","score302_default","default",0,TRUE,"UBTN","BT","any",1,0,1,0,1,1,1,1,1,1,1,1,1,0,0,1,1,1,1,1,1,8292.29,2049.2,3068.63,,,,,,TRUE,"cw"
"default","score302_default","default",0,TRUE,"UBTN","BT","spawn",0,0,0,0,0,0,0,0,,,,,,0,0,0,0,0,0,,,8292.29,2049.2,3068.63,,,,,,TRUE,"cw"
"default","score302_default","default",0,TRUE,"UBTN","BT","rear",0,0,0,0,0,0,0,0,,,,,,0,0,0,0,0,0,,,8292.29,2049.2,3068.63,,,,,,TRUE,"cw"
"default","score302_default","default",0,TRUE,"UBTN","GR","any",57,0,55,2,34,47,47,47,0.964912280701754,0.596491228070175,0.824561403508772,0.824561403508772,0.824561403508772,0,0,57,34,57,47,0.596491228070175,0.824561403508772,7388.85,1254.66,2087.06,,,,,,TRUE,"cw"
"default","score302_default","default",0,TRUE,"UBTN","GR","spawn",0,0,0,0,0,0,0,0,,,,,,0,0,0,0,0,0,,,7388.85,1254.66,2087.06,,,,,,TRUE,"cw"
"default","score302_default","default",0,TRUE,"UBTN","GR","rear",27,0,25,2,13,20,20,20,0.925925925925926,0.481481481481481,0.740740740740741,0.740740740740741,0.740740740740741,0,0,27,13,27,20,0.481481481481481,0.740740740740741,7388.85,1254.66,2087.06,,,,,,TRUE,"cw"
"default","score302_default","default",0,TRUE,"UBTN","RB","any",0,0,0,0,0,0,0,0,,,,,,0,0,0,0,0,0,,,8292.29,2049.2,3223.93,,,,,,TRUE,"cw"
"default","score302_default","default",0,TRUE,"UBTN","RB","spawn",0,0,0,0,0,0,0,0,,,,,,0,0,0,0,0,0,,,8292.29,2049.2,3223.93,,,,,,TRUE,"cw"
"default","score302_default","default",0,TRUE,"UBTN","RB","rear",0,0,0,0,0,0,0,0,,,,,,0,0,0,0,0,0,,,8292.29,2049.2,3223.93,,,,,,TRUE,"cw"
"default","score302_default","default",100,TRUE,"ELKR","BT","any",582,0,578,4,526,567,568,568,0.993127147766323,0.903780068728522,0.974226804123711,0.97594501718213,0.97594501718213,0,0,582,526,582,568,0.903780068728522,0.97594501718213,4325.16,1536.59,2122.71,,,,,,TRUE,"cw"
"default","score302_default","default",100,TRUE,"ELKR","BT","spawn",0,0,0,0,0,0,0,0,,,,,,0,0,0,0,0,0,,,4325.16,1536.59,2122.71,,,,,,TRUE,"cw"
"default","score302_default","default",100,TRUE,"ELKR","BT","rear",0,0,0,0,0,0,0,0,,,,,,0,0,0,0,0,0,,,4325.16,1536.59,2122.71,,,,,,TRUE,"cw"
"default","score302_default","default",100,TRUE,"ELKR","GR","any",1,0,0,1,1,1,1,1,0,1,1,1,1,0,0,1,1,1,1,1,1,,815.34,1081.79,,,,,,TRUE,"cw"
"default","score302_default","default",100,TRUE,"ELKR","GR","spawn",0,0,0,0,0,0,0,0,,,,,,0,0,0,0,0,0,,,,815.34,1081.79,,,,,,TRUE,"cw"
"default","score302_default","default",100,TRUE,"ELKR","GR","rear",0,0,0,0,0,0,0,0,,,,,,0,0,0,0,0,0,,,,815.34,1081.79,,,,,,TRUE,"cw"
"default","score302_default","default",100,TRUE,"ELKR","RB","any",34,0,33,1,29,33,33,33,0.970588235294118,0.852941176470588,0.970588235294118,0.970588235294118,0.970588235294118,0,0,34,29,34,33,0.852941176470588,0.970588235294118,2515.89,1356.23,1810.55,,,,,,TRUE,"cw"
"default","score302_default","default",100,TRUE,"ELKR","RB","spawn",0,0,0,0,0,0,0,0,,,,,,0,0,0,0,0,0,,,2515.89,1356.23,1810.55,,,,,,TRUE,"cw"
"default","score302_default","default",100,TRUE,"ELKR","RB","rear",11,0,11,0,9,11,11,11,1,0.818181818181818,1,1,1,0,0,11,9,11,11,0.818181818181818,1,2515.89,1356.23,1810.55,,,,,,TRUE,"cw"
"default","score302_default","default",100,TRUE,"KETL","BT","any",0,0,0,0,0,0,0,0,,,,,,0,0,0,0,0,0,,,,,,,,,,,TRUE,"cw"
"default","score302_default","default",100,TRUE,"KETL","BT","spawn",0,0,0,0,0,0,0,0,,,,,,0,0,0,0,0,0,,,,,,,,,,,TRUE,"cw"
"default","score302_default","default",100,TRUE,"KETL","BT","rear",0,0,0,0,0,0,0,0,,,,,,0,0,0,0,0,0,,,,,,,,,,,TRUE,"cw"
"default","score302_default","default",100,TRUE,"KETL","GR","any",0,0,0,0,0,0,0,0,,,,,,0,0,0,0,0,0,,,,,,,,,,,TRUE,"cw"
"default","score302_default","default",100,TRUE,"KETL","GR","spawn",0,0,0,0,0,0,0,0,,,,,,0,0,0,0,0,0,,,,,,,,,,,TRUE,"cw"
"default","score302_default","default",100,TRUE,"KETL","GR","rear",0,0,0,0,0,0,0,0,,,,,,0,0,0,0,0,0,,,,,,,,,,,TRUE,"cw"
"default","score302_default","default",100,TRUE,"KETL","RB","any",456,0,393,63,232,320,332,332,0.861842105263158,0.508771929824561,0.701754385964912,0.728070175438597,0.728070175438597,0,0,456,232,456,332,0.508771929824561,0.728070175438597,5792.57,1457.09,2290.4,,,,,,TRUE,"cw"
"default","score302_default","default",100,TRUE,"KETL","RB","spawn",61,0,55,6,22,34,46,46,0.901639344262295,0.360655737704918,0.557377049180328,0.754098360655738,0.754098360655738,0,0,61,22,61,46,0.360655737704918,0.754098360655738,5792.57,1457.09,2290.4,,,,,,TRUE,"cw"
"default","score302_default","default",100,TRUE,"KETL","RB","rear",217,0,184,33,97,147,149,149,0.847926267281106,0.447004608294931,0.67741935483871,0.686635944700461,0.686635944700461,0,0,217,97,217,149,0.447004608294931,0.686635944700461,5792.57,1457.09,2290.4,,,,,,TRUE,"cw"
"default","score302_default","default",100,TRUE,"KOTL","BT","any",206,0,203,3,127,169,174,174,0.985436893203884,0.616504854368932,0.820388349514563,0.844660194174757,0.844660194174757,0,0,206,127,206,174,0.616504854368932,0.844660194174757,3619.68,1035.15,1599.06,,,,,,TRUE,"cw"
"default","score302_default","default",100,TRUE,"KOTL","BT","spawn",0,0,0,0,0,0,0,0,,,,,,0,0,0,0,0,0,,,3619.68,1035.15,1599.06,,,,,,TRUE,"cw"
"default","score302_default","default",100,TRUE,"KOTL","BT","rear",0,0,0,0,0,0,0,0,,,,,,0,0,0,0,0,0,,,3619.68,1035.15,1599.06,,,,,,TRUE,"cw"
"default","score302_default","default",100,TRUE,"KOTL","GR","any",0,0,0,0,0,0,0,0,,,,,,0,0,0,0,0,0,,,,,,,,,,,TRUE,"cw"
"default","score302_default","default",100,TRUE,"KOTL","GR","spawn",0,0,0,0,0,0,0,0,,,,,,0,0,0,0,0,0,,,,,,,,,,,TRUE,"cw"
"default","score302_default","default",100,TRUE,"KOTL","GR","rear",0,0,0,0,0,0,0,0,,,,,,0,0,0,0,0,0,,,,,,,,,,,TRUE,"cw"
"default","score302_default","default",100,TRUE,"KOTL","RB","any",415,0,345,70,213,255,264,264,0.831325301204819,0.513253012048193,0.614457831325301,0.636144578313253,0.636144578313253,0,0,415,213,415,264,0.513253012048193,0.636144578313253,3614.72,1034.49,1513.3,,,,,,TRUE,"cw"
"default","score302_default","default",100,TRUE,"KOTL","RB","spawn",18,0,18,0,11,14,15,15,1,0.611111111111111,0.777777777777778,0.833333333333333,0.833333333333333,0,0,18,11,18,15,0.611111111111111,0.833333333333333,3614.72,1034.49,1513.3,,,,,,TRUE,"cw"
"default","score302_default","default",100,TRUE,"KOTL","RB","rear",196,0,147,49,73,94,94,94,0.75,0.372448979591837,0.479591836734694,0.479591836734694,0.479591836734694,0,0,196,73,196,94,0.372448979591837,0.479591836734694,3614.72,1034.49,1513.3,,,,,,TRUE,"cw"
"default","score302_default","default",100,TRUE,"KOTR","BT","any",184,0,183,1,142,165,165,165,0.994565217391304,0.771739130434783,0.896739130434783,0.896739130434783,0.896739130434783,0,0,184,142,184,165,0.771739130434783,0.896739130434783,2551.21,899.57,1309.99,,,,,,TRUE,"cw"
"default","score302_default","default",100,TRUE,"KOTR","BT","spawn",0,0,0,0,0,0,0,0,,,,,,0,0,0,0,0,0,,,2551.21,899.57,1309.99,,,,,,TRUE,"cw"
"default","score302_default","default",100,TRUE,"KOTR","BT","rear",0,0,0,0,0,0,0,0,,,,,,0,0,0,0,0,0,,,2551.21,899.57,1309.99,,,,,,TRUE,"cw"
"default","score302_default","default",100,TRUE,"KOTR","GR","any",0,0,0,0,0,0,0,0,,,,,,0,0,0,0,0,0,,,,,,,,,,,TRUE,"cw"
"default","score302_default","default",100,TRUE,"KOTR","GR","spawn",0,0,0,0,0,0,0,0,,,,,,0,0,0,0,0,0,,,,,,,,,,,TRUE,"cw"
"default","score302_default","default",100,TRUE,"KOTR","GR","rear",0,0,0,0,0,0,0,0,,,,,,0,0,0,0,0,0,,,,,,,,,,,TRUE,"cw"
"default","score302_default","default",100,TRUE,"KOTR","RB","any",43,0,28,15,17,23,24,24,0.651162790697674,0.395348837209302,0.534883720930233,0.558139534883721,0.558139534883721,0,0,43,17,43,24,0.395348837209302,0.558139534883721,1281.96,481.48,642.23,,,,,,TRUE,"cw"
"default","score302_default","default",100,TRUE,"KOTR","RB","spawn",1,0,0,1,0,0,0,0,0,0,0,0,0,0,0,1,0,1,0,0,0,1281.96,481.48,642.23,,,,,,TRUE,"cw"
"default","score302_default","default",100,TRUE,"KOTR","RB","rear",9,0,7,2,4,6,6,6,0.777777777777778,0.444444444444444,0.666666666666667,0.666666666666667,0.666666666666667,0,0,9,4,9,6,0.444444444444444,0.666666666666667,1281.96,481.48,642.23,,,,,,TRUE,"cw"
"default","score302_default","default",100,TRUE,"LHAF","BT","any",121,0,121,0,109,116,116,116,1,0.900826446280992,0.958677685950413,0.958677685950413,0.958677685950413,0,0,121,109,121,116,0.900826446280992,0.958677685950413,7612.75,1880.15,2729.77,,,,,,TRUE,"cw"
"default","score302_default","default",100,TRUE,"LHAF","BT","spawn",0,0,0,0,0,0,0,0,,,,,,0,0,0,0,0,0,,,7612.75,1880.15,2729.77,,,,,,TRUE,"cw"
"default","score302_default","default",100,TRUE,"LHAF","BT","rear",0,0,0,0,0,0,0,0,,,,,,0,0,0,0,0,0,,,7612.75,1880.15,2729.77,,,,,,TRUE,"cw"
"default","score302_default","default",100,TRUE,"LHAF","GR","any",109,0,109,0,92,98,98,98,1,0.844036697247706,0.89908256880734,0.89908256880734,0.89908256880734,0,0,109,92,109,98,0.844036697247706,0.89908256880734,4917.66,987.49,1498.45,,,,,,TRUE,"cw"
"default","score302_default","default",100,TRUE,"LHAF","GR","spawn",0,0,0,0,0,0,0,0,,,,,,0,0,0,0,0,0,,,4917.66,987.49,1498.45,,,,,,TRUE,"cw"
"default","score302_default","default",100,TRUE,"LHAF","GR","rear",12,0,12,0,6,11,11,11,1,0.5,0.916666666666667,0.916666666666667,0.916666666666667,0,0,12,6,12,11,0.5,0.916666666666667,4917.66,987.49,1498.45,,,,,,TRUE,"cw"
"default","score302_default","default",100,TRUE,"LHAF","RB","any",110,0,109,1,96,106,106,106,0.990909090909091,0.872727272727273,0.963636363636364,0.963636363636364,0.963636363636364,0,0,110,96,110,106,0.872727272727273,0.963636363636364,6222.66,1585.7,2264.34,,,,,,TRUE,"cw"
"default","score302_default","default",100,TRUE,"LHAF","RB","spawn",0,0,0,0,0,0,0,0,,,,,,0,0,0,0,0,0,,,6222.66,1585.7,2264.34,,,,,,TRUE,"cw"
"default","score302_default","default",100,TRUE,"LHAF","RB","rear",28,0,27,1,27,27,27,27,0.964285714285714,0.964285714285714,0.964285714285714,0.964285714285714,0.964285714285714,0,0,28,27,28,27,0.964285714285714,0.964285714285714,6222.66,1585.7,2264.34,,,,,,TRUE,"cw"
"default","score302_default","default",100,TRUE,"MURR","BT","any",263,0,260,3,244,253,255,255,0.988593155893536,0.927756653992395,0.961977186311787,0.96958174904943,0.96958174904943,0,0,263,244,263,255,0.927756653992395,0.96958174904943,6111.15,1676.24,2422.18,,,,,,TRUE,"cw"
"default","score302_default","default",100,TRUE,"MURR","BT","spawn",3,0,3,0,3,3,3,3,1,1,1,1,1,0,0,3,3,3,3,1,1,6111.15,1676.24,2422.18,,,,,,TRUE,"cw"
"default","score302_default","default",100,TRUE,"MURR","BT","rear",1,0,1,0,1,1,1,1,1,1,1,1,1,0,0,1,1,1,1,1,1,6111.15,1676.24,2422.18,,,,,,TRUE,"cw"
"default","score302_default","default",100,TRUE,"MURR","GR","any",95,0,92,3,82,84,84,84,0.968421052631579,0.863157894736842,0.88421052631579,0.88421052631579,0.88421052631579,0,0,95,82,95,84,0.863157894736842,0.88421052631579,3299.8,799.5,1119.19,,,,,,TRUE,"cw"
"default","score302_default","default",100,TRUE,"MURR","GR","spawn",2,0,2,0,1,1,1,1,1,0.5,0.5,0.5,0.5,0,0,2,1,2,1,0.5,0.5,3299.8,799.5,1119.19,,,,,,TRUE,"cw"
"default","score302_default","default",100,TRUE,"MURR","GR","rear",12,0,12,0,12,12,12,12,1,1,1,1,1,0,0,12,12,12,12,1,1,3299.8,799.5,1119.19,,,,,,TRUE,"cw"
"default","score302_default","default",100,TRUE,"MURR","RB","any",27,0,22,5,20,20,20,20,0.814814814814815,0.740740740740741,0.740740740740741,0.740740740740741,0.740740740740741,0,0,27,20,27,20,0.740740740740741,0.740740740740741,5164.06,1419.92,2062.95,,,,,,TRUE,"cw"
"default","score302_default","default",100,TRUE,"MURR","RB","spawn",0,0,0,0,0,0,0,0,,,,,,0,0,0,0,0,0,,,5164.06,1419.92,2062.95,,,,,,TRUE,"cw"
"default","score302_default","default",100,TRUE,"MURR","RB","rear",15,0,12,3,12,12,12,12,0.8,0.8,0.8,0.8,0.8,0,0,15,12,15,12,0.8,0.8,5164.06,1419.92,2062.95,,,,,,TRUE,"cw"
"default","score302_default","default",100,TRUE,"OKAN","BT","any",0,0,0,0,0,0,0,0,,,,,,0,0,0,0,0,0,,,4853.09,1059.25,1618.37,,,,,,TRUE,"cw"
"default","score302_default","default",100,TRUE,"OKAN","BT","spawn",0,0,0,0,0,0,0,0,,,,,,0,0,0,0,0,0,,,4853.09,1059.25,1618.37,,,,,,TRUE,"cw"
"default","score302_default","default",100,TRUE,"OKAN","BT","rear",0,0,0,0,0,0,0,0,,,,,,0,0,0,0,0,0,,,4853.09,1059.25,1618.37,,,,,,TRUE,"cw"
"default","score302_default","default",100,TRUE,"OKAN","GR","any",0,0,0,0,0,0,0,0,,,,,,0,0,0,0,0,0,,,,,,,,,,,TRUE,"cw"
"default","score302_default","default",100,TRUE,"OKAN","GR","spawn",0,0,0,0,0,0,0,0,,,,,,0,0,0,0,0,0,,,,,,,,,,,TRUE,"cw"
"default","score302_default","default",100,TRUE,"OKAN","GR","rear",0,0,0,0,0,0,0,0,,,,,,0,0,0,0,0,0,,,,,,,,,,,TRUE,"cw"
"default","score302_default","default",100,TRUE,"OKAN","RB","any",626,0,489,137,337,404,414,414,0.781150159744409,0.538338658146965,0.645367412140575,0.661341853035144,0.661341853035144,0,0,626,337,626,414,0.538338658146965,0.661341853035144,4718.82,1025.68,1566.54,,,,,,TRUE,"cw"
"default","score302_default","default",100,TRUE,"OKAN","RB","spawn",67,0,29,38,17,23,25,25,0.432835820895522,0.253731343283582,0.343283582089552,0.373134328358209,0.373134328358209,0,0,67,17,67,25,0.253731343283582,0.373134328358209,4718.82,1025.68,1566.54,,,,,,TRUE,"cw"
"default","score302_default","default",100,TRUE,"OKAN","RB","rear",216,0,190,26,151,169,169,169,0.87962962962963,0.699074074074074,0.782407407407407,0.782407407407407,0.782407407407407,0,0,216,151,216,169,0.699074074074074,0.782407407407407,4718.82,1025.68,1566.54,,,,,,TRUE,"cw"
"default","score302_default","default",100,TRUE,"PARS","BT","any",281,0,281,0,233,262,262,262,1,0.829181494661922,0.932384341637011,0.932384341637011,0.932384341637011,0,0,281,233,281,262,0.829181494661922,0.932384341637011,6883.03,1685.37,2634.99,,,,,,TRUE,"cw"
"default","score302_default","default",100,TRUE,"PARS","BT","spawn",0,0,0,0,0,0,0,0,,,,,,0,0,0,0,0,0,,,6883.03,1685.37,2634.99,,,,,,TRUE,"cw"
"default","score302_default","default",100,TRUE,"PARS","BT","rear",0,0,0,0,0,0,0,0,,,,,,0,0,0,0,0,0,,,6883.03,1685.37,2634.99,,,,,,TRUE,"cw"
"default","score302_default","default",100,TRUE,"PARS","GR","any",196,0,191,5,187,190,190,190,0.974489795918367,0.954081632653061,0.969387755102041,0.969387755102041,0.969387755102041,0,0,196,187,196,190,0.954081632653061,0.969387755102041,4442.31,983.86,1366.28,,,,,,TRUE,"cw"
"default","score302_default","default",100,TRUE,"PARS","GR","spawn",1,0,1,0,1,1,1,1,1,1,1,1,1,0,0,1,1,1,1,1,1,4442.31,983.86,1366.28,,,,,,TRUE,"cw"
"default","score302_default","default",100,TRUE,"PARS","GR","rear",99,0,97,2,97,97,97,97,0.97979797979798,0.97979797979798,0.97979797979798,0.97979797979798,0.97979797979798,0,0,99,97,99,97,0.97979797979798,0.97979797979798,4442.31,983.86,1366.28,,,,,,TRUE,"cw"
"default","score302_default","default",100,TRUE,"PARS","RB","any",282,0,0,282,208,237,237,237,0,0.73758865248227,0.840425531914894,0.840425531914894,0.840425531914894,0,0,282,208,282,237,0.73758865248227,0.840425531914894,,1558.89,2469.37,,,,,,TRUE,"cw"
"default","score302_default","default",100,TRUE,"PARS","RB","spawn",1,0,0,1,1,1,1,1,0,1,1,1,1,0,0,1,1,1,1,1,1,,1558.89,2469.37,,,,,,TRUE,"cw"
"default","score302_default","default",100,TRUE,"PARS","RB","rear",178,0,0,178,119,142,142,142,0,0.668539325842697,0.797752808988764,0.797752808988764,0.797752808988764,0,0,178,119,178,142,0.668539325842697,0.797752808988764,,1558.89,2469.37,,,,,,TRUE,"cw"
"default","score302_default","default",100,TRUE,"REVL","BT","any",308,0,300,8,200,244,255,255,0.974025974025974,0.649350649350649,0.792207792207792,0.827922077922078,0.827922077922078,0,0,308,200,308,255,0.649350649350649,0.827922077922078,1133.38,412.05,561.14,,,,,,TRUE,"cw"
"default","score302_default","default",100,TRUE,"REVL","BT","spawn",0,0,0,0,0,0,0,0,,,,,,0,0,0,0,0,0,,,1133.38,412.05,561.14,,,,,,TRUE,"cw"
"default","score302_default","default",100,TRUE,"REVL","BT","rear",0,0,0,0,0,0,0,0,,,,,,0,0,0,0,0,0,,,1133.38,412.05,561.14,,,,,,TRUE,"cw"
"default","score302_default","default",100,TRUE,"REVL","GR","any",0,0,0,0,0,0,0,0,,,,,,0,0,0,0,0,0,,,,,,,,,,,TRUE,"cw"
"default","score302_default","default",100,TRUE,"REVL","GR","spawn",0,0,0,0,0,0,0,0,,,,,,0,0,0,0,0,0,,,,,,,,,,,TRUE,"cw"
"default","score302_default","default",100,TRUE,"REVL","GR","rear",0,0,0,0,0,0,0,0,,,,,,0,0,0,0,0,0,,,,,,,,,,,TRUE,"cw"
"default","score302_default","default",100,TRUE,"REVL","RB","any",218,0,90,128,82,82,82,82,0.412844036697248,0.376146788990826,0.376146788990826,0.376146788990826,0.376146788990826,0,0,218,82,218,82,0.376146788990826,0.376146788990826,19.66,13.04,13.17,,,,,,TRUE,"cw"
"default","score302_default","default",100,TRUE,"REVL","RB","spawn",2,0,0,2,0,0,0,0,0,0,0,0,0,0,0,2,0,2,0,0,0,19.66,13.04,13.17,,,,,,TRUE,"cw"
"default","score302_default","default",100,TRUE,"REVL","RB","rear",56,0,23,33,21,21,21,21,0.410714285714286,0.375,0.375,0.375,0.375,0,0,56,21,56,21,0.375,0.375,19.66,13.04,13.17,,,,,,TRUE,"cw"
"default","score302_default","default",100,TRUE,"SIML","BT","any",1,0,1,0,0,0,0,0,1,0,0,0,0,0,0,1,0,1,0,0,0,4625.72,1188.38,1864.03,,,,,,TRUE,"cw"
"default","score302_default","default",100,TRUE,"SIML","BT","spawn",0,0,0,0,0,0,0,0,,,,,,0,0,0,0,0,0,,,4625.72,1188.38,1864.03,,,,,,TRUE,"cw"
"default","score302_default","default",100,TRUE,"SIML","BT","rear",0,0,0,0,0,0,0,0,,,,,,0,0,0,0,0,0,,,4625.72,1188.38,1864.03,,,,,,TRUE,"cw"
"default","score302_default","default",100,TRUE,"SIML","GR","any",0,0,0,0,0,0,0,0,,,,,,0,0,0,0,0,0,,,,,,,,,,,TRUE,"cw"
"default","score302_default","default",100,TRUE,"SIML","GR","spawn",0,0,0,0,0,0,0,0,,,,,,0,0,0,0,0,0,,,,,,,,,,,TRUE,"cw"
"default","score302_default","default",100,TRUE,"SIML","GR","rear",0,0,0,0,0,0,0,0,,,,,,0,0,0,0,0,0,,,,,,,,,,,TRUE,"cw"
"default","score302_default","default",100,TRUE,"SIML","RB","any",514,0,407,107,286,342,352,352,0.791828793774319,0.556420233463035,0.665369649805447,0.684824902723735,0.684824902723735,0,0,514,286,514,352,0.556420233463035,0.684824902723735,4621.52,1188.38,1862.98,,,,,,TRUE,"cw"
"default","score302_default","default",100,TRUE,"SIML","RB","spawn",44,0,24,20,12,15,18,18,0.545454545454545,0.272727272727273,0.340909090909091,0.409090909090909,0.409090909090909,0,0,44,12,44,18,0.272727272727273,0.409090909090909,4621.52,1188.38,1862.98,,,,,,TRUE,"cw"
"default","score302_default","default",100,TRUE,"SIML","RB","rear",161,0,115,46,74,93,93,93,0.714285714285714,0.459627329192547,0.577639751552795,0.577639751552795,0.577639751552795,0,0,161,74,161,93,0.459627329192547,0.577639751552795,4621.52,1188.38,1862.98,,,,,,TRUE,"cw"
"default","score302_default","default",100,TRUE,"UARL","BT","any",242,0,240,2,123,169,169,169,0.991735537190083,0.508264462809917,0.698347107438017,0.698347107438017,0.698347107438017,0,0,242,123,242,169,0.508264462809917,0.698347107438017,1913.74,529.54,776.92,,,,,,TRUE,"cw"
"default","score302_default","default",100,TRUE,"UARL","BT","spawn",0,0,0,0,0,0,0,0,,,,,,0,0,0,0,0,0,,,1913.74,529.54,776.92,,,,,,TRUE,"cw"
"default","score302_default","default",100,TRUE,"UARL","BT","rear",0,0,0,0,0,0,0,0,,,,,,0,0,0,0,0,0,,,1913.74,529.54,776.92,,,,,,TRUE,"cw"
"default","score302_default","default",100,TRUE,"UARL","GR","any",0,0,0,0,0,0,0,0,,,,,,0,0,0,0,0,0,,,,,,,,,,,TRUE,"cw"
"default","score302_default","default",100,TRUE,"UARL","GR","spawn",0,0,0,0,0,0,0,0,,,,,,0,0,0,0,0,0,,,,,,,,,,,TRUE,"cw"
"default","score302_default","default",100,TRUE,"UARL","GR","rear",0,0,0,0,0,0,0,0,,,,,,0,0,0,0,0,0,,,,,,,,,,,TRUE,"cw"
"default","score302_default","default",100,TRUE,"UARL","RB","any",397,0,288,109,154,206,209,209,0.72544080604534,0.387909319899244,0.518891687657431,0.526448362720403,0.526448362720403,0,0,397,154,397,209,0.387909319899244,0.526448362720403,1718.13,465.13,655.75,,,,,,TRUE,"cw"
"default","score302_default","default",100,TRUE,"UARL","RB","spawn",13,0,8,5,5,6,6,6,0.615384615384615,0.384615384615385,0.461538461538462,0.461538461538462,0.461538461538462,0,0,13,5,13,6,0.384615384615385,0.461538461538462,1718.13,465.13,655.75,,,,,,TRUE,"cw"
"default","score302_default","default",100,TRUE,"UARL","RB","rear",227,0,158,69,79,108,109,109,0.696035242290749,0.348017621145374,0.475770925110132,0.480176211453745,0.480176211453745,0,0,227,79,227,109,0.348017621145374,0.480176211453745,1718.13,465.13,655.75,,,,,,TRUE,"cw"
"default","score302_default","default",100,TRUE,"UBTN","BT","any",1,0,1,0,1,1,1,1,1,1,1,1,1,0,0,1,1,1,1,1,1,8292.29,2049.2,3068.63,,,,,,TRUE,"cw"
"default","score302_default","default",100,TRUE,"UBTN","BT","spawn",0,0,0,0,0,0,0,0,,,,,,0,0,0,0,0,0,,,8292.29,2049.2,3068.63,,,,,,TRUE,"cw"
"default","score302_default","default",100,TRUE,"UBTN","BT","rear",0,0,0,0,0,0,0,0,,,,,,0,0,0,0,0,0,,,8292.29,2049.2,3068.63,,,,,,TRUE,"cw"
"default","score302_default","default",100,TRUE,"UBTN","GR","any",57,0,55,2,35,48,48,48,0.964912280701754,0.614035087719298,0.842105263157895,0.842105263157895,0.842105263157895,0,0,57,35,57,48,0.614035087719298,0.842105263157895,7388.85,1254.66,2087.06,,,,,,TRUE,"cw"
"default","score302_default","default",100,TRUE,"UBTN","GR","spawn",0,0,0,0,0,0,0,0,,,,,,0,0,0,0,0,0,,,7388.85,1254.66,2087.06,,,,,,TRUE,"cw"
"default","score302_default","default",100,TRUE,"UBTN","GR","rear",27,0,25,2,14,21,21,21,0.925925925925926,0.518518518518518,0.777777777777778,0.777777777777778,0.777777777777778,0,0,27,14,27,21,0.518518518518518,0.777777777777778,7388.85,1254.66,2087.06,,,,,,TRUE,"cw"
"default","score302_default","default",100,TRUE,"UBTN","RB","any",0,0,0,0,0,0,0,0,,,,,,0,0,0,0,0,0,,,8292.29,2049.2,3223.93,,,,,,TRUE,"cw"
"default","score302_default","default",100,TRUE,"UBTN","RB","spawn",0,0,0,0,0,0,0,0,,,,,,0,0,0,0,0,0,,,8292.29,2049.2,3223.93,,,,,,TRUE,"cw"
"default","score302_default","default",100,TRUE,"UBTN","RB","rear",0,0,0,0,0,0,0,0,,,,,,0,0,0,0,0,0,,,8292.29,2049.2,3223.93,,,,,,TRUE,"cw"
"bt_rear_mad_p10","score302_bt_rear_mad_p10","bt_rear_mad_p10",0,TRUE,"ELKR","BT","any",582,0,578,4,513,550,551,558,0.993127147766323,0.881443298969072,0.945017182130584,0.946735395189003,0.958762886597938,0,0,582,513,582,551,0.881443298969072,0.946735395189003,4325.16,1556.86,1724.62,,,,,,FALSE,"mad"
"bt_rear_mad_p10","score302_bt_rear_mad_p10","bt_rear_mad_p10",0,TRUE,"ELKR","BT","spawn",0,0,0,0,0,0,0,0,,,,,,0,0,0,0,0,0,,,4325.16,1556.86,1724.62,,,,,,FALSE,"mad"
"bt_rear_mad_p10","score302_bt_rear_mad_p10","bt_rear_mad_p10",0,TRUE,"ELKR","BT","rear",0,0,0,0,0,0,0,0,,,,,,0,0,0,0,0,0,,,4325.16,1556.86,1724.62,,,,,,FALSE,"mad"
"bt_rear_mad_p10","score302_bt_rear_mad_p10","bt_rear_mad_p10",0,TRUE,"KOTL","BT","any",206,0,203,3,114,164,172,172,0.985436893203884,0.553398058252427,0.796116504854369,0.83495145631068,0.83495145631068,0,0,206,114,206,172,0.553398058252427,0.83495145631068,3619.68,1020.3,1394.92,,,,,,FALSE,"mad"
"bt_rear_mad_p10","score302_bt_rear_mad_p10","bt_rear_mad_p10",0,TRUE,"KOTL","BT","spawn",0,0,0,0,0,0,0,0,,,,,,0,0,0,0,0,0,,,3619.68,1020.3,1394.92,,,,,,FALSE,"mad"
"bt_rear_mad_p10","score302_bt_rear_mad_p10","bt_rear_mad_p10",0,TRUE,"KOTL","BT","rear",0,0,0,0,0,0,0,0,,,,,,0,0,0,0,0,0,,,3619.68,1020.3,1394.92,,,,,,FALSE,"mad"
"bt_rear_mad_p10","score302_bt_rear_mad_p10","bt_rear_mad_p10",0,TRUE,"KOTR","BT","any",184,0,183,1,139,157,157,160,0.994565217391304,0.755434782608696,0.853260869565217,0.853260869565217,0.869565217391304,0,0,184,139,184,157,0.755434782608696,0.853260869565217,2551.21,930.82,1125.82,,,,,,FALSE,"mad"
"bt_rear_mad_p10","score302_bt_rear_mad_p10","bt_rear_mad_p10",0,TRUE,"KOTR","BT","spawn",0,0,0,0,0,0,0,0,,,,,,0,0,0,0,0,0,,,2551.21,930.82,1125.82,,,,,,FALSE,"mad"
"bt_rear_mad_p10","score302_bt_rear_mad_p10","bt_rear_mad_p10",0,TRUE,"KOTR","BT","rear",0,0,0,0,0,0,0,0,,,,,,0,0,0,0,0,0,,,2551.21,930.82,1125.82,,,,,,FALSE,"mad"
"bt_rear_mad_p10","score302_bt_rear_mad_p10","bt_rear_mad_p10",0,TRUE,"LHAF","BT","any",121,0,121,0,35,41,41,42,1,0.289256198347107,0.338842975206612,0.338842975206612,0.347107438016529,0,0,121,35,121,41,0.289256198347107,0.338842975206612,7612.75,1359.8,1431.68,,,,,,FALSE,"mad"
"bt_rear_mad_p10","score302_bt_rear_mad_p10","bt_rear_mad_p10",0,TRUE,"LHAF","BT","spawn",0,0,0,0,0,0,0,0,,,,,,0,0,0,0,0,0,,,7612.75,1359.8,1431.68,,,,,,FALSE,"mad"
"bt_rear_mad_p10","score302_bt_rear_mad_p10","bt_rear_mad_p10",0,TRUE,"LHAF","BT","rear",0,0,0,0,0,0,0,0,,,,,,0,0,0,0,0,0,,,7612.75,1359.8,1431.68,,,,,,FALSE,"mad"
"bt_rear_mad_p10","score302_bt_rear_mad_p10","bt_rear_mad_p10",0,TRUE,"MURR","BT","any",263,0,260,3,240,243,245,251,0.988593155893536,0.91254752851711,0.923954372623574,0.931558935361217,0.954372623574145,0,0,263,240,263,245,0.91254752851711,0.931558935361217,6111.15,1528.61,1588.81,,,,,,FALSE,"mad"
"bt_rear_mad_p10","score302_bt_rear_mad_p10","bt_rear_mad_p10",0,TRUE,"MURR","BT","spawn",3,0,3,0,3,3,3,3,1,1,1,1,1,0,0,3,3,3,3,1,1,6111.15,1528.61,1588.81,,,,,,FALSE,"mad"
"bt_rear_mad_p10","score302_bt_rear_mad_p10","bt_rear_mad_p10",0,TRUE,"MURR","BT","rear",1,0,1,0,1,1,1,1,1,1,1,1,1,0,0,1,1,1,1,1,1,6111.15,1528.61,1588.81,,,,,,FALSE,"mad"
"bt_rear_mad_p10","score302_bt_rear_mad_p10","bt_rear_mad_p10",0,TRUE,"PARS","BT","any",281,0,281,0,229,249,249,253,1,0.814946619217082,0.886120996441281,0.886120996441281,0.900355871886121,0,0,281,229,281,249,0.814946619217082,0.886120996441281,6883.03,1939.78,2239.41,,,,,,FALSE,"mad"
"bt_rear_mad_p10","score302_bt_rear_mad_p10","bt_rear_mad_p10",0,TRUE,"PARS","BT","spawn",0,0,0,0,0,0,0,0,,,,,,0,0,0,0,0,0,,,6883.03,1939.78,2239.41,,,,,,FALSE,"mad"
"bt_rear_mad_p10","score302_bt_rear_mad_p10","bt_rear_mad_p10",0,TRUE,"PARS","BT","rear",0,0,0,0,0,0,0,0,,,,,,0,0,0,0,0,0,,,6883.03,1939.78,2239.41,,,,,,FALSE,"mad"
"bt_rear_mad_p10","score302_bt_rear_mad_p10","bt_rear_mad_p10",0,TRUE,"REVL","BT","any",308,0,300,8,90,121,125,136,0.974025974025974,0.292207792207792,0.392857142857143,0.405844155844156,0.441558441558442,0,0,308,90,308,125,0.292207792207792,0.405844155844156,1133.38,448.16,565.83,,,,,,FALSE,"mad"
"bt_rear_mad_p10","score302_bt_rear_mad_p10","bt_rear_mad_p10",0,TRUE,"REVL","BT","spawn",0,0,0,0,0,0,0,0,,,,,,0,0,0,0,0,0,,,1133.38,448.16,565.83,,,,,,FALSE,"mad"
"bt_rear_mad_p10","score302_bt_rear_mad_p10","bt_rear_mad_p10",0,TRUE,"REVL","BT","rear",0,0,0,0,0,0,0,0,,,,,,0,0,0,0,0,0,,,1133.38,448.16,565.83,,,,,,FALSE,"mad"
"bt_rear_mad_p10","score302_bt_rear_mad_p10","bt_rear_mad_p10",0,TRUE,"UARL","BT","any",242,0,240,2,108,153,155,157,0.991735537190083,0.446280991735537,0.632231404958678,0.640495867768595,0.648760330578512,0,0,242,108,242,155,0.446280991735537,0.640495867768595,1913.74,619.92,809.52,,,,,,FALSE,"mad"
"bt_rear_mad_p10","score302_bt_rear_mad_p10","bt_rear_mad_p10",0,TRUE,"UARL","BT","spawn",0,0,0,0,0,0,0,0,,,,,,0,0,0,0,0,0,,,1913.74,619.92,809.52,,,,,,FALSE,"mad"
"bt_rear_mad_p10","score302_bt_rear_mad_p10","bt_rear_mad_p10",0,TRUE,"UARL","BT","rear",0,0,0,0,0,0,0,0,,,,,,0,0,0,0,0,0,,,1913.74,619.92,809.52,,,,,,FALSE,"mad"
"bt_rear_mad_p10","score302_bt_rear_mad_p10","bt_rear_mad_p10",0,TRUE,"UBTN","BT","any",1,0,1,0,1,1,1,1,1,1,1,1,1,0,0,1,1,1,1,1,1,8292.29,1371.33,1432.43,,,,,,FALSE,"mad"
"bt_rear_mad_p10","score302_bt_rear_mad_p10","bt_rear_mad_p10",0,TRUE,"UBTN","BT","spawn",0,0,0,0,0,0,0,0,,,,,,0,0,0,0,0,0,,,8292.29,1371.33,1432.43,,,,,,FALSE,"mad"
"bt_rear_mad_p10","score302_bt_rear_mad_p10","bt_rear_mad_p10",0,TRUE,"UBTN","BT","rear",0,0,0,0,0,0,0,0,,,,,,0,0,0,0,0,0,,,8292.29,1371.33,1432.43,,,,,,FALSE,"mad"
"bt_rear_mad_p10","score302_bt_rear_mad_p10","bt_rear_mad_p10",100,TRUE,"ELKR","BT","any",582,0,578,4,524,554,555,562,0.993127147766323,0.900343642611684,0.951890034364261,0.95360824742268,0.965635738831615,0,0,582,524,582,555,0.900343642611684,0.95360824742268,4325.16,1556.86,1724.62,,,,,,FALSE,"mad"
"bt_rear_mad_p10","score302_bt_rear_mad_p10","bt_rear_mad_p10",100,TRUE,"ELKR","BT","spawn",0,0,0,0,0,0,0,0,,,,,,0,0,0,0,0,0,,,4325.16,1556.86,1724.62,,,,,,FALSE,"mad"
"bt_rear_mad_p10","score302_bt_rear_mad_p10","bt_rear_mad_p10",100,TRUE,"ELKR","BT","rear",0,0,0,0,0,0,0,0,,,,,,0,0,0,0,0,0,,,4325.16,1556.86,1724.62,,,,,,FALSE,"mad"
"bt_rear_mad_p10","score302_bt_rear_mad_p10","bt_rear_mad_p10",100,TRUE,"KOTL","BT","any",206,0,203,3,125,171,175,175,0.985436893203884,0.606796116504854,0.830097087378641,0.849514563106796,0.849514563106796,0,0,206,125,206,175,0.606796116504854,0.849514563106796,3619.68,1020.3,1394.92,,,,,,FALSE,"mad"
"bt_rear_mad_p10","score302_bt_rear_mad_p10","bt_rear_mad_p10",100,TRUE,"KOTL","BT","spawn",0,0,0,0,0,0,0,0,,,,,,0,0,0,0,0,0,,,3619.68,1020.3,1394.92,,,,,,FALSE,"mad"
"bt_rear_mad_p10","score302_bt_rear_mad_p10","bt_rear_mad_p10",100,TRUE,"KOTL","BT","rear",0,0,0,0,0,0,0,0,,,,,,0,0,0,0,0,0,,,3619.68,1020.3,1394.92,,,,,,FALSE,"mad"
"bt_rear_mad_p10","score302_bt_rear_mad_p10","bt_rear_mad_p10",100,TRUE,"KOTR","BT","any",184,0,183,1,143,159,159,163,0.994565217391304,0.777173913043478,0.864130434782609,0.864130434782609,0.885869565217391,0,0,184,143,184,159,0.777173913043478,0.864130434782609,2551.21,930.82,1125.82,,,,,,FALSE,"mad"
"bt_rear_mad_p10","score302_bt_rear_mad_p10","bt_rear_mad_p10",100,TRUE,"KOTR","BT","spawn",0,0,0,0,0,0,0,0,,,,,,0,0,0,0,0,0,,,2551.21,930.82,1125.82,,,,,,FALSE,"mad"
"bt_rear_mad_p10","score302_bt_rear_mad_p10","bt_rear_mad_p10",100,TRUE,"KOTR","BT","rear",0,0,0,0,0,0,0,0,,,,,,0,0,0,0,0,0,,,2551.21,930.82,1125.82,,,,,,FALSE,"mad"
"bt_rear_mad_p10","score302_bt_rear_mad_p10","bt_rear_mad_p10",100,TRUE,"LHAF","BT","any",121,0,121,0,35,41,41,42,1,0.289256198347107,0.338842975206612,0.338842975206612,0.347107438016529,0,0,121,35,121,41,0.289256198347107,0.338842975206612,7612.75,1359.8,1431.68,,,,,,FALSE,"mad"
"bt_rear_mad_p10","score302_bt_rear_mad_p10","bt_rear_mad_p10",100,TRUE,"LHAF","BT","spawn",0,0,0,0,0,0,0,0,,,,,,0,0,0,0,0,0,,,7612.75,1359.8,1431.68,,,,,,FALSE,"mad"
"bt_rear_mad_p10","score302_bt_rear_mad_p10","bt_rear_mad_p10",100,TRUE,"LHAF","BT","rear",0,0,0,0,0,0,0,0,,,,,,0,0,0,0,0,0,,,7612.75,1359.8,1431.68,,,,,,FALSE,"mad"
"bt_rear_mad_p10","score302_bt_rear_mad_p10","bt_rear_mad_p10",100,TRUE,"MURR","BT","any",263,0,260,3,245,243,245,252,0.988593155893536,0.931558935361217,0.923954372623574,0.931558935361217,0.958174904942966,0,0,263,245,263,245,0.931558935361217,0.931558935361217,6111.15,1528.61,1588.81,,,,,,FALSE,"mad"
"bt_rear_mad_p10","score302_bt_rear_mad_p10","bt_rear_mad_p10",100,TRUE,"MURR","BT","spawn",3,0,3,0,3,3,3,3,1,1,1,1,1,0,0,3,3,3,3,1,1,6111.15,1528.61,1588.81,,,,,,FALSE,"mad"
"bt_rear_mad_p10","score302_bt_rear_mad_p10","bt_rear_mad_p10",100,TRUE,"MURR","BT","rear",1,0,1,0,1,1,1,1,1,1,1,1,1,0,0,1,1,1,1,1,1,6111.15,1528.61,1588.81,,,,,,FALSE,"mad"
"bt_rear_mad_p10","score302_bt_rear_mad_p10","bt_rear_mad_p10",100,TRUE,"PARS","BT","any",281,0,281,0,232,254,254,257,1,0.825622775800712,0.903914590747331,0.903914590747331,0.914590747330961,0,0,281,232,281,254,0.825622775800712,0.903914590747331,6883.03,1939.78,2239.41,,,,,,FALSE,"mad"
"bt_rear_mad_p10","score302_bt_rear_mad_p10","bt_rear_mad_p10",100,TRUE,"PARS","BT","spawn",0,0,0,0,0,0,0,0,,,,,,0,0,0,0,0,0,,,6883.03,1939.78,2239.41,,,,,,FALSE,"mad"
"bt_rear_mad_p10","score302_bt_rear_mad_p10","bt_rear_mad_p10",100,TRUE,"PARS","BT","rear",0,0,0,0,0,0,0,0,,,,,,0,0,0,0,0,0,,,6883.03,1939.78,2239.41,,,,,,FALSE,"mad"
"bt_rear_mad_p10","score302_bt_rear_mad_p10","bt_rear_mad_p10",100,TRUE,"REVL","BT","any",308,0,300,8,95,125,128,140,0.974025974025974,0.308441558441558,0.405844155844156,0.415584415584416,0.454545454545455,0,0,308,95,308,128,0.308441558441558,0.415584415584416,1133.38,448.16,565.83,,,,,,FALSE,"mad"
"bt_rear_mad_p10","score302_bt_rear_mad_p10","bt_rear_mad_p10",100,TRUE,"REVL","BT","spawn",0,0,0,0,0,0,0,0,,,,,,0,0,0,0,0,0,,,1133.38,448.16,565.83,,,,,,FALSE,"mad"
"bt_rear_mad_p10","score302_bt_rear_mad_p10","bt_rear_mad_p10",100,TRUE,"REVL","BT","rear",0,0,0,0,0,0,0,0,,,,,,0,0,0,0,0,0,,,1133.38,448.16,565.83,,,,,,FALSE,"mad"
"bt_rear_mad_p10","score302_bt_rear_mad_p10","bt_rear_mad_p10",100,TRUE,"UARL","BT","any",242,0,240,2,115,160,160,162,0.991735537190083,0.475206611570248,0.661157024793388,0.661157024793388,0.669421487603306,0,0,242,115,242,160,0.475206611570248,0.661157024793388,1913.74,619.92,809.52,,,,,,FALSE,"mad"
"bt_rear_mad_p10","score302_bt_rear_mad_p10","bt_rear_mad_p10",100,TRUE,"UARL","BT","spawn",0,0,0,0,0,0,0,0,,,,,,0,0,0,0,0,0,,,1913.74,619.92,809.52,,,,,,FALSE,"mad"
"bt_rear_mad_p10","score302_bt_rear_mad_p10","bt_rear_mad_p10",100,TRUE,"UARL","BT","rear",0,0,0,0,0,0,0,0,,,,,,0,0,0,0,0,0,,,1913.74,619.92,809.52,,,,,,FALSE,"mad"
"bt_rear_mad_p10","score302_bt_rear_mad_p10","bt_rear_mad_p10",100,TRUE,"UBTN","BT","any",1,0,1,0,1,1,1,1,1,1,1,1,1,0,0,1,1,1,1,1,1,8292.29,1371.33,1432.43,,,,,,FALSE,"mad"
"bt_rear_mad_p10","score302_bt_rear_mad_p10","bt_rear_mad_p10",100,TRUE,"UBTN","BT","spawn",0,0,0,0,0,0,0,0,,,,,,0,0,0,0,0,0,,,8292.29,1371.33,1432.43,,,,,,FALSE,"mad"
"bt_rear_mad_p10","score302_bt_rear_mad_p10","bt_rear_mad_p10",100,TRUE,"UBTN","BT","rear",0,0,0,0,0,0,0,0,,,,,,0,0,0,0,0,0,,,8292.29,1371.33,1432.43,,,,,,FALSE,"mad"
"bt_rear_mad_p05","score302_bt_rear_mad_p05","bt_rear_mad_p05",0,TRUE,"ELKR","BT","any",582,0,578,4,513,561,562,562,0.993127147766323,0.881443298969072,0.963917525773196,0.965635738831615,0.965635738831615,0,0,582,513,582,562,0.881443298969072,0.965635738831615,4325.16,1556.86,2068.1,,,,,,FALSE,"mad"
"bt_rear_mad_p05","score302_bt_rear_mad_p05","bt_rear_mad_p05",0,TRUE,"ELKR","BT","spawn",0,0,0,0,0,0,0,0,,,,,,0,0,0,0,0,0,,,4325.16,1556.86,2068.1,,,,,,FALSE,"mad"
"bt_rear_mad_p05","score302_bt_rear_mad_p05","bt_rear_mad_p05",0,TRUE,"ELKR","BT","rear",0,0,0,0,0,0,0,0,,,,,,0,0,0,0,0,0,,,4325.16,1556.86,2068.1,,,,,,FALSE,"mad"
"bt_rear_mad_p05","score302_bt_rear_mad_p05","bt_rear_mad_p05",0,TRUE,"KOTL","BT","any",206,0,203,3,114,164,173,173,0.985436893203884,0.553398058252427,0.796116504854369,0.839805825242718,0.839805825242718,0,0,206,114,206,173,0.553398058252427,0.839805825242718,3619.68,1020.3,1578.25,,,,,,FALSE,"mad"
"bt_rear_mad_p05","score302_bt_rear_mad_p05","bt_rear_mad_p05",0,TRUE,"KOTL","BT","spawn",0,0,0,0,0,0,0,0,,,,,,0,0,0,0,0,0,,,3619.68,1020.3,1578.25,,,,,,FALSE,"mad"
"bt_rear_mad_p05","score302_bt_rear_mad_p05","bt_rear_mad_p05",0,TRUE,"KOTL","BT","rear",0,0,0,0,0,0,0,0,,,,,,0,0,0,0,0,0,,,3619.68,1020.3,1578.25,,,,,,FALSE,"mad"
"bt_rear_mad_p05","score302_bt_rear_mad_p05","bt_rear_mad_p05",0,TRUE,"KOTR","BT","any",184,0,183,1,139,166,166,166,0.994565217391304,0.755434782608696,0.902173913043478,0.902173913043478,0.902173913043478,0,0,184,139,184,166,0.755434782608696,0.902173913043478,2551.21,930.82,1301.07,,,,,,FALSE,"mad"
"bt_rear_mad_p05","score302_bt_rear_mad_p05","bt_rear_mad_p05",0,TRUE,"KOTR","BT","spawn",0,0,0,0,0,0,0,0,,,,,,0,0,0,0,0,0,,,2551.21,930.82,1301.07,,,,,,FALSE,"mad"
"bt_rear_mad_p05","score302_bt_rear_mad_p05","bt_rear_mad_p05",0,TRUE,"KOTR","BT","rear",0,0,0,0,0,0,0,0,,,,,,0,0,0,0,0,0,,,2551.21,930.82,1301.07,,,,,,FALSE,"mad"
"bt_rear_mad_p05","score302_bt_rear_mad_p05","bt_rear_mad_p05",0,TRUE,"LHAF","BT","any",121,0,121,0,35,42,42,42,1,0.289256198347107,0.347107438016529,0.347107438016529,0.347107438016529,0,0,121,35,121,42,0.289256198347107,0.347107438016529,7612.75,1359.8,1855.84,,,,,,FALSE,"mad"
"bt_rear_mad_p05","score302_bt_rear_mad_p05","bt_rear_mad_p05",0,TRUE,"LHAF","BT","spawn",0,0,0,0,0,0,0,0,,,,,,0,0,0,0,0,0,,,7612.75,1359.8,1855.84,,,,,,FALSE,"mad"
"bt_rear_mad_p05","score302_bt_rear_mad_p05","bt_rear_mad_p05",0,TRUE,"LHAF","BT","rear",0,0,0,0,0,0,0,0,,,,,,0,0,0,0,0,0,,,7612.75,1359.8,1855.84,,,,,,FALSE,"mad"
"bt_rear_mad_p05","score302_bt_rear_mad_p05","bt_rear_mad_p05",0,TRUE,"MURR","BT","any",263,0,260,3,240,252,254,254,0.988593155893536,0.91254752851711,0.958174904942966,0.965779467680608,0.965779467680608,0,0,263,240,263,254,0.91254752851711,0.965779467680608,6111.15,1528.61,2056.14,,,,,,FALSE,"mad"
"bt_rear_mad_p05","score302_bt_rear_mad_p05","bt_rear_mad_p05",0,TRUE,"MURR","BT","spawn",3,0,3,0,3,3,3,3,1,1,1,1,1,0,0,3,3,3,3,1,1,6111.15,1528.61,2056.14,,,,,,FALSE,"mad"
"bt_rear_mad_p05","score302_bt_rear_mad_p05","bt_rear_mad_p05",0,TRUE,"MURR","BT","rear",1,0,1,0,1,1,1,1,1,1,1,1,1,0,0,1,1,1,1,1,1,6111.15,1528.61,2056.14,,,,,,FALSE,"mad"
"bt_rear_mad_p05","score302_bt_rear_mad_p05","bt_rear_mad_p05",0,TRUE,"PARS","BT","any",281,0,281,0,229,258,258,258,1,0.814946619217082,0.918149466192171,0.918149466192171,0.918149466192171,0,0,281,229,281,258,0.814946619217082,0.918149466192171,6883.03,1939.78,2828.63,,,,,,FALSE,"mad"
"bt_rear_mad_p05","score302_bt_rear_mad_p05","bt_rear_mad_p05",0,TRUE,"PARS","BT","spawn",0,0,0,0,0,0,0,0,,,,,,0,0,0,0,0,0,,,6883.03,1939.78,2828.63,,,,,,FALSE,"mad"
"bt_rear_mad_p05","score302_bt_rear_mad_p05","bt_rear_mad_p05",0,TRUE,"PARS","BT","rear",0,0,0,0,0,0,0,0,,,,,,0,0,0,0,0,0,,,6883.03,1939.78,2828.63,,,,,,FALSE,"mad"
"bt_rear_mad_p05","score302_bt_rear_mad_p05","bt_rear_mad_p05",0,TRUE,"REVL","BT","any",308,0,300,8,90,133,137,137,0.974025974025974,0.292207792207792,0.431818181818182,0.444805194805195,0.444805194805195,0,0,308,90,308,137,0.292207792207792,0.444805194805195,1133.38,448.16,606.91,,,,,,FALSE,"mad"
"bt_rear_mad_p05","score302_bt_rear_mad_p05","bt_rear_mad_p05",0,TRUE,"REVL","BT","spawn",0,0,0,0,0,0,0,0,,,,,,0,0,0,0,0,0,,,1133.38,448.16,606.91,,,,,,FALSE,"mad"
"bt_rear_mad_p05","score302_bt_rear_mad_p05","bt_rear_mad_p05",0,TRUE,"REVL","BT","rear",0,0,0,0,0,0,0,0,,,,,,0,0,0,0,0,0,,,1133.38,448.16,606.91,,,,,,FALSE,"mad"
"bt_rear_mad_p05","score302_bt_rear_mad_p05","bt_rear_mad_p05",0,TRUE,"UARL","BT","any",242,0,240,2,108,156,158,158,0.991735537190083,0.446280991735537,0.644628099173554,0.652892561983471,0.652892561983471,0,0,242,108,242,158,0.446280991735537,0.652892561983471,1913.74,619.92,881.79,,,,,,FALSE,"mad"
"bt_rear_mad_p05","score302_bt_rear_mad_p05","bt_rear_mad_p05",0,TRUE,"UARL","BT","spawn",0,0,0,0,0,0,0,0,,,,,,0,0,0,0,0,0,,,1913.74,619.92,881.79,,,,,,FALSE,"mad"
"bt_rear_mad_p05","score302_bt_rear_mad_p05","bt_rear_mad_p05",0,TRUE,"UARL","BT","rear",0,0,0,0,0,0,0,0,,,,,,0,0,0,0,0,0,,,1913.74,619.92,881.79,,,,,,FALSE,"mad"
"bt_rear_mad_p05","score302_bt_rear_mad_p05","bt_rear_mad_p05",0,TRUE,"UBTN","BT","any",1,0,1,0,1,1,1,1,1,1,1,1,1,0,0,1,1,1,1,1,1,8292.29,1371.33,1942.64,,,,,,FALSE,"mad"
"bt_rear_mad_p05","score302_bt_rear_mad_p05","bt_rear_mad_p05",0,TRUE,"UBTN","BT","spawn",0,0,0,0,0,0,0,0,,,,,,0,0,0,0,0,0,,,8292.29,1371.33,1942.64,,,,,,FALSE,"mad"
"bt_rear_mad_p05","score302_bt_rear_mad_p05","bt_rear_mad_p05",0,TRUE,"UBTN","BT","rear",0,0,0,0,0,0,0,0,,,,,,0,0,0,0,0,0,,,8292.29,1371.33,1942.64,,,,,,FALSE,"mad"
"bt_rear_mad_p05","score302_bt_rear_mad_p05","bt_rear_mad_p05",100,TRUE,"ELKR","BT","any",582,0,578,4,524,565,566,566,0.993127147766323,0.900343642611684,0.970790378006873,0.972508591065292,0.972508591065292,0,0,582,524,582,566,0.900343642611684,0.972508591065292,4325.16,1556.86,2068.1,,,,,,FALSE,"mad"
"bt_rear_mad_p05","score302_bt_rear_mad_p05","bt_rear_mad_p05",100,TRUE,"ELKR","BT","spawn",0,0,0,0,0,0,0,0,,,,,,0,0,0,0,0,0,,,4325.16,1556.86,2068.1,,,,,,FALSE,"mad"
"bt_rear_mad_p05","score302_bt_rear_mad_p05","bt_rear_mad_p05",100,TRUE,"ELKR","BT","rear",0,0,0,0,0,0,0,0,,,,,,0,0,0,0,0,0,,,4325.16,1556.86,2068.1,,,,,,FALSE,"mad"
"bt_rear_mad_p05","score302_bt_rear_mad_p05","bt_rear_mad_p05",100,TRUE,"KOTL","BT","any",206,0,203,3,125,171,176,176,0.985436893203884,0.606796116504854,0.830097087378641,0.854368932038835,0.854368932038835,0,0,206,125,206,176,0.606796116504854,0.854368932038835,3619.68,1020.3,1578.25,,,,,,FALSE,"mad"
"bt_rear_mad_p05","score302_bt_rear_mad_p05","bt_rear_mad_p05",100,TRUE,"KOTL","BT","spawn",0,0,0,0,0,0,0,0,,,,,,0,0,0,0,0,0,,,3619.68,1020.3,1578.25,,,,,,FALSE,"mad"
"bt_rear_mad_p05","score302_bt_rear_mad_p05","bt_rear_mad_p05",100,TRUE,"KOTL","BT","rear",0,0,0,0,0,0,0,0,,,,,,0,0,0,0,0,0,,,3619.68,1020.3,1578.25,,,,,,FALSE,"mad"
"bt_rear_mad_p05","score302_bt_rear_mad_p05","bt_rear_mad_p05",100,TRUE,"KOTR","BT","any",184,0,183,1,143,169,169,169,0.994565217391304,0.777173913043478,0.918478260869565,0.918478260869565,0.918478260869565,0,0,184,143,184,169,0.777173913043478,0.918478260869565,2551.21,930.82,1301.07,,,,,,FALSE,"mad"
"bt_rear_mad_p05","score302_bt_rear_mad_p05","bt_rear_mad_p05",100,TRUE,"KOTR","BT","spawn",0,0,0,0,0,0,0,0,,,,,,0,0,0,0,0,0,,,2551.21,930.82,1301.07,,,,,,FALSE,"mad"
"bt_rear_mad_p05","score302_bt_rear_mad_p05","bt_rear_mad_p05",100,TRUE,"KOTR","BT","rear",0,0,0,0,0,0,0,0,,,,,,0,0,0,0,0,0,,,2551.21,930.82,1301.07,,,,,,FALSE,"mad"
"bt_rear_mad_p05","score302_bt_rear_mad_p05","bt_rear_mad_p05",100,TRUE,"LHAF","BT","any",121,0,121,0,35,42,42,42,1,0.289256198347107,0.347107438016529,0.347107438016529,0.347107438016529,0,0,121,35,121,42,0.289256198347107,0.347107438016529,7612.75,1359.8,1855.84,,,,,,FALSE,"mad"
"bt_rear_mad_p05","score302_bt_rear_mad_p05","bt_rear_mad_p05",100,TRUE,"LHAF","BT","spawn",0,0,0,0,0,0,0,0,,,,,,0,0,0,0,0,0,,,7612.75,1359.8,1855.84,,,,,,FALSE,"mad"
"bt_rear_mad_p05","score302_bt_rear_mad_p05","bt_rear_mad_p05",100,TRUE,"LHAF","BT","rear",0,0,0,0,0,0,0,0,,,,,,0,0,0,0,0,0,,,7612.75,1359.8,1855.84,,,,,,FALSE,"mad"
"bt_rear_mad_p05","score302_bt_rear_mad_p05","bt_rear_mad_p05",100,TRUE,"MURR","BT","any",263,0,260,3,245,252,254,254,0.988593155893536,0.931558935361217,0.958174904942966,0.965779467680608,0.965779467680608,0,0,263,245,263,254,0.931558935361217,0.965779467680608,6111.15,1528.61,2056.14,,,,,,FALSE,"mad"
"bt_rear_mad_p05","score302_bt_rear_mad_p05","bt_rear_mad_p05",100,TRUE,"MURR","BT","spawn",3,0,3,0,3,3,3,3,1,1,1,1,1,0,0,3,3,3,3,1,1,6111.15,1528.61,2056.14,,,,,,FALSE,"mad"
"bt_rear_mad_p05","score302_bt_rear_mad_p05","bt_rear_mad_p05",100,TRUE,"MURR","BT","rear",1,0,1,0,1,1,1,1,1,1,1,1,1,0,0,1,1,1,1,1,1,6111.15,1528.61,2056.14,,,,,,FALSE,"mad"
"bt_rear_mad_p05","score302_bt_rear_mad_p05","bt_rear_mad_p05",100,TRUE,"PARS","BT","any",281,0,281,0,232,262,262,262,1,0.825622775800712,0.932384341637011,0.932384341637011,0.932384341637011,0,0,281,232,281,262,0.825622775800712,0.932384341637011,6883.03,1939.78,2828.63,,,,,,FALSE,"mad"
"bt_rear_mad_p05","score302_bt_rear_mad_p05","bt_rear_mad_p05",100,TRUE,"PARS","BT","spawn",0,0,0,0,0,0,0,0,,,,,,0,0,0,0,0,0,,,6883.03,1939.78,2828.63,,,,,,FALSE,"mad"
"bt_rear_mad_p05","score302_bt_rear_mad_p05","bt_rear_mad_p05",100,TRUE,"PARS","BT","rear",0,0,0,0,0,0,0,0,,,,,,0,0,0,0,0,0,,,6883.03,1939.78,2828.63,,,,,,FALSE,"mad"
"bt_rear_mad_p05","score302_bt_rear_mad_p05","bt_rear_mad_p05",100,TRUE,"REVL","BT","any",308,0,300,8,95,138,141,141,0.974025974025974,0.308441558441558,0.448051948051948,0.457792207792208,0.457792207792208,0,0,308,95,308,141,0.308441558441558,0.457792207792208,1133.38,448.16,606.91,,,,,,FALSE,"mad"
"bt_rear_mad_p05","score302_bt_rear_mad_p05","bt_rear_mad_p05",100,TRUE,"REVL","BT","spawn",0,0,0,0,0,0,0,0,,,,,,0,0,0,0,0,0,,,1133.38,448.16,606.91,,,,,,FALSE,"mad"
"bt_rear_mad_p05","score302_bt_rear_mad_p05","bt_rear_mad_p05",100,TRUE,"REVL","BT","rear",0,0,0,0,0,0,0,0,,,,,,0,0,0,0,0,0,,,1133.38,448.16,606.91,,,,,,FALSE,"mad"
"bt_rear_mad_p05","score302_bt_rear_mad_p05","bt_rear_mad_p05",100,TRUE,"UARL","BT","any",242,0,240,2,115,163,163,163,0.991735537190083,0.475206611570248,0.673553719008264,0.673553719008264,0.673553719008264,0,0,242,115,242,163,0.475206611570248,0.673553719008264,1913.74,619.92,881.79,,,,,,FALSE,"mad"
"bt_rear_mad_p05","score302_bt_rear_mad_p05","bt_rear_mad_p05",100,TRUE,"UARL","BT","spawn",0,0,0,0,0,0,0,0,,,,,,0,0,0,0,0,0,,,1913.74,619.92,881.79,,,,,,FALSE,"mad"
"bt_rear_mad_p05","score302_bt_rear_mad_p05","bt_rear_mad_p05",100,TRUE,"UARL","BT","rear",0,0,0,0,0,0,0,0,,,,,,0,0,0,0,0,0,,,1913.74,619.92,881.79,,,,,,FALSE,"mad"
"bt_rear_mad_p05","score302_bt_rear_mad_p05","bt_rear_mad_p05",100,TRUE,"UBTN","BT","any",1,0,1,0,1,1,1,1,1,1,1,1,1,0,0,1,1,1,1,1,1,8292.29,1371.33,1942.64,,,,,,FALSE,"mad"
"bt_rear_mad_p05","score302_bt_rear_mad_p05","bt_rear_mad_p05",100,TRUE,"UBTN","BT","spawn",0,0,0,0,0,0,0,0,,,,,,0,0,0,0,0,0,,,8292.29,1371.33,1942.64,,,,,,FALSE,"mad"
"bt_rear_mad_p05","score302_bt_rear_mad_p05","bt_rear_mad_p05",100,TRUE,"UBTN","BT","rear",0,0,0,0,0,0,0,0,,,,,,0,0,0,0,0,0,,,8292.29,1371.33,1942.64,,,,,,FALSE,"mad"
"bt_rear_mad_p02","score302_bt_rear_mad_p02","bt_rear_mad_p02",0,TRUE,"ELKR","BT","any",582,0,578,4,513,563,564,564,0.993127147766323,0.881443298969072,0.967353951890034,0.969072164948454,0.969072164948454,0,0,582,513,582,564,0.881443298969072,0.969072164948454,4325.16,1556.86,2387.27,,,,,,FALSE,"mad"
"bt_rear_mad_p02","score302_bt_rear_mad_p02","bt_rear_mad_p02",0,TRUE,"ELKR","BT","spawn",0,0,0,0,0,0,0,0,,,,,,0,0,0,0,0,0,,,4325.16,1556.86,2387.27,,,,,,FALSE,"mad"
"bt_rear_mad_p02","score302_bt_rear_mad_p02","bt_rear_mad_p02",0,TRUE,"ELKR","BT","rear",0,0,0,0,0,0,0,0,,,,,,0,0,0,0,0,0,,,4325.16,1556.86,2387.27,,,,,,FALSE,"mad"
"bt_rear_mad_p02","score302_bt_rear_mad_p02","bt_rear_mad_p02",0,TRUE,"KOTL","BT","any",206,0,203,3,114,164,173,173,0.985436893203884,0.553398058252427,0.796116504854369,0.839805825242718,0.839805825242718,0,0,206,114,206,173,0.553398058252427,0.839805825242718,3619.68,1020.3,1730.12,,,,,,FALSE,"mad"
"bt_rear_mad_p02","score302_bt_rear_mad_p02","bt_rear_mad_p02",0,TRUE,"KOTL","BT","spawn",0,0,0,0,0,0,0,0,,,,,,0,0,0,0,0,0,,,3619.68,1020.3,1730.12,,,,,,FALSE,"mad"
"bt_rear_mad_p02","score302_bt_rear_mad_p02","bt_rear_mad_p02",0,TRUE,"KOTL","BT","rear",0,0,0,0,0,0,0,0,,,,,,0,0,0,0,0,0,,,3619.68,1020.3,1730.12,,,,,,FALSE,"mad"
"bt_rear_mad_p02","score302_bt_rear_mad_p02","bt_rear_mad_p02",0,TRUE,"KOTR","BT","any",184,0,183,1,139,169,169,169,0.994565217391304,0.755434782608696,0.918478260869565,0.918478260869565,0.918478260869565,0,0,184,139,184,169,0.755434782608696,0.918478260869565,2551.21,930.82,1455.06,,,,,,FALSE,"mad"
"bt_rear_mad_p02","score302_bt_rear_mad_p02","bt_rear_mad_p02",0,TRUE,"KOTR","BT","spawn",0,0,0,0,0,0,0,0,,,,,,0,0,0,0,0,0,,,2551.21,930.82,1455.06,,,,,,FALSE,"mad"
"bt_rear_mad_p02","score302_bt_rear_mad_p02","bt_rear_mad_p02",0,TRUE,"KOTR","BT","rear",0,0,0,0,0,0,0,0,,,,,,0,0,0,0,0,0,,,2551.21,930.82,1455.06,,,,,,FALSE,"mad"
"bt_rear_mad_p02","score302_bt_rear_mad_p02","bt_rear_mad_p02",0,TRUE,"LHAF","BT","any",121,0,121,0,35,43,43,43,1,0.289256198347107,0.355371900826446,0.355371900826446,0.355371900826446,0,0,121,35,121,43,0.289256198347107,0.355371900826446,7612.75,1359.8,2349.26,,,,,,FALSE,"mad"
"bt_rear_mad_p02","score302_bt_rear_mad_p02","bt_rear_mad_p02",0,TRUE,"LHAF","BT","spawn",0,0,0,0,0,0,0,0,,,,,,0,0,0,0,0,0,,,7612.75,1359.8,2349.26,,,,,,FALSE,"mad"
"bt_rear_mad_p02","score302_bt_rear_mad_p02","bt_rear_mad_p02",0,TRUE,"LHAF","BT","rear",0,0,0,0,0,0,0,0,,,,,,0,0,0,0,0,0,,,7612.75,1359.8,2349.26,,,,,,FALSE,"mad"
"bt_rear_mad_p02","score302_bt_rear_mad_p02","bt_rear_mad_p02",0,TRUE,"MURR","BT","any",263,0,260,3,240,254,256,256,0.988593155893536,0.91254752851711,0.965779467680608,0.973384030418251,0.973384030418251,0,0,263,240,263,256,0.91254752851711,0.973384030418251,6111.15,1528.61,2611.54,,,,,,FALSE,"mad"
"bt_rear_mad_p02","score302_bt_rear_mad_p02","bt_rear_mad_p02",0,TRUE,"MURR","BT","spawn",3,0,3,0,3,3,3,3,1,1,1,1,1,0,0,3,3,3,3,1,1,6111.15,1528.61,2611.54,,,,,,FALSE,"mad"
"bt_rear_mad_p02","score302_bt_rear_mad_p02","bt_rear_mad_p02",0,TRUE,"MURR","BT","rear",1,0,1,0,1,1,1,1,1,1,1,1,1,0,0,1,1,1,1,1,1,6111.15,1528.61,2611.54,,,,,,FALSE,"mad"
"bt_rear_mad_p02","score302_bt_rear_mad_p02","bt_rear_mad_p02",0,TRUE,"PARS","BT","any",281,0,281,0,229,261,261,261,1,0.814946619217082,0.928825622775801,0.928825622775801,0.928825622775801,0,0,281,229,281,261,0.814946619217082,0.928825622775801,6883.03,1939.78,3637.61,,,,,,FALSE,"mad"
"bt_rear_mad_p02","score302_bt_rear_mad_p02","bt_rear_mad_p02",0,TRUE,"PARS","BT","spawn",0,0,0,0,0,0,0,0,,,,,,0,0,0,0,0,0,,,6883.03,1939.78,3637.61,,,,,,FALSE,"mad"
"bt_rear_mad_p02","score302_bt_rear_mad_p02","bt_rear_mad_p02",0,TRUE,"PARS","BT","rear",0,0,0,0,0,0,0,0,,,,,,0,0,0,0,0,0,,,6883.03,1939.78,3637.61,,,,,,FALSE,"mad"
"bt_rear_mad_p02","score302_bt_rear_mad_p02","bt_rear_mad_p02",0,TRUE,"REVL","BT","any",308,0,300,8,90,134,138,138,0.974025974025974,0.292207792207792,0.435064935064935,0.448051948051948,0.448051948051948,0,0,308,90,308,138,0.292207792207792,0.448051948051948,1133.38,448.16,644.32,,,,,,FALSE,"mad"
"bt_rear_mad_p02","score302_bt_rear_mad_p02","bt_rear_mad_p02",0,TRUE,"REVL","BT","spawn",0,0,0,0,0,0,0,0,,,,,,0,0,0,0,0,0,,,1133.38,448.16,644.32,,,,,,FALSE,"mad"
"bt_rear_mad_p02","score302_bt_rear_mad_p02","bt_rear_mad_p02",0,TRUE,"REVL","BT","rear",0,0,0,0,0,0,0,0,,,,,,0,0,0,0,0,0,,,1133.38,448.16,644.32,,,,,,FALSE,"mad"
"bt_rear_mad_p02","score302_bt_rear_mad_p02","bt_rear_mad_p02",0,TRUE,"UARL","BT","any",242,0,240,2,108,157,159,159,0.991735537190083,0.446280991735537,0.648760330578512,0.65702479338843,0.65702479338843,0,0,242,108,242,159,0.446280991735537,0.65702479338843,1913.74,619.92,925.22,,,,,,FALSE,"mad"
"bt_rear_mad_p02","score302_bt_rear_mad_p02","bt_rear_mad_p02",0,TRUE,"UARL","BT","spawn",0,0,0,0,0,0,0,0,,,,,,0,0,0,0,0,0,,,1913.74,619.92,925.22,,,,,,FALSE,"mad"
"bt_rear_mad_p02","score302_bt_rear_mad_p02","bt_rear_mad_p02",0,TRUE,"UARL","BT","rear",0,0,0,0,0,0,0,0,,,,,,0,0,0,0,0,0,,,1913.74,619.92,925.22,,,,,,FALSE,"mad"
"bt_rear_mad_p02","score302_bt_rear_mad_p02","bt_rear_mad_p02",0,TRUE,"UBTN","BT","any",1,0,1,0,1,1,1,1,1,1,1,1,1,0,0,1,1,1,1,1,1,8292.29,1371.33,2862.15,,,,,,FALSE,"mad"
"bt_rear_mad_p02","score302_bt_rear_mad_p02","bt_rear_mad_p02",0,TRUE,"UBTN","BT","spawn",0,0,0,0,0,0,0,0,,,,,,0,0,0,0,0,0,,,8292.29,1371.33,2862.15,,,,,,FALSE,"mad"
"bt_rear_mad_p02","score302_bt_rear_mad_p02","bt_rear_mad_p02",0,TRUE,"UBTN","BT","rear",0,0,0,0,0,0,0,0,,,,,,0,0,0,0,0,0,,,8292.29,1371.33,2862.15,,,,,,FALSE,"mad"
"bt_rear_mad_p02","score302_bt_rear_mad_p02","bt_rear_mad_p02",100,TRUE,"ELKR","BT","any",582,0,578,4,524,567,568,568,0.993127147766323,0.900343642611684,0.974226804123711,0.97594501718213,0.97594501718213,0,0,582,524,582,568,0.900343642611684,0.97594501718213,4325.16,1556.86,2387.27,,,,,,FALSE,"mad"
"bt_rear_mad_p02","score302_bt_rear_mad_p02","bt_rear_mad_p02",100,TRUE,"ELKR","BT","spawn",0,0,0,0,0,0,0,0,,,,,,0,0,0,0,0,0,,,4325.16,1556.86,2387.27,,,,,,FALSE,"mad"
"bt_rear_mad_p02","score302_bt_rear_mad_p02","bt_rear_mad_p02",100,TRUE,"ELKR","BT","rear",0,0,0,0,0,0,0,0,,,,,,0,0,0,0,0,0,,,4325.16,1556.86,2387.27,,,,,,FALSE,"mad"
"bt_rear_mad_p02","score302_bt_rear_mad_p02","bt_rear_mad_p02",100,TRUE,"KOTL","BT","any",206,0,203,3,125,171,176,176,0.985436893203884,0.606796116504854,0.830097087378641,0.854368932038835,0.854368932038835,0,0,206,125,206,176,0.606796116504854,0.854368932038835,3619.68,1020.3,1730.12,,,,,,FALSE,"mad"
"bt_rear_mad_p02","score302_bt_rear_mad_p02","bt_rear_mad_p02",100,TRUE,"KOTL","BT","spawn",0,0,0,0,0,0,0,0,,,,,,0,0,0,0,0,0,,,3619.68,1020.3,1730.12,,,,,,FALSE,"mad"
"bt_rear_mad_p02","score302_bt_rear_mad_p02","bt_rear_mad_p02",100,TRUE,"KOTL","BT","rear",0,0,0,0,0,0,0,0,,,,,,0,0,0,0,0,0,,,3619.68,1020.3,1730.12,,,,,,FALSE,"mad"
"bt_rear_mad_p02","score302_bt_rear_mad_p02","bt_rear_mad_p02",100,TRUE,"KOTR","BT","any",184,0,183,1,143,171,171,171,0.994565217391304,0.777173913043478,0.929347826086957,0.929347826086957,0.929347826086957,0,0,184,143,184,171,0.777173913043478,0.929347826086957,2551.21,930.82,1455.06,,,,,,FALSE,"mad"
"bt_rear_mad_p02","score302_bt_rear_mad_p02","bt_rear_mad_p02",100,TRUE,"KOTR","BT","spawn",0,0,0,0,0,0,0,0,,,,,,0,0,0,0,0,0,,,2551.21,930.82,1455.06,,,,,,FALSE,"mad"
"bt_rear_mad_p02","score302_bt_rear_mad_p02","bt_rear_mad_p02",100,TRUE,"KOTR","BT","rear",0,0,0,0,0,0,0,0,,,,,,0,0,0,0,0,0,,,2551.21,930.82,1455.06,,,,,,FALSE,"mad"
"bt_rear_mad_p02","score302_bt_rear_mad_p02","bt_rear_mad_p02",100,TRUE,"LHAF","BT","any",121,0,121,0,35,43,43,43,1,0.289256198347107,0.355371900826446,0.355371900826446,0.355371900826446,0,0,121,35,121,43,0.289256198347107,0.355371900826446,7612.75,1359.8,2349.26,,,,,,FALSE,"mad"
"bt_rear_mad_p02","score302_bt_rear_mad_p02","bt_rear_mad_p02",100,TRUE,"LHAF","BT","spawn",0,0,0,0,0,0,0,0,,,,,,0,0,0,0,0,0,,,7612.75,1359.8,2349.26,,,,,,FALSE,"mad"
"bt_rear_mad_p02","score302_bt_rear_mad_p02","bt_rear_mad_p02",100,TRUE,"LHAF","BT","rear",0,0,0,0,0,0,0,0,,,,,,0,0,0,0,0,0,,,7612.75,1359.8,2349.26,,,,,,FALSE,"mad"
"bt_rear_mad_p02","score302_bt_rear_mad_p02","bt_rear_mad_p02",100,TRUE,"MURR","BT","any",263,0,260,3,245,254,256,256,0.988593155893536,0.931558935361217,0.965779467680608,0.973384030418251,0.973384030418251,0,0,263,245,263,256,0.931558935361217,0.973384030418251,6111.15,1528.61,2611.54,,,,,,FALSE,"mad"
"bt_rear_mad_p02","score302_bt_rear_mad_p02","bt_rear_mad_p02",100,TRUE,"MURR","BT","spawn",3,0,3,0,3,3,3,3,1,1,1,1,1,0,0,3,3,3,3,1,1,6111.15,1528.61,2611.54,,,,,,FALSE,"mad"
"bt_rear_mad_p02","score302_bt_rear_mad_p02","bt_rear_mad_p02",100,TRUE,"MURR","BT","rear",1,0,1,0,1,1,1,1,1,1,1,1,1,0,0,1,1,1,1,1,1,6111.15,1528.61,2611.54,,,,,,FALSE,"mad"
"bt_rear_mad_p02","score302_bt_rear_mad_p02","bt_rear_mad_p02",100,TRUE,"PARS","BT","any",281,0,281,0,232,265,265,265,1,0.825622775800712,0.94306049822064,0.94306049822064,0.94306049822064,0,0,281,232,281,265,0.825622775800712,0.94306049822064,6883.03,1939.78,3637.61,,,,,,FALSE,"mad"
"bt_rear_mad_p02","score302_bt_rear_mad_p02","bt_rear_mad_p02",100,TRUE,"PARS","BT","spawn",0,0,0,0,0,0,0,0,,,,,,0,0,0,0,0,0,,,6883.03,1939.78,3637.61,,,,,,FALSE,"mad"
"bt_rear_mad_p02","score302_bt_rear_mad_p02","bt_rear_mad_p02",100,TRUE,"PARS","BT","rear",0,0,0,0,0,0,0,0,,,,,,0,0,0,0,0,0,,,6883.03,1939.78,3637.61,,,,,,FALSE,"mad"
"bt_rear_mad_p02","score302_bt_rear_mad_p02","bt_rear_mad_p02",100,TRUE,"REVL","BT","any",308,0,300,8,95,139,142,142,0.974025974025974,0.308441558441558,0.451298701298701,0.461038961038961,0.461038961038961,0,0,308,95,308,142,0.308441558441558,0.461038961038961,1133.38,448.16,644.32,,,,,,FALSE,"mad"
"bt_rear_mad_p02","score302_bt_rear_mad_p02","bt_rear_mad_p02",100,TRUE,"REVL","BT","spawn",0,0,0,0,0,0,0,0,,,,,,0,0,0,0,0,0,,,1133.38,448.16,644.32,,,,,,FALSE,"mad"
"bt_rear_mad_p02","score302_bt_rear_mad_p02","bt_rear_mad_p02",100,TRUE,"REVL","BT","rear",0,0,0,0,0,0,0,0,,,,,,0,0,0,0,0,0,,,1133.38,448.16,644.32,,,,,,FALSE,"mad"
"bt_rear_mad_p02","score302_bt_rear_mad_p02","bt_rear_mad_p02",100,TRUE,"UARL","BT","any",242,0,240,2,115,164,164,164,0.991735537190083,0.475206611570248,0.677685950413223,0.677685950413223,0.677685950413223,0,0,242,115,242,164,0.475206611570248,0.677685950413223,1913.74,619.92,925.22,,,,,,FALSE,"mad"
"bt_rear_mad_p02","score302_bt_rear_mad_p02","bt_rear_mad_p02",100,TRUE,"UARL","BT","spawn",0,0,0,0,0,0,0,0,,,,,,0,0,0,0,0,0,,,1913.74,619.92,925.22,,,,,,FALSE,"mad"
"bt_rear_mad_p02","score302_bt_rear_mad_p02","bt_rear_mad_p02",100,TRUE,"UARL","BT","rear",0,0,0,0,0,0,0,0,,,,,,0,0,0,0,0,0,,,1913.74,619.92,925.22,,,,,,FALSE,"mad"
"bt_rear_mad_p02","score302_bt_rear_mad_p02","bt_rear_mad_p02",100,TRUE,"UBTN","BT","any",1,0,1,0,1,1,1,1,1,1,1,1,1,0,0,1,1,1,1,1,1,8292.29,1371.33,2862.15,,,,,,FALSE,"mad"
"bt_rear_mad_p02","score302_bt_rear_mad_p02","bt_rear_mad_p02",100,TRUE,"UBTN","BT","spawn",0,0,0,0,0,0,0,0,,,,,,0,0,0,0,0,0,,,8292.29,1371.33,2862.15,,,,,,FALSE,"mad"
"bt_rear_mad_p02","score302_bt_rear_mad_p02","bt_rear_mad_p02",100,TRUE,"UBTN","BT","rear",0,0,0,0,0,0,0,0,,,,,,0,0,0,0,0,0,,,8292.29,1371.33,2862.15,,,,,,FALSE,"mad"
"bt_spawn_mad_p10","score302_bt_spawn_mad_p10","bt_spawn_mad_p10",0,TRUE,"ELKR","BT","any",582,0,578,4,506,557,558,558,0.993127147766323,0.869415807560137,0.957044673539519,0.958762886597938,0.958762886597938,0,0,582,506,582,558,0.869415807560137,0.958762886597938,4325.16,1383.67,1992.48,,,,,,FALSE,"mad"
"bt_spawn_mad_p10","score302_bt_spawn_mad_p10","bt_spawn_mad_p10",0,TRUE,"ELKR","BT","spawn",0,0,0,0,0,0,0,0,,,,,,0,0,0,0,0,0,,,4325.16,1383.67,1992.48,,,,,,FALSE,"mad"
"bt_spawn_mad_p10","score302_bt_spawn_mad_p10","bt_spawn_mad_p10",0,TRUE,"ELKR","BT","rear",0,0,0,0,0,0,0,0,,,,,,0,0,0,0,0,0,,,4325.16,1383.67,1992.48,,,,,,FALSE,"mad"
"bt_spawn_mad_p10","score302_bt_spawn_mad_p10","bt_spawn_mad_p10",0,TRUE,"KOTL","BT","any",206,0,203,3,114,164,173,173,0.985436893203884,0.553398058252427,0.796116504854369,0.839805825242718,0.839805825242718,0,0,206,114,206,173,0.553398058252427,0.839805825242718,3619.68,918.11,1528.63,,,,,,FALSE,"mad"
"bt_spawn_mad_p10","score302_bt_spawn_mad_p10","bt_spawn_mad_p10",0,TRUE,"KOTL","BT","spawn",0,0,0,0,0,0,0,0,,,,,,0,0,0,0,0,0,,,3619.68,918.11,1528.63,,,,,,FALSE,"mad"
"bt_spawn_mad_p10","score302_bt_spawn_mad_p10","bt_spawn_mad_p10",0,TRUE,"KOTL","BT","rear",0,0,0,0,0,0,0,0,,,,,,0,0,0,0,0,0,,,3619.68,918.11,1528.63,,,,,,FALSE,"mad"
"bt_spawn_mad_p10","score302_bt_spawn_mad_p10","bt_spawn_mad_p10",0,TRUE,"KOTR","BT","any",184,0,183,1,136,164,164,164,0.994565217391304,0.739130434782609,0.891304347826087,0.891304347826087,0.891304347826087,0,0,184,136,184,164,0.739130434782609,0.891304347826087,2551.21,840.01,1252.99,,,,,,FALSE,"mad"
"bt_spawn_mad_p10","score302_bt_spawn_mad_p10","bt_spawn_mad_p10",0,TRUE,"KOTR","BT","spawn",0,0,0,0,0,0,0,0,,,,,,0,0,0,0,0,0,,,2551.21,840.01,1252.99,,,,,,FALSE,"mad"
"bt_spawn_mad_p10","score302_bt_spawn_mad_p10","bt_spawn_mad_p10",0,TRUE,"KOTR","BT","rear",0,0,0,0,0,0,0,0,,,,,,0,0,0,0,0,0,,,2551.21,840.01,1252.99,,,,,,FALSE,"mad"
"bt_spawn_mad_p10","score302_bt_spawn_mad_p10","bt_spawn_mad_p10",0,TRUE,"LHAF","BT","any",121,0,121,0,34,42,42,42,1,0.28099173553719,0.347107438016529,0.347107438016529,0.347107438016529,0,0,121,34,121,42,0.28099173553719,0.347107438016529,7612.75,1086.4,1792.65,,,,,,FALSE,"mad"
"bt_spawn_mad_p10","score302_bt_spawn_mad_p10","bt_spawn_mad_p10",0,TRUE,"LHAF","BT","spawn",0,0,0,0,0,0,0,0,,,,,,0,0,0,0,0,0,,,7612.75,1086.4,1792.65,,,,,,FALSE,"mad"
"bt_spawn_mad_p10","score302_bt_spawn_mad_p10","bt_spawn_mad_p10",0,TRUE,"LHAF","BT","rear",0,0,0,0,0,0,0,0,,,,,,0,0,0,0,0,0,,,7612.75,1086.4,1792.65,,,,,,FALSE,"mad"
"bt_spawn_mad_p10","score302_bt_spawn_mad_p10","bt_spawn_mad_p10",0,TRUE,"MURR","BT","any",263,0,260,3,234,252,254,254,0.988593155893536,0.889733840304182,0.958174904942966,0.965779467680608,0.965779467680608,0,0,263,234,263,254,0.889733840304182,0.965779467680608,6111.15,1209.23,1950.63,,,,,,FALSE,"mad"
"bt_spawn_mad_p10","score302_bt_spawn_mad_p10","bt_spawn_mad_p10",0,TRUE,"MURR","BT","spawn",3,0,3,0,3,3,3,3,1,1,1,1,1,0,0,3,3,3,3,1,1,6111.15,1209.23,1950.63,,,,,,FALSE,"mad"
"bt_spawn_mad_p10","score302_bt_spawn_mad_p10","bt_spawn_mad_p10",0,TRUE,"MURR","BT","rear",1,0,1,0,1,1,1,1,1,1,1,1,1,0,0,1,1,1,1,1,1,6111.15,1209.23,1950.63,,,,,,FALSE,"mad"
"bt_spawn_mad_p10","score302_bt_spawn_mad_p10","bt_spawn_mad_p10",0,TRUE,"PARS","BT","any",281,0,281,0,225,255,255,255,1,0.800711743772242,0.907473309608541,0.907473309608541,0.907473309608541,0,0,281,225,281,255,0.800711743772242,0.907473309608541,6883.03,1566.02,2731.56,,,,,,FALSE,"mad"
"bt_spawn_mad_p10","score302_bt_spawn_mad_p10","bt_spawn_mad_p10",0,TRUE,"PARS","BT","spawn",0,0,0,0,0,0,0,0,,,,,,0,0,0,0,0,0,,,6883.03,1566.02,2731.56,,,,,,FALSE,"mad"
"bt_spawn_mad_p10","score302_bt_spawn_mad_p10","bt_spawn_mad_p10",0,TRUE,"PARS","BT","rear",0,0,0,0,0,0,0,0,,,,,,0,0,0,0,0,0,,,6883.03,1566.02,2731.56,,,,,,FALSE,"mad"
"bt_spawn_mad_p10","score302_bt_spawn_mad_p10","bt_spawn_mad_p10",0,TRUE,"REVL","BT","any",308,0,300,8,79,133,137,137,0.974025974025974,0.256493506493506,0.431818181818182,0.444805194805195,0.444805194805195,0,0,308,79,308,137,0.256493506493506,0.444805194805195,1133.38,421.81,596.72,,,,,,FALSE,"mad"
"bt_spawn_mad_p10","score302_bt_spawn_mad_p10","bt_spawn_mad_p10",0,TRUE,"REVL","BT","spawn",0,0,0,0,0,0,0,0,,,,,,0,0,0,0,0,0,,,1133.38,421.81,596.72,,,,,,FALSE,"mad"
"bt_spawn_mad_p10","score302_bt_spawn_mad_p10","bt_spawn_mad_p10",0,TRUE,"REVL","BT","rear",0,0,0,0,0,0,0,0,,,,,,0,0,0,0,0,0,,,1133.38,421.81,596.72,,,,,,FALSE,"mad"
"bt_spawn_mad_p10","score302_bt_spawn_mad_p10","bt_spawn_mad_p10",0,TRUE,"UARL","BT","any",242,0,240,2,106,155,157,157,0.991735537190083,0.43801652892562,0.640495867768595,0.648760330578512,0.648760330578512,0,0,242,106,242,157,0.43801652892562,0.648760330578512,1913.74,571.12,857.83,,,,,,FALSE,"mad"
"bt_spawn_mad_p10","score302_bt_spawn_mad_p10","bt_spawn_mad_p10",0,TRUE,"UARL","BT","spawn",0,0,0,0,0,0,0,0,,,,,,0,0,0,0,0,0,,,1913.74,571.12,857.83,,,,,,FALSE,"mad"
"bt_spawn_mad_p10","score302_bt_spawn_mad_p10","bt_spawn_mad_p10",0,TRUE,"UARL","BT","rear",0,0,0,0,0,0,0,0,,,,,,0,0,0,0,0,0,,,1913.74,571.12,857.83,,,,,,FALSE,"mad"
"bt_spawn_mad_p10","score302_bt_spawn_mad_p10","bt_spawn_mad_p10",0,TRUE,"UBTN","BT","any",1,0,1,0,1,1,1,1,1,1,1,1,1,0,0,1,1,1,1,1,1,8292.29,863.85,1771.7,,,,,,FALSE,"mad"
"bt_spawn_mad_p10","score302_bt_spawn_mad_p10","bt_spawn_mad_p10",0,TRUE,"UBTN","BT","spawn",0,0,0,0,0,0,0,0,,,,,,0,0,0,0,0,0,,,8292.29,863.85,1771.7,,,,,,FALSE,"mad"
"bt_spawn_mad_p10","score302_bt_spawn_mad_p10","bt_spawn_mad_p10",0,TRUE,"UBTN","BT","rear",0,0,0,0,0,0,0,0,,,,,,0,0,0,0,0,0,,,8292.29,863.85,1771.7,,,,,,FALSE,"mad"
"bt_spawn_mad_p10","score302_bt_spawn_mad_p10","bt_spawn_mad_p10",100,TRUE,"ELKR","BT","any",582,0,578,4,517,561,562,562,0.993127147766323,0.888316151202749,0.963917525773196,0.965635738831615,0.965635738831615,0,0,582,517,582,562,0.888316151202749,0.965635738831615,4325.16,1383.67,1992.48,,,,,,FALSE,"mad"
"bt_spawn_mad_p10","score302_bt_spawn_mad_p10","bt_spawn_mad_p10",100,TRUE,"ELKR","BT","spawn",0,0,0,0,0,0,0,0,,,,,,0,0,0,0,0,0,,,4325.16,1383.67,1992.48,,,,,,FALSE,"mad"
"bt_spawn_mad_p10","score302_bt_spawn_mad_p10","bt_spawn_mad_p10",100,TRUE,"ELKR","BT","rear",0,0,0,0,0,0,0,0,,,,,,0,0,0,0,0,0,,,4325.16,1383.67,1992.48,,,,,,FALSE,"mad"
"bt_spawn_mad_p10","score302_bt_spawn_mad_p10","bt_spawn_mad_p10",100,TRUE,"KOTL","BT","any",206,0,203,3,125,170,175,175,0.985436893203884,0.606796116504854,0.825242718446602,0.849514563106796,0.849514563106796,0,0,206,125,206,175,0.606796116504854,0.849514563106796,3619.68,918.11,1528.63,,,,,,FALSE,"mad"
"bt_spawn_mad_p10","score302_bt_spawn_mad_p10","bt_spawn_mad_p10",100,TRUE,"KOTL","BT","spawn",0,0,0,0,0,0,0,0,,,,,,0,0,0,0,0,0,,,3619.68,918.11,1528.63,,,,,,FALSE,"mad"
"bt_spawn_mad_p10","score302_bt_spawn_mad_p10","bt_spawn_mad_p10",100,TRUE,"KOTL","BT","rear",0,0,0,0,0,0,0,0,,,,,,0,0,0,0,0,0,,,3619.68,918.11,1528.63,,,,,,FALSE,"mad"
"bt_spawn_mad_p10","score302_bt_spawn_mad_p10","bt_spawn_mad_p10",100,TRUE,"KOTR","BT","any",184,0,183,1,139,166,166,166,0.994565217391304,0.755434782608696,0.902173913043478,0.902173913043478,0.902173913043478,0,0,184,139,184,166,0.755434782608696,0.902173913043478,2551.21,840.01,1252.99,,,,,,FALSE,"mad"
"bt_spawn_mad_p10","score302_bt_spawn_mad_p10","bt_spawn_mad_p10",100,TRUE,"KOTR","BT","spawn",0,0,0,0,0,0,0,0,,,,,,0,0,0,0,0,0,,,2551.21,840.01,1252.99,,,,,,FALSE,"mad"
"bt_spawn_mad_p10","score302_bt_spawn_mad_p10","bt_spawn_mad_p10",100,TRUE,"KOTR","BT","rear",0,0,0,0,0,0,0,0,,,,,,0,0,0,0,0,0,,,2551.21,840.01,1252.99,,,,,,FALSE,"mad"
"bt_spawn_mad_p10","score302_bt_spawn_mad_p10","bt_spawn_mad_p10",100,TRUE,"LHAF","BT","any",121,0,121,0,34,42,42,42,1,0.28099173553719,0.347107438016529,0.347107438016529,0.347107438016529,0,0,121,34,121,42,0.28099173553719,0.347107438016529,7612.75,1086.4,1792.65,,,,,,FALSE,"mad"
"bt_spawn_mad_p10","score302_bt_spawn_mad_p10","bt_spawn_mad_p10",100,TRUE,"LHAF","BT","spawn",0,0,0,0,0,0,0,0,,,,,,0,0,0,0,0,0,,,7612.75,1086.4,1792.65,,,,,,FALSE,"mad"
"bt_spawn_mad_p10","score302_bt_spawn_mad_p10","bt_spawn_mad_p10",100,TRUE,"LHAF","BT","rear",0,0,0,0,0,0,0,0,,,,,,0,0,0,0,0,0,,,7612.75,1086.4,1792.65,,,,,,FALSE,"mad"
"bt_spawn_mad_p10","score302_bt_spawn_mad_p10","bt_spawn_mad_p10",100,TRUE,"MURR","BT","any",263,0,260,3,238,252,254,254,0.988593155893536,0.904942965779468,0.958174904942966,0.965779467680608,0.965779467680608,0,0,263,238,263,254,0.904942965779468,0.965779467680608,6111.15,1209.23,1950.63,,,,,,FALSE,"mad"
"bt_spawn_mad_p10","score302_bt_spawn_mad_p10","bt_spawn_mad_p10",100,TRUE,"MURR","BT","spawn",3,0,3,0,3,3,3,3,1,1,1,1,1,0,0,3,3,3,3,1,1,6111.15,1209.23,1950.63,,,,,,FALSE,"mad"
"bt_spawn_mad_p10","score302_bt_spawn_mad_p10","bt_spawn_mad_p10",100,TRUE,"MURR","BT","rear",1,0,1,0,1,1,1,1,1,1,1,1,1,0,0,1,1,1,1,1,1,6111.15,1209.23,1950.63,,,,,,FALSE,"mad"
"bt_spawn_mad_p10","score302_bt_spawn_mad_p10","bt_spawn_mad_p10",100,TRUE,"PARS","BT","any",281,0,281,0,228,259,259,259,1,0.811387900355872,0.921708185053381,0.921708185053381,0.921708185053381,0,0,281,228,281,259,0.811387900355872,0.921708185053381,6883.03,1566.02,2731.56,,,,,,FALSE,"mad"
"bt_spawn_mad_p10","score302_bt_spawn_mad_p10","bt_spawn_mad_p10",100,TRUE,"PARS","BT","spawn",0,0,0,0,0,0,0,0,,,,,,0,0,0,0,0,0,,,6883.03,1566.02,2731.56,,,,,,FALSE,"mad"
"bt_spawn_mad_p10","score302_bt_spawn_mad_p10","bt_spawn_mad_p10",100,TRUE,"PARS","BT","rear",0,0,0,0,0,0,0,0,,,,,,0,0,0,0,0,0,,,6883.03,1566.02,2731.56,,,,,,FALSE,"mad"
"bt_spawn_mad_p10","score302_bt_spawn_mad_p10","bt_spawn_mad_p10",100,TRUE,"REVL","BT","any",308,0,300,8,83,137,140,140,0.974025974025974,0.26948051948052,0.444805194805195,0.454545454545455,0.454545454545455,0,0,308,83,308,140,0.26948051948052,0.454545454545455,1133.38,421.81,596.72,,,,,,FALSE,"mad"
"bt_spawn_mad_p10","score302_bt_spawn_mad_p10","bt_spawn_mad_p10",100,TRUE,"REVL","BT","spawn",0,0,0,0,0,0,0,0,,,,,,0,0,0,0,0,0,,,1133.38,421.81,596.72,,,,,,FALSE,"mad"
"bt_spawn_mad_p10","score302_bt_spawn_mad_p10","bt_spawn_mad_p10",100,TRUE,"REVL","BT","rear",0,0,0,0,0,0,0,0,,,,,,0,0,0,0,0,0,,,1133.38,421.81,596.72,,,,,,FALSE,"mad"
"bt_spawn_mad_p10","score302_bt_spawn_mad_p10","bt_spawn_mad_p10",100,TRUE,"UARL","BT","any",242,0,240,2,113,162,162,162,0.991735537190083,0.466942148760331,0.669421487603306,0.669421487603306,0.669421487603306,0,0,242,113,242,162,0.466942148760331,0.669421487603306,1913.74,571.12,857.83,,,,,,FALSE,"mad"
"bt_spawn_mad_p10","score302_bt_spawn_mad_p10","bt_spawn_mad_p10",100,TRUE,"UARL","BT","spawn",0,0,0,0,0,0,0,0,,,,,,0,0,0,0,0,0,,,1913.74,571.12,857.83,,,,,,FALSE,"mad"
"bt_spawn_mad_p10","score302_bt_spawn_mad_p10","bt_spawn_mad_p10",100,TRUE,"UARL","BT","rear",0,0,0,0,0,0,0,0,,,,,,0,0,0,0,0,0,,,1913.74,571.12,857.83,,,,,,FALSE,"mad"
"bt_spawn_mad_p10","score302_bt_spawn_mad_p10","bt_spawn_mad_p10",100,TRUE,"UBTN","BT","any",1,0,1,0,1,1,1,1,1,1,1,1,1,0,0,1,1,1,1,1,1,8292.29,863.85,1771.7,,,,,,FALSE,"mad"
"bt_spawn_mad_p10","score302_bt_spawn_mad_p10","bt_spawn_mad_p10",100,TRUE,"UBTN","BT","spawn",0,0,0,0,0,0,0,0,,,,,,0,0,0,0,0,0,,,8292.29,863.85,1771.7,,,,,,FALSE,"mad"
"bt_spawn_mad_p10","score302_bt_spawn_mad_p10","bt_spawn_mad_p10",100,TRUE,"UBTN","BT","rear",0,0,0,0,0,0,0,0,,,,,,0,0,0,0,0,0,,,8292.29,863.85,1771.7,,,,,,FALSE,"mad"
"bt_spawn_mad_p05","score302_bt_spawn_mad_p05","bt_spawn_mad_p05",0,TRUE,"ELKR","BT","any",582,0,578,4,513,561,562,562,0.993127147766323,0.881443298969072,0.963917525773196,0.965635738831615,0.965635738831615,0,0,582,513,582,562,0.881443298969072,0.965635738831615,4325.16,1556.86,2068.1,,,,,,FALSE,"mad"
"bt_spawn_mad_p05","score302_bt_spawn_mad_p05","bt_spawn_mad_p05",0,TRUE,"ELKR","BT","spawn",0,0,0,0,0,0,0,0,,,,,,0,0,0,0,0,0,,,4325.16,1556.86,2068.1,,,,,,FALSE,"mad"
"bt_spawn_mad_p05","score302_bt_spawn_mad_p05","bt_spawn_mad_p05",0,TRUE,"ELKR","BT","rear",0,0,0,0,0,0,0,0,,,,,,0,0,0,0,0,0,,,4325.16,1556.86,2068.1,,,,,,FALSE,"mad"
"bt_spawn_mad_p05","score302_bt_spawn_mad_p05","bt_spawn_mad_p05",0,TRUE,"KOTL","BT","any",206,0,203,3,114,164,173,173,0.985436893203884,0.553398058252427,0.796116504854369,0.839805825242718,0.839805825242718,0,0,206,114,206,173,0.553398058252427,0.839805825242718,3619.68,1020.3,1578.25,,,,,,FALSE,"mad"
"bt_spawn_mad_p05","score302_bt_spawn_mad_p05","bt_spawn_mad_p05",0,TRUE,"KOTL","BT","spawn",0,0,0,0,0,0,0,0,,,,,,0,0,0,0,0,0,,,3619.68,1020.3,1578.25,,,,,,FALSE,"mad"
"bt_spawn_mad_p05","score302_bt_spawn_mad_p05","bt_spawn_mad_p05",0,TRUE,"KOTL","BT","rear",0,0,0,0,0,0,0,0,,,,,,0,0,0,0,0,0,,,3619.68,1020.3,1578.25,,,,,,FALSE,"mad"
"bt_spawn_mad_p05","score302_bt_spawn_mad_p05","bt_spawn_mad_p05",0,TRUE,"KOTR","BT","any",184,0,183,1,139,166,166,166,0.994565217391304,0.755434782608696,0.902173913043478,0.902173913043478,0.902173913043478,0,0,184,139,184,166,0.755434782608696,0.902173913043478,2551.21,930.82,1301.07,,,,,,FALSE,"mad"
"bt_spawn_mad_p05","score302_bt_spawn_mad_p05","bt_spawn_mad_p05",0,TRUE,"KOTR","BT","spawn",0,0,0,0,0,0,0,0,,,,,,0,0,0,0,0,0,,,2551.21,930.82,1301.07,,,,,,FALSE,"mad"
"bt_spawn_mad_p05","score302_bt_spawn_mad_p05","bt_spawn_mad_p05",0,TRUE,"KOTR","BT","rear",0,0,0,0,0,0,0,0,,,,,,0,0,0,0,0,0,,,2551.21,930.82,1301.07,,,,,,FALSE,"mad"
"bt_spawn_mad_p05","score302_bt_spawn_mad_p05","bt_spawn_mad_p05",0,TRUE,"LHAF","BT","any",121,0,121,0,35,42,42,42,1,0.289256198347107,0.347107438016529,0.347107438016529,0.347107438016529,0,0,121,35,121,42,0.289256198347107,0.347107438016529,7612.75,1359.8,1855.84,,,,,,FALSE,"mad"
"bt_spawn_mad_p05","score302_bt_spawn_mad_p05","bt_spawn_mad_p05",0,TRUE,"LHAF","BT","spawn",0,0,0,0,0,0,0,0,,,,,,0,0,0,0,0,0,,,7612.75,1359.8,1855.84,,,,,,FALSE,"mad"
"bt_spawn_mad_p05","score302_bt_spawn_mad_p05","bt_spawn_mad_p05",0,TRUE,"LHAF","BT","rear",0,0,0,0,0,0,0,0,,,,,,0,0,0,0,0,0,,,7612.75,1359.8,1855.84,,,,,,FALSE,"mad"
"bt_spawn_mad_p05","score302_bt_spawn_mad_p05","bt_spawn_mad_p05",0,TRUE,"MURR","BT","any",263,0,260,3,240,252,254,254,0.988593155893536,0.91254752851711,0.958174904942966,0.965779467680608,0.965779467680608,0,0,263,240,263,254,0.91254752851711,0.965779467680608,6111.15,1528.61,2056.14,,,,,,FALSE,"mad"
"bt_spawn_mad_p05","score302_bt_spawn_mad_p05","bt_spawn_mad_p05",0,TRUE,"MURR","BT","spawn",3,0,3,0,3,3,3,3,1,1,1,1,1,0,0,3,3,3,3,1,1,6111.15,1528.61,2056.14,,,,,,FALSE,"mad"
"bt_spawn_mad_p05","score302_bt_spawn_mad_p05","bt_spawn_mad_p05",0,TRUE,"MURR","BT","rear",1,0,1,0,1,1,1,1,1,1,1,1,1,0,0,1,1,1,1,1,1,6111.15,1528.61,2056.14,,,,,,FALSE,"mad"
"bt_spawn_mad_p05","score302_bt_spawn_mad_p05","bt_spawn_mad_p05",0,TRUE,"PARS","BT","any",281,0,281,0,229,258,258,258,1,0.814946619217082,0.918149466192171,0.918149466192171,0.918149466192171,0,0,281,229,281,258,0.814946619217082,0.918149466192171,6883.03,1939.78,2828.63,,,,,,FALSE,"mad"
"bt_spawn_mad_p05","score302_bt_spawn_mad_p05","bt_spawn_mad_p05",0,TRUE,"PARS","BT","spawn",0,0,0,0,0,0,0,0,,,,,,0,0,0,0,0,0,,,6883.03,1939.78,2828.63,,,,,,FALSE,"mad"
"bt_spawn_mad_p05","score302_bt_spawn_mad_p05","bt_spawn_mad_p05",0,TRUE,"PARS","BT","rear",0,0,0,0,0,0,0,0,,,,,,0,0,0,0,0,0,,,6883.03,1939.78,2828.63,,,,,,FALSE,"mad"
"bt_spawn_mad_p05","score302_bt_spawn_mad_p05","bt_spawn_mad_p05",0,TRUE,"REVL","BT","any",308,0,300,8,90,133,137,137,0.974025974025974,0.292207792207792,0.431818181818182,0.444805194805195,0.444805194805195,0,0,308,90,308,137,0.292207792207792,0.444805194805195,1133.38,448.16,606.91,,,,,,FALSE,"mad"
"bt_spawn_mad_p05","score302_bt_spawn_mad_p05","bt_spawn_mad_p05",0,TRUE,"REVL","BT","spawn",0,0,0,0,0,0,0,0,,,,,,0,0,0,0,0,0,,,1133.38,448.16,606.91,,,,,,FALSE,"mad"
"bt_spawn_mad_p05","score302_bt_spawn_mad_p05","bt_spawn_mad_p05",0,TRUE,"REVL","BT","rear",0,0,0,0,0,0,0,0,,,,,,0,0,0,0,0,0,,,1133.38,448.16,606.91,,,,,,FALSE,"mad"
"bt_spawn_mad_p05","score302_bt_spawn_mad_p05","bt_spawn_mad_p05",0,TRUE,"UARL","BT","any",242,0,240,2,108,156,158,158,0.991735537190083,0.446280991735537,0.644628099173554,0.652892561983471,0.652892561983471,0,0,242,108,242,158,0.446280991735537,0.652892561983471,1913.74,619.92,881.79,,,,,,FALSE,"mad"
"bt_spawn_mad_p05","score302_bt_spawn_mad_p05","bt_spawn_mad_p05",0,TRUE,"UARL","BT","spawn",0,0,0,0,0,0,0,0,,,,,,0,0,0,0,0,0,,,1913.74,619.92,881.79,,,,,,FALSE,"mad"
"bt_spawn_mad_p05","score302_bt_spawn_mad_p05","bt_spawn_mad_p05",0,TRUE,"UARL","BT","rear",0,0,0,0,0,0,0,0,,,,,,0,0,0,0,0,0,,,1913.74,619.92,881.79,,,,,,FALSE,"mad"
"bt_spawn_mad_p05","score302_bt_spawn_mad_p05","bt_spawn_mad_p05",0,TRUE,"UBTN","BT","any",1,0,1,0,1,1,1,1,1,1,1,1,1,0,0,1,1,1,1,1,1,8292.29,1371.33,1942.64,,,,,,FALSE,"mad"
"bt_spawn_mad_p05","score302_bt_spawn_mad_p05","bt_spawn_mad_p05",0,TRUE,"UBTN","BT","spawn",0,0,0,0,0,0,0,0,,,,,,0,0,0,0,0,0,,,8292.29,1371.33,1942.64,,,,,,FALSE,"mad"
"bt_spawn_mad_p05","score302_bt_spawn_mad_p05","bt_spawn_mad_p05",0,TRUE,"UBTN","BT","rear",0,0,0,0,0,0,0,0,,,,,,0,0,0,0,0,0,,,8292.29,1371.33,1942.64,,,,,,FALSE,"mad"
"bt_spawn_mad_p05","score302_bt_spawn_mad_p05","bt_spawn_mad_p05",100,TRUE,"ELKR","BT","any",582,0,578,4,524,565,566,566,0.993127147766323,0.900343642611684,0.970790378006873,0.972508591065292,0.972508591065292,0,0,582,524,582,566,0.900343642611684,0.972508591065292,4325.16,1556.86,2068.1,,,,,,FALSE,"mad"
"bt_spawn_mad_p05","score302_bt_spawn_mad_p05","bt_spawn_mad_p05",100,TRUE,"ELKR","BT","spawn",0,0,0,0,0,0,0,0,,,,,,0,0,0,0,0,0,,,4325.16,1556.86,2068.1,,,,,,FALSE,"mad"
"bt_spawn_mad_p05","score302_bt_spawn_mad_p05","bt_spawn_mad_p05",100,TRUE,"ELKR","BT","rear",0,0,0,0,0,0,0,0,,,,,,0,0,0,0,0,0,,,4325.16,1556.86,2068.1,,,,,,FALSE,"mad"
"bt_spawn_mad_p05","score302_bt_spawn_mad_p05","bt_spawn_mad_p05",100,TRUE,"KOTL","BT","any",206,0,203,3,125,171,176,176,0.985436893203884,0.606796116504854,0.830097087378641,0.854368932038835,0.854368932038835,0,0,206,125,206,176,0.606796116504854,0.854368932038835,3619.68,1020.3,1578.25,,,,,,FALSE,"mad"
"bt_spawn_mad_p05","score302_bt_spawn_mad_p05","bt_spawn_mad_p05",100,TRUE,"KOTL","BT","spawn",0,0,0,0,0,0,0,0,,,,,,0,0,0,0,0,0,,,3619.68,1020.3,1578.25,,,,,,FALSE,"mad"
"bt_spawn_mad_p05","score302_bt_spawn_mad_p05","bt_spawn_mad_p05",100,TRUE,"KOTL","BT","rear",0,0,0,0,0,0,0,0,,,,,,0,0,0,0,0,0,,,3619.68,1020.3,1578.25,,,,,,FALSE,"mad"
"bt_spawn_mad_p05","score302_bt_spawn_mad_p05","bt_spawn_mad_p05",100,TRUE,"KOTR","BT","any",184,0,183,1,143,169,169,169,0.994565217391304,0.777173913043478,0.918478260869565,0.918478260869565,0.918478260869565,0,0,184,143,184,169,0.777173913043478,0.918478260869565,2551.21,930.82,1301.07,,,,,,FALSE,"mad"
"bt_spawn_mad_p05","score302_bt_spawn_mad_p05","bt_spawn_mad_p05",100,TRUE,"KOTR","BT","spawn",0,0,0,0,0,0,0,0,,,,,,0,0,0,0,0,0,,,2551.21,930.82,1301.07,,,,,,FALSE,"mad"
"bt_spawn_mad_p05","score302_bt_spawn_mad_p05","bt_spawn_mad_p05",100,TRUE,"KOTR","BT","rear",0,0,0,0,0,0,0,0,,,,,,0,0,0,0,0,0,,,2551.21,930.82,1301.07,,,,,,FALSE,"mad"
"bt_spawn_mad_p05","score302_bt_spawn_mad_p05","bt_spawn_mad_p05",100,TRUE,"LHAF","BT","any",121,0,121,0,35,42,42,42,1,0.289256198347107,0.347107438016529,0.347107438016529,0.347107438016529,0,0,121,35,121,42,0.289256198347107,0.347107438016529,7612.75,1359.8,1855.84,,,,,,FALSE,"mad"
"bt_spawn_mad_p05","score302_bt_spawn_mad_p05","bt_spawn_mad_p05",100,TRUE,"LHAF","BT","spawn",0,0,0,0,0,0,0,0,,,,,,0,0,0,0,0,0,,,7612.75,1359.8,1855.84,,,,,,FALSE,"mad"
"bt_spawn_mad_p05","score302_bt_spawn_mad_p05","bt_spawn_mad_p05",100,TRUE,"LHAF","BT","rear",0,0,0,0,0,0,0,0,,,,,,0,0,0,0,0,0,,,7612.75,1359.8,1855.84,,,,,,FALSE,"mad"
"bt_spawn_mad_p05","score302_bt_spawn_mad_p05","bt_spawn_mad_p05",100,TRUE,"MURR","BT","any",263,0,260,3,245,252,254,254,0.988593155893536,0.931558935361217,0.958174904942966,0.965779467680608,0.965779467680608,0,0,263,245,263,254,0.931558935361217,0.965779467680608,6111.15,1528.61,2056.14,,,,,,FALSE,"mad"
"bt_spawn_mad_p05","score302_bt_spawn_mad_p05","bt_spawn_mad_p05",100,TRUE,"MURR","BT","spawn",3,0,3,0,3,3,3,3,1,1,1,1,1,0,0,3,3,3,3,1,1,6111.15,1528.61,2056.14,,,,,,FALSE,"mad"
"bt_spawn_mad_p05","score302_bt_spawn_mad_p05","bt_spawn_mad_p05",100,TRUE,"MURR","BT","rear",1,0,1,0,1,1,1,1,1,1,1,1,1,0,0,1,1,1,1,1,1,6111.15,1528.61,2056.14,,,,,,FALSE,"mad"
"bt_spawn_mad_p05","score302_bt_spawn_mad_p05","bt_spawn_mad_p05",100,TRUE,"PARS","BT","any",281,0,281,0,232,262,262,262,1,0.825622775800712,0.932384341637011,0.932384341637011,0.932384341637011,0,0,281,232,281,262,0.825622775800712,0.932384341637011,6883.03,1939.78,2828.63,,,,,,FALSE,"mad"
"bt_spawn_mad_p05","score302_bt_spawn_mad_p05","bt_spawn_mad_p05",100,TRUE,"PARS","BT","spawn",0,0,0,0,0,0,0,0,,,,,,0,0,0,0,0,0,,,6883.03,1939.78,2828.63,,,,,,FALSE,"mad"
"bt_spawn_mad_p05","score302_bt_spawn_mad_p05","bt_spawn_mad_p05",100,TRUE,"PARS","BT","rear",0,0,0,0,0,0,0,0,,,,,,0,0,0,0,0,0,,,6883.03,1939.78,2828.63,,,,,,FALSE,"mad"
"bt_spawn_mad_p05","score302_bt_spawn_mad_p05","bt_spawn_mad_p05",100,TRUE,"REVL","BT","any",308,0,300,8,95,138,141,141,0.974025974025974,0.308441558441558,0.448051948051948,0.457792207792208,0.457792207792208,0,0,308,95,308,141,0.308441558441558,0.457792207792208,1133.38,448.16,606.91,,,,,,FALSE,"mad"
"bt_spawn_mad_p05","score302_bt_spawn_mad_p05","bt_spawn_mad_p05",100,TRUE,"REVL","BT","spawn",0,0,0,0,0,0,0,0,,,,,,0,0,0,0,0,0,,,1133.38,448.16,606.91,,,,,,FALSE,"mad"
"bt_spawn_mad_p05","score302_bt_spawn_mad_p05","bt_spawn_mad_p05",100,TRUE,"REVL","BT","rear",0,0,0,0,0,0,0,0,,,,,,0,0,0,0,0,0,,,1133.38,448.16,606.91,,,,,,FALSE,"mad"
"bt_spawn_mad_p05","score302_bt_spawn_mad_p05","bt_spawn_mad_p05",100,TRUE,"UARL","BT","any",242,0,240,2,115,163,163,163,0.991735537190083,0.475206611570248,0.673553719008264,0.673553719008264,0.673553719008264,0,0,242,115,242,163,0.475206611570248,0.673553719008264,1913.74,619.92,881.79,,,,,,FALSE,"mad"
"bt_spawn_mad_p05","score302_bt_spawn_mad_p05","bt_spawn_mad_p05",100,TRUE,"UARL","BT","spawn",0,0,0,0,0,0,0,0,,,,,,0,0,0,0,0,0,,,1913.74,619.92,881.79,,,,,,FALSE,"mad"
"bt_spawn_mad_p05","score302_bt_spawn_mad_p05","bt_spawn_mad_p05",100,TRUE,"UARL","BT","rear",0,0,0,0,0,0,0,0,,,,,,0,0,0,0,0,0,,,1913.74,619.92,881.79,,,,,,FALSE,"mad"
"bt_spawn_mad_p05","score302_bt_spawn_mad_p05","bt_spawn_mad_p05",100,TRUE,"UBTN","BT","any",1,0,1,0,1,1,1,1,1,1,1,1,1,0,0,1,1,1,1,1,1,8292.29,1371.33,1942.64,,,,,,FALSE,"mad"
"bt_spawn_mad_p05","score302_bt_spawn_mad_p05","bt_spawn_mad_p05",100,TRUE,"UBTN","BT","spawn",0,0,0,0,0,0,0,0,,,,,,0,0,0,0,0,0,,,8292.29,1371.33,1942.64,,,,,,FALSE,"mad"
"bt_spawn_mad_p05","score302_bt_spawn_mad_p05","bt_spawn_mad_p05",100,TRUE,"UBTN","BT","rear",0,0,0,0,0,0,0,0,,,,,,0,0,0,0,0,0,,,8292.29,1371.33,1942.64,,,,,,FALSE,"mad"
"bt_spawn_mad_p02","score302_bt_spawn_mad_p02","bt_spawn_mad_p02",0,TRUE,"ELKR","BT","any",582,0,578,4,515,562,563,565,0.993127147766323,0.884879725085911,0.965635738831615,0.967353951890034,0.970790378006873,0,0,582,515,582,563,0.884879725085911,0.967353951890034,4325.16,1798.78,2099.2,,,,,,FALSE,"mad"
"bt_spawn_mad_p02","score302_bt_spawn_mad_p02","bt_spawn_mad_p02",0,TRUE,"ELKR","BT","spawn",0,0,0,0,0,0,0,0,,,,,,0,0,0,0,0,0,,,4325.16,1798.78,2099.2,,,,,,FALSE,"mad"
"bt_spawn_mad_p02","score302_bt_spawn_mad_p02","bt_spawn_mad_p02",0,TRUE,"ELKR","BT","rear",0,0,0,0,0,0,0,0,,,,,,0,0,0,0,0,0,,,4325.16,1798.78,2099.2,,,,,,FALSE,"mad"
"bt_spawn_mad_p02","score302_bt_spawn_mad_p02","bt_spawn_mad_p02",0,TRUE,"KOTL","BT","any",206,0,203,3,114,164,173,173,0.985436893203884,0.553398058252427,0.796116504854369,0.839805825242718,0.839805825242718,0,0,206,114,206,173,0.553398058252427,0.839805825242718,3619.68,1134.09,1594.82,,,,,,FALSE,"mad"
"bt_spawn_mad_p02","score302_bt_spawn_mad_p02","bt_spawn_mad_p02",0,TRUE,"KOTL","BT","spawn",0,0,0,0,0,0,0,0,,,,,,0,0,0,0,0,0,,,3619.68,1134.09,1594.82,,,,,,FALSE,"mad"
"bt_spawn_mad_p02","score302_bt_spawn_mad_p02","bt_spawn_mad_p02",0,TRUE,"KOTL","BT","rear",0,0,0,0,0,0,0,0,,,,,,0,0,0,0,0,0,,,3619.68,1134.09,1594.82,,,,,,FALSE,"mad"
"bt_spawn_mad_p02","score302_bt_spawn_mad_p02","bt_spawn_mad_p02",0,TRUE,"KOTR","BT","any",184,0,183,1,142,166,166,169,0.994565217391304,0.771739130434783,0.902173913043478,0.902173913043478,0.918478260869565,0,0,184,142,184,166,0.771739130434783,0.902173913043478,2551.21,1040.12,1318.26,,,,,,FALSE,"mad"
"bt_spawn_mad_p02","score302_bt_spawn_mad_p02","bt_spawn_mad_p02",0,TRUE,"KOTR","BT","spawn",0,0,0,0,0,0,0,0,,,,,,0,0,0,0,0,0,,,2551.21,1040.12,1318.26,,,,,,FALSE,"mad"
"bt_spawn_mad_p02","score302_bt_spawn_mad_p02","bt_spawn_mad_p02",0,TRUE,"KOTR","BT","rear",0,0,0,0,0,0,0,0,,,,,,0,0,0,0,0,0,,,2551.21,1040.12,1318.26,,,,,,FALSE,"mad"
"bt_spawn_mad_p02","score302_bt_spawn_mad_p02","bt_spawn_mad_p02",0,TRUE,"LHAF","BT","any",121,0,121,0,36,42,42,43,1,0.297520661157025,0.347107438016529,0.347107438016529,0.355371900826446,0,0,121,36,121,42,0.297520661157025,0.347107438016529,7612.75,1715.73,1901.01,,,,,,FALSE,"mad"
"bt_spawn_mad_p02","score302_bt_spawn_mad_p02","bt_spawn_mad_p02",0,TRUE,"LHAF","BT","spawn",0,0,0,0,0,0,0,0,,,,,,0,0,0,0,0,0,,,7612.75,1715.73,1901.01,,,,,,FALSE,"mad"
"bt_spawn_mad_p02","score302_bt_spawn_mad_p02","bt_spawn_mad_p02",0,TRUE,"LHAF","BT","rear",0,0,0,0,0,0,0,0,,,,,,0,0,0,0,0,0,,,7612.75,1715.73,1901.01,,,,,,FALSE,"mad"
"bt_spawn_mad_p02","score302_bt_spawn_mad_p02","bt_spawn_mad_p02",0,TRUE,"MURR","BT","any",263,0,260,3,241,252,254,255,0.988593155893536,0.916349809885932,0.958174904942966,0.965779467680608,0.96958174904943,0,0,263,241,263,254,0.916349809885932,0.965779467680608,6111.15,1924.26,2088.69,,,,,,FALSE,"mad"
"bt_spawn_mad_p02","score302_bt_spawn_mad_p02","bt_spawn_mad_p02",0,TRUE,"MURR","BT","spawn",3,0,3,0,3,3,3,3,1,1,1,1,1,0,0,3,3,3,3,1,1,6111.15,1924.26,2088.69,,,,,,FALSE,"mad"
"bt_spawn_mad_p02","score302_bt_spawn_mad_p02","bt_spawn_mad_p02",0,TRUE,"MURR","BT","rear",1,0,1,0,1,1,1,1,1,1,1,1,1,0,0,1,1,1,1,1,1,6111.15,1924.26,2088.69,,,,,,FALSE,"mad"
"bt_spawn_mad_p02","score302_bt_spawn_mad_p02","bt_spawn_mad_p02",0,TRUE,"PARS","BT","any",281,0,281,0,232,258,258,261,1,0.825622775800712,0.918149466192171,0.918149466192171,0.928825622775801,0,0,281,232,281,258,0.825622775800712,0.918149466192171,6883.03,2449.65,2865.3,,,,,,FALSE,"mad"
"bt_spawn_mad_p02","score302_bt_spawn_mad_p02","bt_spawn_mad_p02",0,TRUE,"PARS","BT","spawn",0,0,0,0,0,0,0,0,,,,,,0,0,0,0,0,0,,,6883.03,2449.65,2865.3,,,,,,FALSE,"mad"
"bt_spawn_mad_p02","score302_bt_spawn_mad_p02","bt_spawn_mad_p02",0,TRUE,"PARS","BT","rear",0,0,0,0,0,0,0,0,,,,,,0,0,0,0,0,0,,,6883.03,2449.65,2865.3,,,,,,FALSE,"mad"
"bt_spawn_mad_p02","score302_bt_spawn_mad_p02","bt_spawn_mad_p02",0,TRUE,"REVL","BT","any",308,0,300,8,90,133,137,137,0.974025974025974,0.292207792207792,0.431818181818182,0.444805194805195,0.444805194805195,0,0,308,90,308,137,0.292207792207792,0.444805194805195,1133.38,476.04,611.89,,,,,,FALSE,"mad"
"bt_spawn_mad_p02","score302_bt_spawn_mad_p02","bt_spawn_mad_p02",0,TRUE,"REVL","BT","spawn",0,0,0,0,0,0,0,0,,,,,,0,0,0,0,0,0,,,1133.38,476.04,611.89,,,,,,FALSE,"mad"
"bt_spawn_mad_p02","score302_bt_spawn_mad_p02","bt_spawn_mad_p02",0,TRUE,"REVL","BT","rear",0,0,0,0,0,0,0,0,,,,,,0,0,0,0,0,0,,,1133.38,476.04,611.89,,,,,,FALSE,"mad"
"bt_spawn_mad_p02","score302_bt_spawn_mad_p02","bt_spawn_mad_p02",0,TRUE,"UARL","BT","any",242,0,240,2,108,156,158,158,0.991735537190083,0.446280991735537,0.644628099173554,0.652892561983471,0.652892561983471,0,0,242,108,242,158,0.446280991735537,0.652892561983471,1913.74,655.95,886.45,,,,,,FALSE,"mad"
"bt_spawn_mad_p02","score302_bt_spawn_mad_p02","bt_spawn_mad_p02",0,TRUE,"UARL","BT","spawn",0,0,0,0,0,0,0,0,,,,,,0,0,0,0,0,0,,,1913.74,655.95,886.45,,,,,,FALSE,"mad"
"bt_spawn_mad_p02","score302_bt_spawn_mad_p02","bt_spawn_mad_p02",0,TRUE,"UARL","BT","rear",0,0,0,0,0,0,0,0,,,,,,0,0,0,0,0,0,,,1913.74,655.95,886.45,,,,,,FALSE,"mad"
"bt_spawn_mad_p02","score302_bt_spawn_mad_p02","bt_spawn_mad_p02",0,TRUE,"UBTN","BT","any",1,0,1,0,1,1,1,1,1,1,1,1,1,0,0,1,1,1,1,1,1,8292.29,2335.07,2028.42,,,,,,FALSE,"mad"
"bt_spawn_mad_p02","score302_bt_spawn_mad_p02","bt_spawn_mad_p02",0,TRUE,"UBTN","BT","spawn",0,0,0,0,0,0,0,0,,,,,,0,0,0,0,0,0,,,8292.29,2335.07,2028.42,,,,,,FALSE,"mad"
"bt_spawn_mad_p02","score302_bt_spawn_mad_p02","bt_spawn_mad_p02",0,TRUE,"UBTN","BT","rear",0,0,0,0,0,0,0,0,,,,,,0,0,0,0,0,0,,,8292.29,2335.07,2028.42,,,,,,FALSE,"mad"
"bt_spawn_mad_p02","score302_bt_spawn_mad_p02","bt_spawn_mad_p02",100,TRUE,"ELKR","BT","any",582,0,578,4,526,567,568,570,0.993127147766323,0.903780068728522,0.974226804123711,0.97594501718213,0.979381443298969,0,0,582,526,582,568,0.903780068728522,0.97594501718213,4325.16,1798.78,2099.2,,,,,,FALSE,"mad"
"bt_spawn_mad_p02","score302_bt_spawn_mad_p02","bt_spawn_mad_p02",100,TRUE,"ELKR","BT","spawn",0,0,0,0,0,0,0,0,,,,,,0,0,0,0,0,0,,,4325.16,1798.78,2099.2,,,,,,FALSE,"mad"
"bt_spawn_mad_p02","score302_bt_spawn_mad_p02","bt_spawn_mad_p02",100,TRUE,"ELKR","BT","rear",0,0,0,0,0,0,0,0,,,,,,0,0,0,0,0,0,,,4325.16,1798.78,2099.2,,,,,,FALSE,"mad"
"bt_spawn_mad_p02","score302_bt_spawn_mad_p02","bt_spawn_mad_p02",100,TRUE,"KOTL","BT","any",206,0,203,3,125,171,176,176,0.985436893203884,0.606796116504854,0.830097087378641,0.854368932038835,0.854368932038835,0,0,206,125,206,176,0.606796116504854,0.854368932038835,3619.68,1134.09,1594.82,,,,,,FALSE,"mad"
"bt_spawn_mad_p02","score302_bt_spawn_mad_p02","bt_spawn_mad_p02",100,TRUE,"KOTL","BT","spawn",0,0,0,0,0,0,0,0,,,,,,0,0,0,0,0,0,,,3619.68,1134.09,1594.82,,,,,,FALSE,"mad"
"bt_spawn_mad_p02","score302_bt_spawn_mad_p02","bt_spawn_mad_p02",100,TRUE,"KOTL","BT","rear",0,0,0,0,0,0,0,0,,,,,,0,0,0,0,0,0,,,3619.68,1134.09,1594.82,,,,,,FALSE,"mad"
"bt_spawn_mad_p02","score302_bt_spawn_mad_p02","bt_spawn_mad_p02",100,TRUE,"KOTR","BT","any",184,0,183,1,146,169,169,171,0.994565217391304,0.793478260869565,0.918478260869565,0.918478260869565,0.929347826086957,0,0,184,146,184,169,0.793478260869565,0.918478260869565,2551.21,1040.12,1318.26,,,,,,FALSE,"mad"
"bt_spawn_mad_p02","score302_bt_spawn_mad_p02","bt_spawn_mad_p02",100,TRUE,"KOTR","BT","spawn",0,0,0,0,0,0,0,0,,,,,,0,0,0,0,0,0,,,2551.21,1040.12,1318.26,,,,,,FALSE,"mad"
"bt_spawn_mad_p02","score302_bt_spawn_mad_p02","bt_spawn_mad_p02",100,TRUE,"KOTR","BT","rear",0,0,0,0,0,0,0,0,,,,,,0,0,0,0,0,0,,,2551.21,1040.12,1318.26,,,,,,FALSE,"mad"
"bt_spawn_mad_p02","score302_bt_spawn_mad_p02","bt_spawn_mad_p02",100,TRUE,"LHAF","BT","any",121,0,121,0,36,42,42,43,1,0.297520661157025,0.347107438016529,0.347107438016529,0.355371900826446,0,0,121,36,121,42,0.297520661157025,0.347107438016529,7612.75,1715.73,1901.01,,,,,,FALSE,"mad"
"bt_spawn_mad_p02","score302_bt_spawn_mad_p02","bt_spawn_mad_p02",100,TRUE,"LHAF","BT","spawn",0,0,0,0,0,0,0,0,,,,,,0,0,0,0,0,0,,,7612.75,1715.73,1901.01,,,,,,FALSE,"mad"
"bt_spawn_mad_p02","score302_bt_spawn_mad_p02","bt_spawn_mad_p02",100,TRUE,"LHAF","BT","rear",0,0,0,0,0,0,0,0,,,,,,0,0,0,0,0,0,,,7612.75,1715.73,1901.01,,,,,,FALSE,"mad"
"bt_spawn_mad_p02","score302_bt_spawn_mad_p02","bt_spawn_mad_p02",100,TRUE,"MURR","BT","any",263,0,260,3,246,252,254,255,0.988593155893536,0.935361216730038,0.958174904942966,0.965779467680608,0.96958174904943,0,0,263,246,263,254,0.935361216730038,0.965779467680608,6111.15,1924.26,2088.69,,,,,,FALSE,"mad"
"bt_spawn_mad_p02","score302_bt_spawn_mad_p02","bt_spawn_mad_p02",100,TRUE,"MURR","BT","spawn",3,0,3,0,3,3,3,3,1,1,1,1,1,0,0,3,3,3,3,1,1,6111.15,1924.26,2088.69,,,,,,FALSE,"mad"
"bt_spawn_mad_p02","score302_bt_spawn_mad_p02","bt_spawn_mad_p02",100,TRUE,"MURR","BT","rear",1,0,1,0,1,1,1,1,1,1,1,1,1,0,0,1,1,1,1,1,1,6111.15,1924.26,2088.69,,,,,,FALSE,"mad"
"bt_spawn_mad_p02","score302_bt_spawn_mad_p02","bt_spawn_mad_p02",100,TRUE,"PARS","BT","any",281,0,281,0,235,262,262,265,1,0.836298932384342,0.932384341637011,0.932384341637011,0.94306049822064,0,0,281,235,281,262,0.836298932384342,0.932384341637011,6883.03,2449.65,2865.3,,,,,,FALSE,"mad"
"bt_spawn_mad_p02","score302_bt_spawn_mad_p02","bt_spawn_mad_p02",100,TRUE,"PARS","BT","spawn",0,0,0,0,0,0,0,0,,,,,,0,0,0,0,0,0,,,6883.03,2449.65,2865.3,,,,,,FALSE,"mad"
"bt_spawn_mad_p02","score302_bt_spawn_mad_p02","bt_spawn_mad_p02",100,TRUE,"PARS","BT","rear",0,0,0,0,0,0,0,0,,,,,,0,0,0,0,0,0,,,6883.03,2449.65,2865.3,,,,,,FALSE,"mad"
"bt_spawn_mad_p02","score302_bt_spawn_mad_p02","bt_spawn_mad_p02",100,TRUE,"REVL","BT","any",308,0,300,8,95,138,141,141,0.974025974025974,0.308441558441558,0.448051948051948,0.457792207792208,0.457792207792208,0,0,308,95,308,141,0.308441558441558,0.457792207792208,1133.38,476.04,611.89,,,,,,FALSE,"mad"
"bt_spawn_mad_p02","score302_bt_spawn_mad_p02","bt_spawn_mad_p02",100,TRUE,"REVL","BT","spawn",0,0,0,0,0,0,0,0,,,,,,0,0,0,0,0,0,,,1133.38,476.04,611.89,,,,,,FALSE,"mad"
"bt_spawn_mad_p02","score302_bt_spawn_mad_p02","bt_spawn_mad_p02",100,TRUE,"REVL","BT","rear",0,0,0,0,0,0,0,0,,,,,,0,0,0,0,0,0,,,1133.38,476.04,611.89,,,,,,FALSE,"mad"
"bt_spawn_mad_p02","score302_bt_spawn_mad_p02","bt_spawn_mad_p02",100,TRUE,"UARL","BT","any",242,0,240,2,115,163,163,163,0.991735537190083,0.475206611570248,0.673553719008264,0.673553719008264,0.673553719008264,0,0,242,115,242,163,0.475206611570248,0.673553719008264,1913.74,655.95,886.45,,,,,,FALSE,"mad"
"bt_spawn_mad_p02","score302_bt_spawn_mad_p02","bt_spawn_mad_p02",100,TRUE,"UARL","BT","spawn",0,0,0,0,0,0,0,0,,,,,,0,0,0,0,0,0,,,1913.74,655.95,886.45,,,,,,FALSE,"mad"
"bt_spawn_mad_p02","score302_bt_spawn_mad_p02","bt_spawn_mad_p02",100,TRUE,"UARL","BT","rear",0,0,0,0,0,0,0,0,,,,,,0,0,0,0,0,0,,,1913.74,655.95,886.45,,,,,,FALSE,"mad"
"bt_spawn_mad_p02","score302_bt_spawn_mad_p02","bt_spawn_mad_p02",100,TRUE,"UBTN","BT","any",1,0,1,0,1,1,1,1,1,1,1,1,1,0,0,1,1,1,1,1,1,8292.29,2335.07,2028.42,,,,,,FALSE,"mad"
"bt_spawn_mad_p02","score302_bt_spawn_mad_p02","bt_spawn_mad_p02",100,TRUE,"UBTN","BT","spawn",0,0,0,0,0,0,0,0,,,,,,0,0,0,0,0,0,,,8292.29,2335.07,2028.42,,,,,,FALSE,"mad"
"bt_spawn_mad_p02","score302_bt_spawn_mad_p02","bt_spawn_mad_p02",100,TRUE,"UBTN","BT","rear",0,0,0,0,0,0,0,0,,,,,,0,0,0,0,0,0,,,8292.29,2335.07,2028.42,,,,,,FALSE,"mad"
"gr_rear_mad_p10","score302_gr_rear_mad_p10","gr_rear_mad_p10",0,TRUE,"LHAF","GR","any",109,0,109,0,22,8,8,22,1,0.201834862385321,0.073394495412844,0.073394495412844,0.201834862385321,0,0,109,22,109,8,0.201834862385321,0.073394495412844,4917.66,673.58,228.5,,,,,,FALSE,"mad"
"gr_rear_mad_p10","score302_gr_rear_mad_p10","gr_rear_mad_p10",0,TRUE,"LHAF","GR","spawn",0,0,0,0,0,0,0,0,,,,,,0,0,0,0,0,0,,,4917.66,673.58,228.5,,,,,,FALSE,"mad"
"gr_rear_mad_p10","score302_gr_rear_mad_p10","gr_rear_mad_p10",0,TRUE,"LHAF","GR","rear",12,0,12,0,4,1,1,4,1,0.333333333333333,0.0833333333333333,0.0833333333333333,0.333333333333333,0,0,12,4,12,1,0.333333333333333,0.0833333333333333,4917.66,673.58,228.5,,,,,,FALSE,"mad"
"gr_rear_mad_p10","score302_gr_rear_mad_p10","gr_rear_mad_p10",0,TRUE,"MURR","GR","any",95,0,92,3,76,56,56,76,0.968421052631579,0.8,0.589473684210526,0.589473684210526,0.8,0,0,95,76,95,56,0.8,0.589473684210526,3299.8,732.78,484.3,,,,,,FALSE,"mad"
"gr_rear_mad_p10","score302_gr_rear_mad_p10","gr_rear_mad_p10",0,TRUE,"MURR","GR","spawn",2,0,2,0,1,1,1,1,1,0.5,0.5,0.5,0.5,0,0,2,1,2,1,0.5,0.5,3299.8,732.78,484.3,,,,,,FALSE,"mad"
"gr_rear_mad_p10","score302_gr_rear_mad_p10","gr_rear_mad_p10",0,TRUE,"MURR","GR","rear",12,0,12,0,9,6,6,9,1,0.75,0.5,0.5,0.75,0,0,12,9,12,6,0.75,0.5,3299.8,732.78,484.3,,,,,,FALSE,"mad"
"gr_rear_mad_p10","score302_gr_rear_mad_p10","gr_rear_mad_p10",0,TRUE,"PARS","GR","any",196,0,191,5,185,188,188,188,0.974489795918367,0.943877551020408,0.959183673469388,0.959183673469388,0.959183673469388,0,0,196,185,196,188,0.943877551020408,0.959183673469388,4442.31,1074.75,829.26,,,,,,FALSE,"mad"
"gr_rear_mad_p10","score302_gr_rear_mad_p10","gr_rear_mad_p10",0,TRUE,"PARS","GR","spawn",1,0,1,0,1,1,1,1,1,1,1,1,1,0,0,1,1,1,1,1,1,4442.31,1074.75,829.26,,,,,,FALSE,"mad"
"gr_rear_mad_p10","score302_gr_rear_mad_p10","gr_rear_mad_p10",0,TRUE,"PARS","GR","rear",99,0,97,2,96,96,96,96,0.97979797979798,0.96969696969697,0.96969696969697,0.96969696969697,0.96969696969697,0,0,99,96,99,96,0.96969696969697,0.96969696969697,4442.31,1074.75,829.26,,,,,,FALSE,"mad"
"gr_rear_mad_p10","score302_gr_rear_mad_p10","gr_rear_mad_p10",0,TRUE,"UBTN","GR","any",57,0,55,2,21,3,3,21,0.964912280701754,0.368421052631579,0.0526315789473684,0.0526315789473684,0.368421052631579,0,0,57,21,57,3,0.368421052631579,0.0526315789473684,7388.85,784.98,112.6,,,,,,FALSE,"mad"
"gr_rear_mad_p10","score302_gr_rear_mad_p10","gr_rear_mad_p10",0,TRUE,"UBTN","GR","spawn",0,0,0,0,0,0,0,0,,,,,,0,0,0,0,0,0,,,7388.85,784.98,112.6,,,,,,FALSE,"mad"
"gr_rear_mad_p10","score302_gr_rear_mad_p10","gr_rear_mad_p10",0,TRUE,"UBTN","GR","rear",27,0,25,2,7,1,1,7,0.925925925925926,0.259259259259259,0.037037037037037,0.037037037037037,0.259259259259259,0,0,27,7,27,1,0.259259259259259,0.037037037037037,7388.85,784.98,112.6,,,,,,FALSE,"mad"
"gr_rear_mad_p10","score302_gr_rear_mad_p10","gr_rear_mad_p10",100,TRUE,"LHAF","GR","any",109,0,109,0,24,9,9,24,1,0.220183486238532,0.0825688073394495,0.0825688073394495,0.220183486238532,0,0,109,24,109,9,0.220183486238532,0.0825688073394495,4917.66,673.58,228.5,,,,,,FALSE,"mad"
"gr_rear_mad_p10","score302_gr_rear_mad_p10","gr_rear_mad_p10",100,TRUE,"LHAF","GR","spawn",0,0,0,0,0,0,0,0,,,,,,0,0,0,0,0,0,,,4917.66,673.58,228.5,,,,,,FALSE,"mad"
"gr_rear_mad_p10","score302_gr_rear_mad_p10","gr_rear_mad_p10",100,TRUE,"LHAF","GR","rear",12,0,12,0,4,1,1,4,1,0.333333333333333,0.0833333333333333,0.0833333333333333,0.333333333333333,0,0,12,4,12,1,0.333333333333333,0.0833333333333333,4917.66,673.58,228.5,,,,,,FALSE,"mad"
"gr_rear_mad_p10","score302_gr_rear_mad_p10","gr_rear_mad_p10",100,TRUE,"MURR","GR","any",95,0,92,3,78,56,56,78,0.968421052631579,0.821052631578947,0.589473684210526,0.589473684210526,0.821052631578947,0,0,95,78,95,56,0.821052631578947,0.589473684210526,3299.8,732.78,484.3,,,,,,FALSE,"mad"
"gr_rear_mad_p10","score302_gr_rear_mad_p10","gr_rear_mad_p10",100,TRUE,"MURR","GR","spawn",2,0,2,0,1,1,1,1,1,0.5,0.5,0.5,0.5,0,0,2,1,2,1,0.5,0.5,3299.8,732.78,484.3,,,,,,FALSE,"mad"
"gr_rear_mad_p10","score302_gr_rear_mad_p10","gr_rear_mad_p10",100,TRUE,"MURR","GR","rear",12,0,12,0,9,6,6,9,1,0.75,0.5,0.5,0.75,0,0,12,9,12,6,0.75,0.5,3299.8,732.78,484.3,,,,,,FALSE,"mad"
"gr_rear_mad_p10","score302_gr_rear_mad_p10","gr_rear_mad_p10",100,TRUE,"PARS","GR","any",196,0,191,5,187,189,189,189,0.974489795918367,0.954081632653061,0.964285714285714,0.964285714285714,0.964285714285714,0,0,196,187,196,189,0.954081632653061,0.964285714285714,4442.31,1074.75,829.26,,,,,,FALSE,"mad"
"gr_rear_mad_p10","score302_gr_rear_mad_p10","gr_rear_mad_p10",100,TRUE,"PARS","GR","spawn",1,0,1,0,1,1,1,1,1,1,1,1,1,0,0,1,1,1,1,1,1,4442.31,1074.75,829.26,,,,,,FALSE,"mad"
"gr_rear_mad_p10","score302_gr_rear_mad_p10","gr_rear_mad_p10",100,TRUE,"PARS","GR","rear",99,0,97,2,97,97,97,97,0.97979797979798,0.97979797979798,0.97979797979798,0.97979797979798,0.97979797979798,0,0,99,97,99,97,0.97979797979798,0.97979797979798,4442.31,1074.75,829.26,,,,,,FALSE,"mad"
"gr_rear_mad_p10","score302_gr_rear_mad_p10","gr_rear_mad_p10",100,TRUE,"UBTN","GR","any",57,0,55,2,21,3,3,21,0.964912280701754,0.368421052631579,0.0526315789473684,0.0526315789473684,0.368421052631579,0,0,57,21,57,3,0.368421052631579,0.0526315789473684,7388.85,784.98,112.6,,,,,,FALSE,"mad"
"gr_rear_mad_p10","score302_gr_rear_mad_p10","gr_rear_mad_p10",100,TRUE,"UBTN","GR","spawn",0,0,0,0,0,0,0,0,,,,,,0,0,0,0,0,0,,,7388.85,784.98,112.6,,,,,,FALSE,"mad"
"gr_rear_mad_p10","score302_gr_rear_mad_p10","gr_rear_mad_p10",100,TRUE,"UBTN","GR","rear",27,0,25,2,7,1,1,7,0.925925925925926,0.259259259259259,0.037037037037037,0.037037037037037,0.259259259259259,0,0,27,7,27,1,0.259259259259259,0.037037037037037,7388.85,784.98,112.6,,,,,,FALSE,"mad"
"gr_rear_mad_p05","score302_gr_rear_mad_p05","gr_rear_mad_p05",0,TRUE,"LHAF","GR","any",109,0,109,0,22,24,24,24,1,0.201834862385321,0.220183486238532,0.220183486238532,0.220183486238532,0,0,109,22,109,24,0.201834862385321,0.220183486238532,4917.66,673.58,740.54,,,,,,FALSE,"mad"
"gr_rear_mad_p05","score302_gr_rear_mad_p05","gr_rear_mad_p05",0,TRUE,"LHAF","GR","spawn",0,0,0,0,0,0,0,0,,,,,,0,0,0,0,0,0,,,4917.66,673.58,740.54,,,,,,FALSE,"mad"
"gr_rear_mad_p05","score302_gr_rear_mad_p05","gr_rear_mad_p05",0,TRUE,"LHAF","GR","rear",12,0,12,0,4,5,5,5,1,0.333333333333333,0.416666666666667,0.416666666666667,0.416666666666667,0,0,12,4,12,5,0.333333333333333,0.416666666666667,4917.66,673.58,740.54,,,,,,FALSE,"mad"
"gr_rear_mad_p05","score302_gr_rear_mad_p05","gr_rear_mad_p05",0,TRUE,"MURR","GR","any",95,0,92,3,76,79,79,79,0.968421052631579,0.8,0.831578947368421,0.831578947368421,0.831578947368421,0,0,95,76,95,79,0.8,0.831578947368421,3299.8,732.78,810.57,,,,,,FALSE,"mad"
"gr_rear_mad_p05","score302_gr_rear_mad_p05","gr_rear_mad_p05",0,TRUE,"MURR","GR","spawn",2,0,2,0,1,1,1,1,1,0.5,0.5,0.5,0.5,0,0,2,1,2,1,0.5,0.5,3299.8,732.78,810.57,,,,,,FALSE,"mad"
"gr_rear_mad_p05","score302_gr_rear_mad_p05","gr_rear_mad_p05",0,TRUE,"MURR","GR","rear",12,0,12,0,9,9,9,9,1,0.75,0.75,0.75,0.75,0,0,12,9,12,9,0.75,0.75,3299.8,732.78,810.57,,,,,,FALSE,"mad"
"gr_rear_mad_p05","score302_gr_rear_mad_p05","gr_rear_mad_p05",0,TRUE,"PARS","GR","any",196,0,191,5,185,189,189,189,0.974489795918367,0.943877551020408,0.964285714285714,0.964285714285714,0.964285714285714,0,0,196,185,196,189,0.943877551020408,0.964285714285714,4442.31,1074.75,1240.12,,,,,,FALSE,"mad"
"gr_rear_mad_p05","score302_gr_rear_mad_p05","gr_rear_mad_p05",0,TRUE,"PARS","GR","spawn",1,0,1,0,1,1,1,1,1,1,1,1,1,0,0,1,1,1,1,1,1,4442.31,1074.75,1240.12,,,,,,FALSE,"mad"
"gr_rear_mad_p05","score302_gr_rear_mad_p05","gr_rear_mad_p05",0,TRUE,"PARS","GR","rear",99,0,97,2,96,96,96,96,0.97979797979798,0.96969696969697,0.96969696969697,0.96969696969697,0.96969696969697,0,0,99,96,99,96,0.96969696969697,0.96969696969697,4442.31,1074.75,1240.12,,,,,,FALSE,"mad"
"gr_rear_mad_p05","score302_gr_rear_mad_p05","gr_rear_mad_p05",0,TRUE,"UBTN","GR","any",57,0,55,2,21,21,21,21,0.964912280701754,0.368421052631579,0.368421052631579,0.368421052631579,0.368421052631579,0,0,57,21,57,21,0.368421052631579,0.368421052631579,7388.85,784.98,796.95,,,,,,FALSE,"mad"
"gr_rear_mad_p05","score302_gr_rear_mad_p05","gr_rear_mad_p05",0,TRUE,"UBTN","GR","spawn",0,0,0,0,0,0,0,0,,,,,,0,0,0,0,0,0,,,7388.85,784.98,796.95,,,,,,FALSE,"mad"
"gr_rear_mad_p05","score302_gr_rear_mad_p05","gr_rear_mad_p05",0,TRUE,"UBTN","GR","rear",27,0,25,2,7,7,7,7,0.925925925925926,0.259259259259259,0.259259259259259,0.259259259259259,0.259259259259259,0,0,27,7,27,7,0.259259259259259,0.259259259259259,7388.85,784.98,796.95,,,,,,FALSE,"mad"
"gr_rear_mad_p05","score302_gr_rear_mad_p05","gr_rear_mad_p05",100,TRUE,"LHAF","GR","any",109,0,109,0,24,26,26,26,1,0.220183486238532,0.238532110091743,0.238532110091743,0.238532110091743,0,0,109,24,109,26,0.220183486238532,0.238532110091743,4917.66,673.58,740.54,,,,,,FALSE,"mad"
"gr_rear_mad_p05","score302_gr_rear_mad_p05","gr_rear_mad_p05",100,TRUE,"LHAF","GR","spawn",0,0,0,0,0,0,0,0,,,,,,0,0,0,0,0,0,,,4917.66,673.58,740.54,,,,,,FALSE,"mad"
"gr_rear_mad_p05","score302_gr_rear_mad_p05","gr_rear_mad_p05",100,TRUE,"LHAF","GR","rear",12,0,12,0,4,5,5,5,1,0.333333333333333,0.416666666666667,0.416666666666667,0.416666666666667,0,0,12,4,12,5,0.333333333333333,0.416666666666667,4917.66,673.58,740.54,,,,,,FALSE,"mad"
"gr_rear_mad_p05","score302_gr_rear_mad_p05","gr_rear_mad_p05",100,TRUE,"MURR","GR","any",95,0,92,3,78,80,80,80,0.968421052631579,0.821052631578947,0.842105263157895,0.842105263157895,0.842105263157895,0,0,95,78,95,80,0.821052631578947,0.842105263157895,3299.8,732.78,810.57,,,,,,FALSE,"mad"
"gr_rear_mad_p05","score302_gr_rear_mad_p05","gr_rear_mad_p05",100,TRUE,"MURR","GR","spawn",2,0,2,0,1,1,1,1,1,0.5,0.5,0.5,0.5,0,0,2,1,2,1,0.5,0.5,3299.8,732.78,810.57,,,,,,FALSE,"mad"
"gr_rear_mad_p05","score302_gr_rear_mad_p05","gr_rear_mad_p05",100,TRUE,"MURR","GR","rear",12,0,12,0,9,9,9,9,1,0.75,0.75,0.75,0.75,0,0,12,9,12,9,0.75,0.75,3299.8,732.78,810.57,,,,,,FALSE,"mad"
"gr_rear_mad_p05","score302_gr_rear_mad_p05","gr_rear_mad_p05",100,TRUE,"PARS","GR","any",196,0,191,5,187,190,190,190,0.974489795918367,0.954081632653061,0.969387755102041,0.969387755102041,0.969387755102041,0,0,196,187,196,190,0.954081632653061,0.969387755102041,4442.31,1074.75,1240.12,,,,,,FALSE,"mad"
"gr_rear_mad_p05","score302_gr_rear_mad_p05","gr_rear_mad_p05",100,TRUE,"PARS","GR","spawn",1,0,1,0,1,1,1,1,1,1,1,1,1,0,0,1,1,1,1,1,1,4442.31,1074.75,1240.12,,,,,,FALSE,"mad"
"gr_rear_mad_p05","score302_gr_rear_mad_p05","gr_rear_mad_p05",100,TRUE,"PARS","GR","rear",99,0,97,2,97,97,97,97,0.97979797979798,0.97979797979798,0.97979797979798,0.97979797979798,0.97979797979798,0,0,99,97,99,97,0.97979797979798,0.97979797979798,4442.31,1074.75,1240.12,,,,,,FALSE,"mad"
"gr_rear_mad_p05","score302_gr_rear_mad_p05","gr_rear_mad_p05",100,TRUE,"UBTN","GR","any",57,0,55,2,21,21,21,21,0.964912280701754,0.368421052631579,0.368421052631579,0.368421052631579,0.368421052631579,0,0,57,21,57,21,0.368421052631579,0.368421052631579,7388.85,784.98,796.95,,,,,,FALSE,"mad"
"gr_rear_mad_p05","score302_gr_rear_mad_p05","gr_rear_mad_p05",100,TRUE,"UBTN","GR","spawn",0,0,0,0,0,0,0,0,,,,,,0,0,0,0,0,0,,,7388.85,784.98,796.95,,,,,,FALSE,"mad"
"gr_rear_mad_p05","score302_gr_rear_mad_p05","gr_rear_mad_p05",100,TRUE,"UBTN","GR","rear",27,0,25,2,7,7,7,7,0.925925925925926,0.259259259259259,0.259259259259259,0.259259259259259,0.259259259259259,0,0,27,7,27,7,0.259259259259259,0.259259259259259,7388.85,784.98,796.95,,,,,,FALSE,"mad"
"gr_rear_mad_p02","score302_gr_rear_mad_p02","gr_rear_mad_p02",0,TRUE,"LHAF","GR","any",109,0,109,0,22,33,33,33,1,0.201834862385321,0.302752293577982,0.302752293577982,0.302752293577982,0,0,109,22,109,33,0.201834862385321,0.302752293577982,4917.66,673.58,1365.8,,,,,,FALSE,"mad"
"gr_rear_mad_p02","score302_gr_rear_mad_p02","gr_rear_mad_p02",0,TRUE,"LHAF","GR","spawn",0,0,0,0,0,0,0,0,,,,,,0,0,0,0,0,0,,,4917.66,673.58,1365.8,,,,,,FALSE,"mad"
"gr_rear_mad_p02","score302_gr_rear_mad_p02","gr_rear_mad_p02",0,TRUE,"LHAF","GR","rear",12,0,12,0,4,8,8,8,1,0.333333333333333,0.666666666666667,0.666666666666667,0.666666666666667,0,0,12,4,12,8,0.333333333333333,0.666666666666667,4917.66,673.58,1365.8,,,,,,FALSE,"mad"
"gr_rear_mad_p02","score302_gr_rear_mad_p02","gr_rear_mad_p02",0,TRUE,"MURR","GR","any",95,0,92,3,76,83,83,83,0.968421052631579,0.8,0.873684210526316,0.873684210526316,0.873684210526316,0,0,95,76,95,83,0.8,0.873684210526316,3299.8,732.78,1226.74,,,,,,FALSE,"mad"
"gr_rear_mad_p02","score302_gr_rear_mad_p02","gr_rear_mad_p02",0,TRUE,"MURR","GR","spawn",2,0,2,0,1,1,1,1,1,0.5,0.5,0.5,0.5,0,0,2,1,2,1,0.5,0.5,3299.8,732.78,1226.74,,,,,,FALSE,"mad"
"gr_rear_mad_p02","score302_gr_rear_mad_p02","gr_rear_mad_p02",0,TRUE,"MURR","GR","rear",12,0,12,0,9,12,12,12,1,0.75,1,1,1,0,0,12,9,12,12,0.75,1,3299.8,732.78,1226.74,,,,,,FALSE,"mad"
"gr_rear_mad_p02","score302_gr_rear_mad_p02","gr_rear_mad_p02",0,TRUE,"PARS","GR","any",196,0,191,5,185,189,189,189,0.974489795918367,0.943877551020408,0.964285714285714,0.964285714285714,0.964285714285714,0,0,196,185,196,189,0.943877551020408,0.964285714285714,4442.31,1074.75,1832.06,,,,,,FALSE,"mad"
"gr_rear_mad_p02","score302_gr_rear_mad_p02","gr_rear_mad_p02",0,TRUE,"PARS","GR","spawn",1,0,1,0,1,1,1,1,1,1,1,1,1,0,0,1,1,1,1,1,1,4442.31,1074.75,1832.06,,,,,,FALSE,"mad"
"gr_rear_mad_p02","score302_gr_rear_mad_p02","gr_rear_mad_p02",0,TRUE,"PARS","GR","rear",99,0,97,2,96,96,96,96,0.97979797979798,0.96969696969697,0.96969696969697,0.96969696969697,0.96969696969697,0,0,99,96,99,96,0.96969696969697,0.96969696969697,4442.31,1074.75,1832.06,,,,,,FALSE,"mad"
"gr_rear_mad_p02","score302_gr_rear_mad_p02","gr_rear_mad_p02",0,TRUE,"UBTN","GR","any",57,0,55,2,21,44,44,44,0.964912280701754,0.368421052631579,0.771929824561403,0.771929824561403,0.771929824561403,0,0,57,21,57,44,0.368421052631579,0.771929824561403,7388.85,784.98,2428.96,,,,,,FALSE,"mad"
"gr_rear_mad_p02","score302_gr_rear_mad_p02","gr_rear_mad_p02",0,TRUE,"UBTN","GR","spawn",0,0,0,0,0,0,0,0,,,,,,0,0,0,0,0,0,,,7388.85,784.98,2428.96,,,,,,FALSE,"mad"
"gr_rear_mad_p02","score302_gr_rear_mad_p02","gr_rear_mad_p02",0,TRUE,"UBTN","GR","rear",27,0,25,2,7,20,20,20,0.925925925925926,0.259259259259259,0.740740740740741,0.740740740740741,0.740740740740741,0,0,27,7,27,20,0.259259259259259,0.740740740740741,7388.85,784.98,2428.96,,,,,,FALSE,"mad"
"gr_rear_mad_p02","score302_gr_rear_mad_p02","gr_rear_mad_p02",100,TRUE,"LHAF","GR","any",109,0,109,0,24,35,35,35,1,0.220183486238532,0.321100917431193,0.321100917431193,0.321100917431193,0,0,109,24,109,35,0.220183486238532,0.321100917431193,4917.66,673.58,1365.8,,,,,,FALSE,"mad"
"gr_rear_mad_p02","score302_gr_rear_mad_p02","gr_rear_mad_p02",100,TRUE,"LHAF","GR","spawn",0,0,0,0,0,0,0,0,,,,,,0,0,0,0,0,0,,,4917.66,673.58,1365.8,,,,,,FALSE,"mad"
"gr_rear_mad_p02","score302_gr_rear_mad_p02","gr_rear_mad_p02",100,TRUE,"LHAF","GR","rear",12,0,12,0,4,8,8,8,1,0.333333333333333,0.666666666666667,0.666666666666667,0.666666666666667,0,0,12,4,12,8,0.333333333333333,0.666666666666667,4917.66,673.58,1365.8,,,,,,FALSE,"mad"
"gr_rear_mad_p02","score302_gr_rear_mad_p02","gr_rear_mad_p02",100,TRUE,"MURR","GR","any",95,0,92,3,78,84,84,84,0.968421052631579,0.821052631578947,0.88421052631579,0.88421052631579,0.88421052631579,0,0,95,78,95,84,0.821052631578947,0.88421052631579,3299.8,732.78,1226.74,,,,,,FALSE,"mad"
"gr_rear_mad_p02","score302_gr_rear_mad_p02","gr_rear_mad_p02",100,TRUE,"MURR","GR","spawn",2,0,2,0,1,1,1,1,1,0.5,0.5,0.5,0.5,0,0,2,1,2,1,0.5,0.5,3299.8,732.78,1226.74,,,,,,FALSE,"mad"
"gr_rear_mad_p02","score302_gr_rear_mad_p02","gr_rear_mad_p02",100,TRUE,"MURR","GR","rear",12,0,12,0,9,12,12,12,1,0.75,1,1,1,0,0,12,9,12,12,0.75,1,3299.8,732.78,1226.74,,,,,,FALSE,"mad"
"gr_rear_mad_p02","score302_gr_rear_mad_p02","gr_rear_mad_p02",100,TRUE,"PARS","GR","any",196,0,191,5,187,190,190,190,0.974489795918367,0.954081632653061,0.969387755102041,0.969387755102041,0.969387755102041,0,0,196,187,196,190,0.954081632653061,0.969387755102041,4442.31,1074.75,1832.06,,,,,,FALSE,"mad"
"gr_rear_mad_p02","score302_gr_rear_mad_p02","gr_rear_mad_p02",100,TRUE,"PARS","GR","spawn",1,0,1,0,1,1,1,1,1,1,1,1,1,0,0,1,1,1,1,1,1,4442.31,1074.75,1832.06,,,,,,FALSE,"mad"
"gr_rear_mad_p02","score302_gr_rear_mad_p02","gr_rear_mad_p02",100,TRUE,"PARS","GR","rear",99,0,97,2,97,97,97,97,0.97979797979798,0.97979797979798,0.97979797979798,0.97979797979798,0.97979797979798,0,0,99,97,99,97,0.97979797979798,0.97979797979798,4442.31,1074.75,1832.06,,,,,,FALSE,"mad"
"gr_rear_mad_p02","score302_gr_rear_mad_p02","gr_rear_mad_p02",100,TRUE,"UBTN","GR","any",57,0,55,2,21,44,44,44,0.964912280701754,0.368421052631579,0.771929824561403,0.771929824561403,0.771929824561403,0,0,57,21,57,44,0.368421052631579,0.771929824561403,7388.85,784.98,2428.96,,,,,,FALSE,"mad"
"gr_rear_mad_p02","score302_gr_rear_mad_p02","gr_rear_mad_p02",100,TRUE,"UBTN","GR","spawn",0,0,0,0,0,0,0,0,,,,,,0,0,0,0,0,0,,,7388.85,784.98,2428.96,,,,,,FALSE,"mad"
"gr_rear_mad_p02","score302_gr_rear_mad_p02","gr_rear_mad_p02",100,TRUE,"UBTN","GR","rear",27,0,25,2,7,20,20,20,0.925925925925926,0.259259259259259,0.740740740740741,0.740740740740741,0.740740740740741,0,0,27,7,27,20,0.259259259259259,0.740740740740741,7388.85,784.98,2428.96,,,,,,FALSE,"mad"
"gr_spawn_mad_p10","score302_gr_spawn_mad_p10","gr_spawn_mad_p10",0,TRUE,"LHAF","GR","any",109,0,109,0,8,18,18,18,1,0.073394495412844,0.165137614678899,0.165137614678899,0.165137614678899,0,0,109,8,109,18,0.073394495412844,0.165137614678899,4917.66,220.07,456.79,,,,,,FALSE,"mad"
"gr_spawn_mad_p10","score302_gr_spawn_mad_p10","gr_spawn_mad_p10",0,TRUE,"LHAF","GR","spawn",0,0,0,0,0,0,0,0,,,,,,0,0,0,0,0,0,,,4917.66,220.07,456.79,,,,,,FALSE,"mad"
"gr_spawn_mad_p10","score302_gr_spawn_mad_p10","gr_spawn_mad_p10",0,TRUE,"LHAF","GR","rear",12,0,12,0,1,3,3,3,1,0.0833333333333333,0.25,0.25,0.25,0,0,12,1,12,3,0.0833333333333333,0.25,4917.66,220.07,456.79,,,,,,FALSE,"mad"
"gr_spawn_mad_p10","score302_gr_spawn_mad_p10","gr_spawn_mad_p10",0,TRUE,"MURR","GR","any",95,0,92,3,56,71,71,71,0.968421052631579,0.589473684210526,0.747368421052632,0.747368421052632,0.747368421052632,0,0,95,56,95,71,0.589473684210526,0.747368421052632,3299.8,477.55,659.45,,,,,,FALSE,"mad"
"gr_spawn_mad_p10","score302_gr_spawn_mad_p10","gr_spawn_mad_p10",0,TRUE,"MURR","GR","spawn",2,0,2,0,1,1,1,1,1,0.5,0.5,0.5,0.5,0,0,2,1,2,1,0.5,0.5,3299.8,477.55,659.45,,,,,,FALSE,"mad"
"gr_spawn_mad_p10","score302_gr_spawn_mad_p10","gr_spawn_mad_p10",0,TRUE,"MURR","GR","rear",12,0,12,0,6,9,9,9,1,0.5,0.75,0.75,0.75,0,0,12,6,12,9,0.5,0.75,3299.8,477.55,659.45,,,,,,FALSE,"mad"
"gr_spawn_mad_p10","score302_gr_spawn_mad_p10","gr_spawn_mad_p10",0,TRUE,"PARS","GR","any",196,0,191,5,185,189,189,189,0.974489795918367,0.943877551020408,0.964285714285714,0.964285714285714,0.964285714285714,0,0,196,185,196,189,0.943877551020408,0.964285714285714,4442.31,800.15,1121.11,,,,,,FALSE,"mad"
"gr_spawn_mad_p10","score302_gr_spawn_mad_p10","gr_spawn_mad_p10",0,TRUE,"PARS","GR","spawn",1,0,1,0,1,1,1,1,1,1,1,1,1,0,0,1,1,1,1,1,1,4442.31,800.15,1121.11,,,,,,FALSE,"mad"
"gr_spawn_mad_p10","score302_gr_spawn_mad_p10","gr_spawn_mad_p10",0,TRUE,"PARS","GR","rear",99,0,97,2,96,96,96,96,0.97979797979798,0.96969696969697,0.96969696969697,0.96969696969697,0.96969696969697,0,0,99,96,99,96,0.96969696969697,0.96969696969697,4442.31,800.15,1121.11,,,,,,FALSE,"mad"
"gr_spawn_mad_p10","score302_gr_spawn_mad_p10","gr_spawn_mad_p10",0,TRUE,"UBTN","GR","any",57,0,55,2,3,13,13,13,0.964912280701754,0.0526315789473684,0.228070175438596,0.228070175438596,0.228070175438596,0,0,57,3,57,13,0.0526315789473684,0.228070175438596,7388.85,115.87,441.91,,,,,,FALSE,"mad"
"gr_spawn_mad_p10","score302_gr_spawn_mad_p10","gr_spawn_mad_p10",0,TRUE,"UBTN","GR","spawn",0,0,0,0,0,0,0,0,,,,,,0,0,0,0,0,0,,,7388.85,115.87,441.91,,,,,,FALSE,"mad"
"gr_spawn_mad_p10","score302_gr_spawn_mad_p10","gr_spawn_mad_p10",0,TRUE,"UBTN","GR","rear",27,0,25,2,1,3,3,3,0.925925925925926,0.037037037037037,0.111111111111111,0.111111111111111,0.111111111111111,0,0,27,1,27,3,0.037037037037037,0.111111111111111,7388.85,115.87,441.91,,,,,,FALSE,"mad"
"gr_spawn_mad_p10","score302_gr_spawn_mad_p10","gr_spawn_mad_p10",100,TRUE,"LHAF","GR","any",109,0,109,0,9,19,19,19,1,0.0825688073394495,0.174311926605505,0.174311926605505,0.174311926605505,0,0,109,9,109,19,0.0825688073394495,0.174311926605505,4917.66,220.07,456.79,,,,,,FALSE,"mad"
"gr_spawn_mad_p10","score302_gr_spawn_mad_p10","gr_spawn_mad_p10",100,TRUE,"LHAF","GR","spawn",0,0,0,0,0,0,0,0,,,,,,0,0,0,0,0,0,,,4917.66,220.07,456.79,,,,,,FALSE,"mad"
"gr_spawn_mad_p10","score302_gr_spawn_mad_p10","gr_spawn_mad_p10",100,TRUE,"LHAF","GR","rear",12,0,12,0,1,3,3,3,1,0.0833333333333333,0.25,0.25,0.25,0,0,12,1,12,3,0.0833333333333333,0.25,4917.66,220.07,456.79,,,,,,FALSE,"mad"
"gr_spawn_mad_p10","score302_gr_spawn_mad_p10","gr_spawn_mad_p10",100,TRUE,"MURR","GR","any",95,0,92,3,56,71,71,71,0.968421052631579,0.589473684210526,0.747368421052632,0.747368421052632,0.747368421052632,0,0,95,56,95,71,0.589473684210526,0.747368421052632,3299.8,477.55,659.45,,,,,,FALSE,"mad"
"gr_spawn_mad_p10","score302_gr_spawn_mad_p10","gr_spawn_mad_p10",100,TRUE,"MURR","GR","spawn",2,0,2,0,1,1,1,1,1,0.5,0.5,0.5,0.5,0,0,2,1,2,1,0.5,0.5,3299.8,477.55,659.45,,,,,,FALSE,"mad"
"gr_spawn_mad_p10","score302_gr_spawn_mad_p10","gr_spawn_mad_p10",100,TRUE,"MURR","GR","rear",12,0,12,0,6,9,9,9,1,0.5,0.75,0.75,0.75,0,0,12,6,12,9,0.5,0.75,3299.8,477.55,659.45,,,,,,FALSE,"mad"
"gr_spawn_mad_p10","score302_gr_spawn_mad_p10","gr_spawn_mad_p10",100,TRUE,"PARS","GR","any",196,0,191,5,187,190,190,190,0.974489795918367,0.954081632653061,0.969387755102041,0.969387755102041,0.969387755102041,0,0,196,187,196,190,0.954081632653061,0.969387755102041,4442.31,800.15,1121.11,,,,,,FALSE,"mad"
"gr_spawn_mad_p10","score302_gr_spawn_mad_p10","gr_spawn_mad_p10",100,TRUE,"PARS","GR","spawn",1,0,1,0,1,1,1,1,1,1,1,1,1,0,0,1,1,1,1,1,1,4442.31,800.15,1121.11,,,,,,FALSE,"mad"
"gr_spawn_mad_p10","score302_gr_spawn_mad_p10","gr_spawn_mad_p10",100,TRUE,"PARS","GR","rear",99,0,97,2,97,97,97,97,0.97979797979798,0.97979797979798,0.97979797979798,0.97979797979798,0.97979797979798,0,0,99,97,99,97,0.97979797979798,0.97979797979798,4442.31,800.15,1121.11,,,,,,FALSE,"mad"
"gr_spawn_mad_p10","score302_gr_spawn_mad_p10","gr_spawn_mad_p10",100,TRUE,"UBTN","GR","any",57,0,55,2,3,13,13,13,0.964912280701754,0.0526315789473684,0.228070175438596,0.228070175438596,0.228070175438596,0,0,57,3,57,13,0.0526315789473684,0.228070175438596,7388.85,115.87,441.91,,,,,,FALSE,"mad"
"gr_spawn_mad_p10","score302_gr_spawn_mad_p10","gr_spawn_mad_p10",100,TRUE,"UBTN","GR","spawn",0,0,0,0,0,0,0,0,,,,,,0,0,0,0,0,0,,,7388.85,115.87,441.91,,,,,,FALSE,"mad"
"gr_spawn_mad_p10","score302_gr_spawn_mad_p10","gr_spawn_mad_p10",100,TRUE,"UBTN","GR","rear",27,0,25,2,1,3,3,3,0.925925925925926,0.037037037037037,0.111111111111111,0.111111111111111,0.111111111111111,0,0,27,1,27,3,0.037037037037037,0.111111111111111,7388.85,115.87,441.91,,,,,,FALSE,"mad"
"gr_spawn_mad_p05","score302_gr_spawn_mad_p05","gr_spawn_mad_p05",0,TRUE,"LHAF","GR","any",109,0,109,0,22,24,24,24,1,0.201834862385321,0.220183486238532,0.220183486238532,0.220183486238532,0,0,109,22,109,24,0.201834862385321,0.220183486238532,4917.66,673.58,740.54,,,,,,FALSE,"mad"
"gr_spawn_mad_p05","score302_gr_spawn_mad_p05","gr_spawn_mad_p05",0,TRUE,"LHAF","GR","spawn",0,0,0,0,0,0,0,0,,,,,,0,0,0,0,0,0,,,4917.66,673.58,740.54,,,,,,FALSE,"mad"
"gr_spawn_mad_p05","score302_gr_spawn_mad_p05","gr_spawn_mad_p05",0,TRUE,"LHAF","GR","rear",12,0,12,0,4,5,5,5,1,0.333333333333333,0.416666666666667,0.416666666666667,0.416666666666667,0,0,12,4,12,5,0.333333333333333,0.416666666666667,4917.66,673.58,740.54,,,,,,FALSE,"mad"
"gr_spawn_mad_p05","score302_gr_spawn_mad_p05","gr_spawn_mad_p05",0,TRUE,"MURR","GR","any",95,0,92,3,76,79,79,79,0.968421052631579,0.8,0.831578947368421,0.831578947368421,0.831578947368421,0,0,95,76,95,79,0.8,0.831578947368421,3299.8,732.78,810.57,,,,,,FALSE,"mad"
"gr_spawn_mad_p05","score302_gr_spawn_mad_p05","gr_spawn_mad_p05",0,TRUE,"MURR","GR","spawn",2,0,2,0,1,1,1,1,1,0.5,0.5,0.5,0.5,0,0,2,1,2,1,0.5,0.5,3299.8,732.78,810.57,,,,,,FALSE,"mad"
"gr_spawn_mad_p05","score302_gr_spawn_mad_p05","gr_spawn_mad_p05",0,TRUE,"MURR","GR","rear",12,0,12,0,9,9,9,9,1,0.75,0.75,0.75,0.75,0,0,12,9,12,9,0.75,0.75,3299.8,732.78,810.57,,,,,,FALSE,"mad"
"gr_spawn_mad_p05","score302_gr_spawn_mad_p05","gr_spawn_mad_p05",0,TRUE,"PARS","GR","any",196,0,191,5,185,189,189,189,0.974489795918367,0.943877551020408,0.964285714285714,0.964285714285714,0.964285714285714,0,0,196,185,196,189,0.943877551020408,0.964285714285714,4442.31,1074.75,1240.12,,,,,,FALSE,"mad"
"gr_spawn_mad_p05","score302_gr_spawn_mad_p05","gr_spawn_mad_p05",0,TRUE,"PARS","GR","spawn",1,0,1,0,1,1,1,1,1,1,1,1,1,0,0,1,1,1,1,1,1,4442.31,1074.75,1240.12,,,,,,FALSE,"mad"
"gr_spawn_mad_p05","score302_gr_spawn_mad_p05","gr_spawn_mad_p05",0,TRUE,"PARS","GR","rear",99,0,97,2,96,96,96,96,0.97979797979798,0.96969696969697,0.96969696969697,0.96969696969697,0.96969696969697,0,0,99,96,99,96,0.96969696969697,0.96969696969697,4442.31,1074.75,1240.12,,,,,,FALSE,"mad"
"gr_spawn_mad_p05","score302_gr_spawn_mad_p05","gr_spawn_mad_p05",0,TRUE,"UBTN","GR","any",57,0,55,2,21,21,21,21,0.964912280701754,0.368421052631579,0.368421052631579,0.368421052631579,0.368421052631579,0,0,57,21,57,21,0.368421052631579,0.368421052631579,7388.85,784.98,796.95,,,,,,FALSE,"mad"
"gr_spawn_mad_p05","score302_gr_spawn_mad_p05","gr_spawn_mad_p05",0,TRUE,"UBTN","GR","spawn",0,0,0,0,0,0,0,0,,,,,,0,0,0,0,0,0,,,7388.85,784.98,796.95,,,,,,FALSE,"mad"
"gr_spawn_mad_p05","score302_gr_spawn_mad_p05","gr_spawn_mad_p05",0,TRUE,"UBTN","GR","rear",27,0,25,2,7,7,7,7,0.925925925925926,0.259259259259259,0.259259259259259,0.259259259259259,0.259259259259259,0,0,27,7,27,7,0.259259259259259,0.259259259259259,7388.85,784.98,796.95,,,,,,FALSE,"mad"
"gr_spawn_mad_p05","score302_gr_spawn_mad_p05","gr_spawn_mad_p05",100,TRUE,"LHAF","GR","any",109,0,109,0,24,26,26,26,1,0.220183486238532,0.238532110091743,0.238532110091743,0.238532110091743,0,0,109,24,109,26,0.220183486238532,0.238532110091743,4917.66,673.58,740.54,,,,,,FALSE,"mad"
"gr_spawn_mad_p05","score302_gr_spawn_mad_p05","gr_spawn_mad_p05",100,TRUE,"LHAF","GR","spawn",0,0,0,0,0,0,0,0,,,,,,0,0,0,0,0,0,,,4917.66,673.58,740.54,,,,,,FALSE,"mad"
"gr_spawn_mad_p05","score302_gr_spawn_mad_p05","gr_spawn_mad_p05",100,TRUE,"LHAF","GR","rear",12,0,12,0,4,5,5,5,1,0.333333333333333,0.416666666666667,0.416666666666667,0.416666666666667,0,0,12,4,12,5,0.333333333333333,0.416666666666667,4917.66,673.58,740.54,,,,,,FALSE,"mad"
"gr_spawn_mad_p05","score302_gr_spawn_mad_p05","gr_spawn_mad_p05",100,TRUE,"MURR","GR","any",95,0,92,3,78,80,80,80,0.968421052631579,0.821052631578947,0.842105263157895,0.842105263157895,0.842105263157895,0,0,95,78,95,80,0.821052631578947,0.842105263157895,3299.8,732.78,810.57,,,,,,FALSE,"mad"
"gr_spawn_mad_p05","score302_gr_spawn_mad_p05","gr_spawn_mad_p05",100,TRUE,"MURR","GR","spawn",2,0,2,0,1,1,1,1,1,0.5,0.5,0.5,0.5,0,0,2,1,2,1,0.5,0.5,3299.8,732.78,810.57,,,,,,FALSE,"mad"
"gr_spawn_mad_p05","score302_gr_spawn_mad_p05","gr_spawn_mad_p05",100,TRUE,"MURR","GR","rear",12,0,12,0,9,9,9,9,1,0.75,0.75,0.75,0.75,0,0,12,9,12,9,0.75,0.75,3299.8,732.78,810.57,,,,,,FALSE,"mad"
"gr_spawn_mad_p05","score302_gr_spawn_mad_p05","gr_spawn_mad_p05",100,TRUE,"PARS","GR","any",196,0,191,5,187,190,190,190,0.974489795918367,0.954081632653061,0.969387755102041,0.969387755102041,0.969387755102041,0,0,196,187,196,190,0.954081632653061,0.969387755102041,4442.31,1074.75,1240.12,,,,,,FALSE,"mad"
"gr_spawn_mad_p05","score302_gr_spawn_mad_p05","gr_spawn_mad_p05",100,TRUE,"PARS","GR","spawn",1,0,1,0,1,1,1,1,1,1,1,1,1,0,0,1,1,1,1,1,1,4442.31,1074.75,1240.12,,,,,,FALSE,"mad"
"gr_spawn_mad_p05","score302_gr_spawn_mad_p05","gr_spawn_mad_p05",100,TRUE,"PARS","GR","rear",99,0,97,2,97,97,97,97,0.97979797979798,0.97979797979798,0.97979797979798,0.97979797979798,0.97979797979798,0,0,99,97,99,97,0.97979797979798,0.97979797979798,4442.31,1074.75,1240.12,,,,,,FALSE,"mad"
"gr_spawn_mad_p05","score302_gr_spawn_mad_p05","gr_spawn_mad_p05",100,TRUE,"UBTN","GR","any",57,0,55,2,21,21,21,21,0.964912280701754,0.368421052631579,0.368421052631579,0.368421052631579,0.368421052631579,0,0,57,21,57,21,0.368421052631579,0.368421052631579,7388.85,784.98,796.95,,,,,,FALSE,"mad"
"gr_spawn_mad_p05","score302_gr_spawn_mad_p05","gr_spawn_mad_p05",100,TRUE,"UBTN","GR","spawn",0,0,0,0,0,0,0,0,,,,,,0,0,0,0,0,0,,,7388.85,784.98,796.95,,,,,,FALSE,"mad"
"gr_spawn_mad_p05","score302_gr_spawn_mad_p05","gr_spawn_mad_p05",100,TRUE,"UBTN","GR","rear",27,0,25,2,7,7,7,7,0.925925925925926,0.259259259259259,0.259259259259259,0.259259259259259,0.259259259259259,0,0,27,7,27,7,0.259259259259259,0.259259259259259,7388.85,784.98,796.95,,,,,,FALSE,"mad"
"gr_spawn_mad_p02","score302_gr_spawn_mad_p02","gr_spawn_mad_p02",0,TRUE,"LHAF","GR","any",109,0,109,0,31,24,24,33,1,0.284403669724771,0.220183486238532,0.220183486238532,0.302752293577982,0,0,109,31,109,24,0.284403669724771,0.220183486238532,4917.66,1324.87,741.46,,,,,,FALSE,"mad"
"gr_spawn_mad_p02","score302_gr_spawn_mad_p02","gr_spawn_mad_p02",0,TRUE,"LHAF","GR","spawn",0,0,0,0,0,0,0,0,,,,,,0,0,0,0,0,0,,,4917.66,1324.87,741.46,,,,,,FALSE,"mad"
"gr_spawn_mad_p02","score302_gr_spawn_mad_p02","gr_spawn_mad_p02",0,TRUE,"LHAF","GR","rear",12,0,12,0,8,5,5,9,1,0.666666666666667,0.416666666666667,0.416666666666667,0.75,0,0,12,8,12,5,0.666666666666667,0.416666666666667,4917.66,1324.87,741.46,,,,,,FALSE,"mad"
"gr_spawn_mad_p02","score302_gr_spawn_mad_p02","gr_spawn_mad_p02",0,TRUE,"MURR","GR","any",95,0,92,3,80,79,79,83,0.968421052631579,0.842105263157895,0.831578947368421,0.831578947368421,0.873684210526316,0,0,95,80,95,79,0.842105263157895,0.831578947368421,3299.8,1126.51,813.49,,,,,,FALSE,"mad"
"gr_spawn_mad_p02","score302_gr_spawn_mad_p02","gr_spawn_mad_p02",0,TRUE,"MURR","GR","spawn",2,0,2,0,1,1,1,1,1,0.5,0.5,0.5,0.5,0,0,2,1,2,1,0.5,0.5,3299.8,1126.51,813.49,,,,,,FALSE,"mad"
"gr_spawn_mad_p02","score302_gr_spawn_mad_p02","gr_spawn_mad_p02",0,TRUE,"MURR","GR","rear",12,0,12,0,12,9,9,12,1,1,0.75,0.75,1,0,0,12,12,12,9,1,0.75,3299.8,1126.51,813.49,,,,,,FALSE,"mad"
"gr_spawn_mad_p02","score302_gr_spawn_mad_p02","gr_spawn_mad_p02",0,TRUE,"PARS","GR","any",196,0,191,5,185,189,189,189,0.974489795918367,0.943877551020408,0.964285714285714,0.964285714285714,0.964285714285714,0,0,196,185,196,189,0.943877551020408,0.964285714285714,4442.31,1565.17,1243.38,,,,,,FALSE,"mad"
"gr_spawn_mad_p02","score302_gr_spawn_mad_p02","gr_spawn_mad_p02",0,TRUE,"PARS","GR","spawn",1,0,1,0,1,1,1,1,1,1,1,1,1,0,0,1,1,1,1,1,1,4442.31,1565.17,1243.38,,,,,,FALSE,"mad"
"gr_spawn_mad_p02","score302_gr_spawn_mad_p02","gr_spawn_mad_p02",0,TRUE,"PARS","GR","rear",99,0,97,2,96,96,96,96,0.97979797979798,0.96969696969697,0.96969696969697,0.96969696969697,0.96969696969697,0,0,99,96,99,96,0.96969696969697,0.96969696969697,4442.31,1565.17,1243.38,,,,,,FALSE,"mad"
"gr_spawn_mad_p02","score302_gr_spawn_mad_p02","gr_spawn_mad_p02",0,TRUE,"UBTN","GR","any",57,0,55,2,41,21,21,41,0.964912280701754,0.719298245614035,0.368421052631579,0.368421052631579,0.719298245614035,0,0,57,41,57,21,0.719298245614035,0.368421052631579,7388.85,2570.19,796.95,,,,,,FALSE,"mad"
"gr_spawn_mad_p02","score302_gr_spawn_mad_p02","gr_spawn_mad_p02",0,TRUE,"UBTN","GR","spawn",0,0,0,0,0,0,0,0,,,,,,0,0,0,0,0,0,,,7388.85,2570.19,796.95,,,,,,FALSE,"mad"
"gr_spawn_mad_p02","score302_gr_spawn_mad_p02","gr_spawn_mad_p02",0,TRUE,"UBTN","GR","rear",27,0,25,2,18,7,7,18,0.925925925925926,0.666666666666667,0.259259259259259,0.259259259259259,0.666666666666667,0,0,27,18,27,7,0.666666666666667,0.259259259259259,7388.85,2570.19,796.95,,,,,,FALSE,"mad"
"gr_spawn_mad_p02","score302_gr_spawn_mad_p02","gr_spawn_mad_p02",100,TRUE,"LHAF","GR","any",109,0,109,0,35,26,26,37,1,0.321100917431193,0.238532110091743,0.238532110091743,0.339449541284404,0,0,109,35,109,26,0.321100917431193,0.238532110091743,4917.66,1324.87,741.46,,,,,,FALSE,"mad"
"gr_spawn_mad_p02","score302_gr_spawn_mad_p02","gr_spawn_mad_p02",100,TRUE,"LHAF","GR","spawn",0,0,0,0,0,0,0,0,,,,,,0,0,0,0,0,0,,,4917.66,1324.87,741.46,,,,,,FALSE,"mad"
"gr_spawn_mad_p02","score302_gr_spawn_mad_p02","gr_spawn_mad_p02",100,TRUE,"LHAF","GR","rear",12,0,12,0,9,5,5,10,1,0.75,0.416666666666667,0.416666666666667,0.833333333333333,0,0,12,9,12,5,0.75,0.416666666666667,4917.66,1324.87,741.46,,,,,,FALSE,"mad"
"gr_spawn_mad_p02","score302_gr_spawn_mad_p02","gr_spawn_mad_p02",100,TRUE,"MURR","GR","any",95,0,92,3,82,80,80,84,0.968421052631579,0.863157894736842,0.842105263157895,0.842105263157895,0.88421052631579,0,0,95,82,95,80,0.863157894736842,0.842105263157895,3299.8,1126.51,813.49,,,,,,FALSE,"mad"
"gr_spawn_mad_p02","score302_gr_spawn_mad_p02","gr_spawn_mad_p02",100,TRUE,"MURR","GR","spawn",2,0,2,0,1,1,1,1,1,0.5,0.5,0.5,0.5,0,0,2,1,2,1,0.5,0.5,3299.8,1126.51,813.49,,,,,,FALSE,"mad"
"gr_spawn_mad_p02","score302_gr_spawn_mad_p02","gr_spawn_mad_p02",100,TRUE,"MURR","GR","rear",12,0,12,0,12,9,9,12,1,1,0.75,0.75,1,0,0,12,12,12,9,1,0.75,3299.8,1126.51,813.49,,,,,,FALSE,"mad"
"gr_spawn_mad_p02","score302_gr_spawn_mad_p02","gr_spawn_mad_p02",100,TRUE,"PARS","GR","any",196,0,191,5,187,190,190,190,0.974489795918367,0.954081632653061,0.969387755102041,0.969387755102041,0.969387755102041,0,0,196,187,196,190,0.954081632653061,0.969387755102041,4442.31,1565.17,1243.38,,,,,,FALSE,"mad"
"gr_spawn_mad_p02","score302_gr_spawn_mad_p02","gr_spawn_mad_p02",100,TRUE,"PARS","GR","spawn",1,0,1,0,1,1,1,1,1,1,1,1,1,0,0,1,1,1,1,1,1,4442.31,1565.17,1243.38,,,,,,FALSE,"mad"
"gr_spawn_mad_p02","score302_gr_spawn_mad_p02","gr_spawn_mad_p02",100,TRUE,"PARS","GR","rear",99,0,97,2,97,97,97,97,0.97979797979798,0.97979797979798,0.97979797979798,0.97979797979798,0.97979797979798,0,0,99,97,99,97,0.97979797979798,0.97979797979798,4442.31,1565.17,1243.38,,,,,,FALSE,"mad"
"gr_spawn_mad_p02","score302_gr_spawn_mad_p02","gr_spawn_mad_p02",100,TRUE,"UBTN","GR","any",57,0,55,2,42,21,21,42,0.964912280701754,0.736842105263158,0.368421052631579,0.368421052631579,0.736842105263158,0,0,57,42,57,21,0.736842105263158,0.368421052631579,7388.85,2570.19,796.95,,,,,,FALSE,"mad"
"gr_spawn_mad_p02","score302_gr_spawn_mad_p02","gr_spawn_mad_p02",100,TRUE,"UBTN","GR","spawn",0,0,0,0,0,0,0,0,,,,,,0,0,0,0,0,0,,,7388.85,2570.19,796.95,,,,,,FALSE,"mad"
"gr_spawn_mad_p02","score302_gr_spawn_mad_p02","gr_spawn_mad_p02",100,TRUE,"UBTN","GR","rear",27,0,25,2,19,7,7,19,0.925925925925926,0.703703703703704,0.259259259259259,0.259259259259259,0.703703703703704,0,0,27,19,27,7,0.703703703703704,0.259259259259259,7388.85,2570.19,796.95,,,,,,FALSE,"mad"
"rb_rear_mad_p10","score302_rb_rear_mad_p10","rb_rear_mad_p10",0,TRUE,"ELKR","RB","any",34,0,33,1,28,33,33,33,0.970588235294118,0.823529411764706,0.970588235294118,0.970588235294118,0.970588235294118,0,0,34,28,34,33,0.823529411764706,0.970588235294118,2515.89,1551.59,1823.74,,,,,,FALSE,"mad"
"rb_rear_mad_p10","score302_rb_rear_mad_p10","rb_rear_mad_p10",0,TRUE,"ELKR","RB","spawn",0,0,0,0,0,0,0,0,,,,,,0,0,0,0,0,0,,,2515.89,1551.59,1823.74,,,,,,FALSE,"mad"
"rb_rear_mad_p10","score302_rb_rear_mad_p10","rb_rear_mad_p10",0,TRUE,"ELKR","RB","rear",11,0,11,0,9,11,11,11,1,0.818181818181818,1,1,1,0,0,11,9,11,11,0.818181818181818,1,2515.89,1551.59,1823.74,,,,,,FALSE,"mad"
"rb_rear_mad_p10","score302_rb_rear_mad_p10","rb_rear_mad_p10",0,TRUE,"KETL","RB","any",456,0,393,63,218,280,294,298,0.861842105263158,0.478070175438596,0.614035087719298,0.644736842105263,0.653508771929825,0,0,456,218,456,294,0.478070175438596,0.644736842105263,5792.57,1752.09,2281.56,,,,,,FALSE,"mad"
"rb_rear_mad_p10","score302_rb_rear_mad_p10","rb_rear_mad_p10",0,TRUE,"KETL","RB","spawn",61,0,55,6,23,29,43,44,0.901639344262295,0.377049180327869,0.475409836065574,0.704918032786885,0.721311475409836,0,0,61,23,61,43,0.377049180327869,0.704918032786885,5792.57,1752.09,2281.56,,,,,,FALSE,"mad"
"rb_rear_mad_p10","score302_rb_rear_mad_p10","rb_rear_mad_p10",0,TRUE,"KETL","RB","rear",217,0,184,33,93,129,131,133,0.847926267281106,0.428571428571429,0.594470046082949,0.6036866359447,0.612903225806452,0,0,217,93,217,131,0.428571428571429,0.6036866359447,5792.57,1752.09,2281.56,,,,,,FALSE,"mad"
"rb_rear_mad_p10","score302_rb_rear_mad_p10","rb_rear_mad_p10",0,TRUE,"KOTL","RB","any",415,0,345,70,165,210,224,225,0.831325301204819,0.397590361445783,0.506024096385542,0.539759036144578,0.542168674698795,0,0,415,165,415,224,0.397590361445783,0.539759036144578,3614.72,1108.87,1520.52,,,,,,FALSE,"mad"
"rb_rear_mad_p10","score302_rb_rear_mad_p10","rb_rear_mad_p10",0,TRUE,"KOTL","RB","spawn",18,0,18,0,7,11,13,13,1,0.388888888888889,0.611111111111111,0.722222222222222,0.722222222222222,0,0,18,7,18,13,0.388888888888889,0.722222222222222,3614.72,1108.87,1520.52,,,,,,FALSE,"mad"
"rb_rear_mad_p10","score302_rb_rear_mad_p10","rb_rear_mad_p10",0,TRUE,"KOTL","RB","rear",196,0,147,49,57,76,76,77,0.75,0.290816326530612,0.387755102040816,0.387755102040816,0.392857142857143,0,0,196,57,196,76,0.290816326530612,0.387755102040816,3614.72,1108.87,1520.52,,,,,,FALSE,"mad"
"rb_rear_mad_p10","score302_rb_rear_mad_p10","rb_rear_mad_p10",0,TRUE,"KOTR","RB","any",43,0,28,15,17,23,24,24,0.651162790697674,0.395348837209302,0.534883720930233,0.558139534883721,0.558139534883721,0,0,43,17,43,24,0.395348837209302,0.558139534883721,1281.96,532.47,652.76,,,,,,FALSE,"mad"
"rb_rear_mad_p10","score302_rb_rear_mad_p10","rb_rear_mad_p10",0,TRUE,"KOTR","RB","spawn",1,0,0,1,0,0,0,0,0,0,0,0,0,0,0,1,0,1,0,0,0,1281.96,532.47,652.76,,,,,,FALSE,"mad"
"rb_rear_mad_p10","score302_rb_rear_mad_p10","rb_rear_mad_p10",0,TRUE,"KOTR","RB","rear",9,0,7,2,4,6,6,6,0.777777777777778,0.444444444444444,0.666666666666667,0.666666666666667,0.666666666666667,0,0,9,4,9,6,0.444444444444444,0.666666666666667,1281.96,532.47,652.76,,,,,,FALSE,"mad"
"rb_rear_mad_p10","score302_rb_rear_mad_p10","rb_rear_mad_p10",0,TRUE,"OKAN","RB","any",626,0,489,137,323,373,386,391,0.781150159744409,0.515974440894569,0.595846645367412,0.616613418530351,0.624600638977636,0,0,626,323,626,386,0.515974440894569,0.616613418530351,4718.82,1106.72,1379.67,,,,,,FALSE,"mad"
"rb_rear_mad_p10","score302_rb_rear_mad_p10","rb_rear_mad_p10",0,TRUE,"OKAN","RB","spawn",67,0,29,38,15,20,22,23,0.432835820895522,0.223880597014925,0.298507462686567,0.328358208955224,0.343283582089552,0,0,67,15,67,22,0.223880597014925,0.328358208955224,4718.82,1106.72,1379.67,,,,,,FALSE,"mad"
"rb_rear_mad_p10","score302_rb_rear_mad_p10","rb_rear_mad_p10",0,TRUE,"OKAN","RB","rear",216,0,190,26,146,161,161,161,0.87962962962963,0.675925925925926,0.74537037037037,0.74537037037037,0.74537037037037,0,0,216,146,216,161,0.675925925925926,0.74537037037037,4718.82,1106.72,1379.67,,,,,,FALSE,"mad"
"rb_rear_mad_p10","score302_rb_rear_mad_p10","rb_rear_mad_p10",0,TRUE,"PARS","RB","any",282,0,0,282,214,237,237,242,0,0.75886524822695,0.840425531914894,0.840425531914894,0.858156028368794,0,0,282,214,282,237,0.75886524822695,0.840425531914894,,2168.33,2770.47,,,,,,FALSE,"mad"
"rb_rear_mad_p10","score302_rb_rear_mad_p10","rb_rear_mad_p10",0,TRUE,"PARS","RB","spawn",1,0,0,1,1,1,1,1,0,1,1,1,1,0,0,1,1,1,1,1,1,,2168.33,2770.47,,,,,,FALSE,"mad"
"rb_rear_mad_p10","score302_rb_rear_mad_p10","rb_rear_mad_p10",0,TRUE,"PARS","RB","rear",178,0,0,178,123,142,142,145,0,0.691011235955056,0.797752808988764,0.797752808988764,0.814606741573034,0,0,178,123,178,142,0.691011235955056,0.797752808988764,,2168.33,2770.47,,,,,,FALSE,"mad"
"rb_rear_mad_p10","score302_rb_rear_mad_p10","rb_rear_mad_p10",0,TRUE,"REVL","RB","any",218,0,90,128,18,19,19,19,0.412844036697248,0.0825688073394495,0.0871559633027523,0.0871559633027523,0.0871559633027523,0,0,218,18,218,19,0.0825688073394495,0.0871559633027523,19.66,8.07,8.06,,,,,,FALSE,"mad"
"rb_rear_mad_p10","score302_rb_rear_mad_p10","rb_rear_mad_p10",0,TRUE,"REVL","RB","spawn",2,0,0,2,0,0,0,0,0,0,0,0,0,0,0,2,0,2,0,0,0,19.66,8.07,8.06,,,,,,FALSE,"mad"
"rb_rear_mad_p10","score302_rb_rear_mad_p10","rb_rear_mad_p10",0,TRUE,"REVL","RB","rear",56,0,23,33,8,9,9,9,0.410714285714286,0.142857142857143,0.160714285714286,0.160714285714286,0.160714285714286,0,0,56,8,56,9,0.142857142857143,0.160714285714286,19.66,8.07,8.06,,,,,,FALSE,"mad"
"rb_rear_mad_p10","score302_rb_rear_mad_p10","rb_rear_mad_p10",0,TRUE,"SIML","RB","any",514,0,407,107,266,320,327,329,0.791828793774319,0.517509727626459,0.622568093385214,0.636186770428016,0.640077821011673,0,0,514,266,514,327,0.517509727626459,0.636186770428016,4621.52,1230.25,1675.65,,,,,,FALSE,"mad"
"rb_rear_mad_p10","score302_rb_rear_mad_p10","rb_rear_mad_p10",0,TRUE,"SIML","RB","spawn",44,0,24,20,9,11,13,13,0.545454545454545,0.204545454545455,0.25,0.295454545454545,0.295454545454545,0,0,44,9,44,13,0.204545454545455,0.295454545454545,4621.52,1230.25,1675.65,,,,,,FALSE,"mad"
"rb_rear_mad_p10","score302_rb_rear_mad_p10","rb_rear_mad_p10",0,TRUE,"SIML","RB","rear",161,0,115,46,66,83,83,84,0.714285714285714,0.409937888198758,0.515527950310559,0.515527950310559,0.521739130434783,0,0,161,66,161,83,0.409937888198758,0.515527950310559,4621.52,1230.25,1675.65,,,,,,FALSE,"mad"
"rb_rear_mad_p10","score302_rb_rear_mad_p10","rb_rear_mad_p10",100,TRUE,"ELKR","RB","any",34,0,33,1,30,33,33,33,0.970588235294118,0.88235294117647,0.970588235294118,0.970588235294118,0.970588235294118,0,0,34,30,34,33,0.88235294117647,0.970588235294118,2515.89,1551.59,1823.74,,,,,,FALSE,"mad"
"rb_rear_mad_p10","score302_rb_rear_mad_p10","rb_rear_mad_p10",100,TRUE,"ELKR","RB","spawn",0,0,0,0,0,0,0,0,,,,,,0,0,0,0,0,0,,,2515.89,1551.59,1823.74,,,,,,FALSE,"mad"
"rb_rear_mad_p10","score302_rb_rear_mad_p10","rb_rear_mad_p10",100,TRUE,"ELKR","RB","rear",11,0,11,0,9,11,11,11,1,0.818181818181818,1,1,1,0,0,11,9,11,11,0.818181818181818,1,2515.89,1551.59,1823.74,,,,,,FALSE,"mad"
"rb_rear_mad_p10","score302_rb_rear_mad_p10","rb_rear_mad_p10",100,TRUE,"KETL","RB","any",456,0,393,63,231,299,310,315,0.861842105263158,0.506578947368421,0.655701754385965,0.679824561403509,0.69078947368421,0,0,456,231,456,310,0.506578947368421,0.679824561403509,5792.57,1752.09,2281.56,,,,,,FALSE,"mad"
"rb_rear_mad_p10","score302_rb_rear_mad_p10","rb_rear_mad_p10",100,TRUE,"KETL","RB","spawn",61,0,55,6,24,34,45,47,0.901639344262295,0.39344262295082,0.557377049180328,0.737704918032787,0.770491803278688,0,0,61,24,61,45,0.39344262295082,0.737704918032787,5792.57,1752.09,2281.56,,,,,,FALSE,"mad"
"rb_rear_mad_p10","score302_rb_rear_mad_p10","rb_rear_mad_p10",100,TRUE,"KETL","RB","rear",217,0,184,33,98,136,138,140,0.847926267281106,0.451612903225806,0.626728110599078,0.63594470046083,0.645161290322581,0,0,217,98,217,138,0.451612903225806,0.63594470046083,5792.57,1752.09,2281.56,,,,,,FALSE,"mad"
"rb_rear_mad_p10","score302_rb_rear_mad_p10","rb_rear_mad_p10",100,TRUE,"KOTL","RB","any",415,0,345,70,188,229,237,238,0.831325301204819,0.453012048192771,0.551807228915663,0.571084337349398,0.573493975903615,0,0,415,188,415,237,0.453012048192771,0.571084337349398,3614.72,1108.87,1520.52,,,,,,FALSE,"mad"
"rb_rear_mad_p10","score302_rb_rear_mad_p10","rb_rear_mad_p10",100,TRUE,"KOTL","RB","spawn",18,0,18,0,10,13,14,14,1,0.555555555555556,0.722222222222222,0.777777777777778,0.777777777777778,0,0,18,10,18,14,0.555555555555556,0.777777777777778,3614.72,1108.87,1520.52,,,,,,FALSE,"mad"
"rb_rear_mad_p10","score302_rb_rear_mad_p10","rb_rear_mad_p10",100,TRUE,"KOTL","RB","rear",196,0,147,49,61,81,81,82,0.75,0.311224489795918,0.413265306122449,0.413265306122449,0.418367346938776,0,0,196,61,196,81,0.311224489795918,0.413265306122449,3614.72,1108.87,1520.52,,,,,,FALSE,"mad"
"rb_rear_mad_p10","score302_rb_rear_mad_p10","rb_rear_mad_p10",100,TRUE,"KOTR","RB","any",43,0,28,15,18,24,25,25,0.651162790697674,0.418604651162791,0.558139534883721,0.581395348837209,0.581395348837209,0,0,43,18,43,25,0.418604651162791,0.581395348837209,1281.96,532.47,652.76,,,,,,FALSE,"mad"
"rb_rear_mad_p10","score302_rb_rear_mad_p10","rb_rear_mad_p10",100,TRUE,"KOTR","RB","spawn",1,0,0,1,0,0,0,0,0,0,0,0,0,0,0,1,0,1,0,0,0,1281.96,532.47,652.76,,,,,,FALSE,"mad"
"rb_rear_mad_p10","score302_rb_rear_mad_p10","rb_rear_mad_p10",100,TRUE,"KOTR","RB","rear",9,0,7,2,4,6,6,6,0.777777777777778,0.444444444444444,0.666666666666667,0.666666666666667,0.666666666666667,0,0,9,4,9,6,0.444444444444444,0.666666666666667,1281.96,532.47,652.76,,,,,,FALSE,"mad"
"rb_rear_mad_p10","score302_rb_rear_mad_p10","rb_rear_mad_p10",100,TRUE,"OKAN","RB","any",626,0,489,137,343,389,397,403,0.781150159744409,0.547923322683706,0.621405750798722,0.634185303514377,0.643769968051118,0,0,626,343,626,397,0.547923322683706,0.634185303514377,4718.82,1106.72,1379.67,,,,,,FALSE,"mad"
"rb_rear_mad_p10","score302_rb_rear_mad_p10","rb_rear_mad_p10",100,TRUE,"OKAN","RB","spawn",67,0,29,38,18,22,23,24,0.432835820895522,0.26865671641791,0.328358208955224,0.343283582089552,0.358208955223881,0,0,67,18,67,23,0.26865671641791,0.343283582089552,4718.82,1106.72,1379.67,,,,,,FALSE,"mad"
"rb_rear_mad_p10","score302_rb_rear_mad_p10","rb_rear_mad_p10",100,TRUE,"OKAN","RB","rear",216,0,190,26,151,164,164,164,0.87962962962963,0.699074074074074,0.759259259259259,0.759259259259259,0.759259259259259,0,0,216,151,216,164,0.699074074074074,0.759259259259259,4718.82,1106.72,1379.67,,,,,,FALSE,"mad"
"rb_rear_mad_p10","score302_rb_rear_mad_p10","rb_rear_mad_p10",100,TRUE,"PARS","RB","any",282,0,0,282,217,238,238,243,0,0.769503546099291,0.843971631205674,0.843971631205674,0.861702127659574,0,0,282,217,282,238,0.769503546099291,0.843971631205674,,2168.33,2770.47,,,,,,FALSE,"mad"
"rb_rear_mad_p10","score302_rb_rear_mad_p10","rb_rear_mad_p10",100,TRUE,"PARS","RB","spawn",1,0,0,1,1,1,1,1,0,1,1,1,1,0,0,1,1,1,1,1,1,,2168.33,2770.47,,,,,,FALSE,"mad"
"rb_rear_mad_p10","score302_rb_rear_mad_p10","rb_rear_mad_p10",100,TRUE,"PARS","RB","rear",178,0,0,178,126,143,143,146,0,0.707865168539326,0.803370786516854,0.803370786516854,0.820224719101124,0,0,178,126,178,143,0.707865168539326,0.803370786516854,,2168.33,2770.47,,,,,,FALSE,"mad"
"rb_rear_mad_p10","score302_rb_rear_mad_p10","rb_rear_mad_p10",100,TRUE,"REVL","RB","any",218,0,90,128,19,19,19,19,0.412844036697248,0.0871559633027523,0.0871559633027523,0.0871559633027523,0.0871559633027523,0,0,218,19,218,19,0.0871559633027523,0.0871559633027523,19.66,8.07,8.06,,,,,,FALSE,"mad"
"rb_rear_mad_p10","score302_rb_rear_mad_p10","rb_rear_mad_p10",100,TRUE,"REVL","RB","spawn",2,0,0,2,0,0,0,0,0,0,0,0,0,0,0,2,0,2,0,0,0,19.66,8.07,8.06,,,,,,FALSE,"mad"
"rb_rear_mad_p10","score302_rb_rear_mad_p10","rb_rear_mad_p10",100,TRUE,"REVL","RB","rear",56,0,23,33,9,9,9,9,0.410714285714286,0.160714285714286,0.160714285714286,0.160714285714286,0.160714285714286,0,0,56,9,56,9,0.160714285714286,0.160714285714286,19.66,8.07,8.06,,,,,,FALSE,"mad"
"rb_rear_mad_p10","score302_rb_rear_mad_p10","rb_rear_mad_p10",100,TRUE,"SIML","RB","any",514,0,407,107,282,328,335,338,0.791828793774319,0.54863813229572,0.638132295719844,0.651750972762646,0.657587548638132,0,0,514,282,514,335,0.54863813229572,0.651750972762646,4621.52,1230.25,1675.65,,,,,,FALSE,"mad"
"rb_rear_mad_p10","score302_rb_rear_mad_p10","rb_rear_mad_p10",100,TRUE,"SIML","RB","spawn",44,0,24,20,10,11,13,14,0.545454545454545,0.227272727272727,0.25,0.295454545454545,0.318181818181818,0,0,44,10,44,13,0.227272727272727,0.295454545454545,4621.52,1230.25,1675.65,,,,,,FALSE,"mad"
"rb_rear_mad_p10","score302_rb_rear_mad_p10","rb_rear_mad_p10",100,TRUE,"SIML","RB","rear",161,0,115,46,72,86,86,87,0.714285714285714,0.447204968944099,0.53416149068323,0.53416149068323,0.540372670807453,0,0,161,72,161,86,0.447204968944099,0.53416149068323,4621.52,1230.25,1675.65,,,,,,FALSE,"mad"
"rb_rear_mad_p05","score302_rb_rear_mad_p05","rb_rear_mad_p05",0,TRUE,"ELKR","RB","any",34,0,33,1,28,33,33,33,0.970588235294118,0.823529411764706,0.970588235294118,0.970588235294118,0.970588235294118,0,0,34,28,34,33,0.823529411764706,0.970588235294118,2515.89,1551.59,2031.29,,,,,,FALSE,"mad"
"rb_rear_mad_p05","score302_rb_rear_mad_p05","rb_rear_mad_p05",0,TRUE,"ELKR","RB","spawn",0,0,0,0,0,0,0,0,,,,,,0,0,0,0,0,0,,,2515.89,1551.59,2031.29,,,,,,FALSE,"mad"
"rb_rear_mad_p05","score302_rb_rear_mad_p05","rb_rear_mad_p05",0,TRUE,"ELKR","RB","rear",11,0,11,0,9,11,11,11,1,0.818181818181818,1,1,1,0,0,11,9,11,11,0.818181818181818,1,2515.89,1551.59,2031.29,,,,,,FALSE,"mad"
"rb_rear_mad_p05","score302_rb_rear_mad_p05","rb_rear_mad_p05",0,TRUE,"KETL","RB","any",456,0,393,63,218,287,305,305,0.861842105263158,0.478070175438596,0.629385964912281,0.668859649122807,0.668859649122807,0,0,456,218,456,305,0.478070175438596,0.668859649122807,5792.57,1752.09,2654.92,,,,,,FALSE,"mad"
"rb_rear_mad_p05","score302_rb_rear_mad_p05","rb_rear_mad_p05",0,TRUE,"KETL","RB","spawn",61,0,55,6,23,31,49,49,0.901639344262295,0.377049180327869,0.508196721311475,0.80327868852459,0.80327868852459,0,0,61,23,61,49,0.377049180327869,0.80327868852459,5792.57,1752.09,2654.92,,,,,,FALSE,"mad"
"rb_rear_mad_p05","score302_rb_rear_mad_p05","rb_rear_mad_p05",0,TRUE,"KETL","RB","rear",217,0,184,33,93,133,135,135,0.847926267281106,0.428571428571429,0.612903225806452,0.622119815668203,0.622119815668203,0,0,217,93,217,135,0.428571428571429,0.622119815668203,5792.57,1752.09,2654.92,,,,,,FALSE,"mad"
"rb_rear_mad_p05","score302_rb_rear_mad_p05","rb_rear_mad_p05",0,TRUE,"KOTL","RB","any",415,0,345,70,165,211,225,225,0.831325301204819,0.397590361445783,0.508433734939759,0.542168674698795,0.542168674698795,0,0,415,165,415,225,0.397590361445783,0.542168674698795,3614.72,1108.87,1627.63,,,,,,FALSE,"mad"
"rb_rear_mad_p05","score302_rb_rear_mad_p05","rb_rear_mad_p05",0,TRUE,"KOTL","RB","spawn",18,0,18,0,7,11,13,13,1,0.388888888888889,0.611111111111111,0.722222222222222,0.722222222222222,0,0,18,7,18,13,0.388888888888889,0.722222222222222,3614.72,1108.87,1627.63,,,,,,FALSE,"mad"
"rb_rear_mad_p05","score302_rb_rear_mad_p05","rb_rear_mad_p05",0,TRUE,"KOTL","RB","rear",196,0,147,49,57,77,77,77,0.75,0.290816326530612,0.392857142857143,0.392857142857143,0.392857142857143,0,0,196,57,196,77,0.290816326530612,0.392857142857143,3614.72,1108.87,1627.63,,,,,,FALSE,"mad"
"rb_rear_mad_p05","score302_rb_rear_mad_p05","rb_rear_mad_p05",0,TRUE,"KOTR","RB","any",43,0,28,15,17,23,24,24,0.651162790697674,0.395348837209302,0.534883720930233,0.558139534883721,0.558139534883721,0,0,43,17,43,24,0.395348837209302,0.558139534883721,1281.96,532.47,704.06,,,,,,FALSE,"mad"
"rb_rear_mad_p05","score302_rb_rear_mad_p05","rb_rear_mad_p05",0,TRUE,"KOTR","RB","spawn",1,0,0,1,0,0,0,0,0,0,0,0,0,0,0,1,0,1,0,0,0,1281.96,532.47,704.06,,,,,,FALSE,"mad"
"rb_rear_mad_p05","score302_rb_rear_mad_p05","rb_rear_mad_p05",0,TRUE,"KOTR","RB","rear",9,0,7,2,4,6,6,6,0.777777777777778,0.444444444444444,0.666666666666667,0.666666666666667,0.666666666666667,0,0,9,4,9,6,0.444444444444444,0.666666666666667,1281.96,532.47,704.06,,,,,,FALSE,"mad"
"rb_rear_mad_p05","score302_rb_rear_mad_p05","rb_rear_mad_p05",0,TRUE,"OKAN","RB","any",626,0,489,137,323,380,393,393,0.781150159744409,0.515974440894569,0.60702875399361,0.62779552715655,0.62779552715655,0,0,626,323,626,393,0.515974440894569,0.62779552715655,4718.82,1106.72,1605.09,,,,,,FALSE,"mad"
"rb_rear_mad_p05","score302_rb_rear_mad_p05","rb_rear_mad_p05",0,TRUE,"OKAN","RB","spawn",67,0,29,38,15,21,23,23,0.432835820895522,0.223880597014925,0.313432835820896,0.343283582089552,0.343283582089552,0,0,67,15,67,23,0.223880597014925,0.343283582089552,4718.82,1106.72,1605.09,,,,,,FALSE,"mad"
"rb_rear_mad_p05","score302_rb_rear_mad_p05","rb_rear_mad_p05",0,TRUE,"OKAN","RB","rear",216,0,190,26,146,161,161,161,0.87962962962963,0.675925925925926,0.74537037037037,0.74537037037037,0.74537037037037,0,0,216,146,216,161,0.675925925925926,0.74537037037037,4718.82,1106.72,1605.09,,,,,,FALSE,"mad"
"rb_rear_mad_p05","score302_rb_rear_mad_p05","rb_rear_mad_p05",0,TRUE,"PARS","RB","any",282,0,0,282,214,244,244,244,0,0.75886524822695,0.865248226950355,0.865248226950355,0.865248226950355,0,0,282,214,282,244,0.75886524822695,0.865248226950355,,2168.33,3267.88,,,,,,FALSE,"mad"
"rb_rear_mad_p05","score302_rb_rear_mad_p05","rb_rear_mad_p05",0,TRUE,"PARS","RB","spawn",1,0,0,1,1,1,1,1,0,1,1,1,1,0,0,1,1,1,1,1,1,,2168.33,3267.88,,,,,,FALSE,"mad"
"rb_rear_mad_p05","score302_rb_rear_mad_p05","rb_rear_mad_p05",0,TRUE,"PARS","RB","rear",178,0,0,178,123,147,147,147,0,0.691011235955056,0.825842696629214,0.825842696629214,0.825842696629214,0,0,178,123,178,147,0.691011235955056,0.825842696629214,,2168.33,3267.88,,,,,,FALSE,"mad"
"rb_rear_mad_p05","score302_rb_rear_mad_p05","rb_rear_mad_p05",0,TRUE,"REVL","RB","any",218,0,90,128,18,19,19,19,0.412844036697248,0.0825688073394495,0.0871559633027523,0.0871559633027523,0.0871559633027523,0,0,218,18,218,19,0.0825688073394495,0.0871559633027523,19.66,8.07,8.2,,,,,,FALSE,"mad"
"rb_rear_mad_p05","score302_rb_rear_mad_p05","rb_rear_mad_p05",0,TRUE,"REVL","RB","spawn",2,0,0,2,0,0,0,0,0,0,0,0,0,0,0,2,0,2,0,0,0,19.66,8.07,8.2,,,,,,FALSE,"mad"
"rb_rear_mad_p05","score302_rb_rear_mad_p05","rb_rear_mad_p05",0,TRUE,"REVL","RB","rear",56,0,23,33,8,9,9,9,0.410714285714286,0.142857142857143,0.160714285714286,0.160714285714286,0.160714285714286,0,0,56,8,56,9,0.142857142857143,0.160714285714286,19.66,8.07,8.2,,,,,,FALSE,"mad"
"rb_rear_mad_p05","score302_rb_rear_mad_p05","rb_rear_mad_p05",0,TRUE,"SIML","RB","any",514,0,407,107,266,325,334,334,0.791828793774319,0.517509727626459,0.632295719844358,0.649805447470817,0.649805447470817,0,0,514,266,514,334,0.517509727626459,0.649805447470817,4621.52,1230.25,1849.68,,,,,,FALSE,"mad"
"rb_rear_mad_p05","score302_rb_rear_mad_p05","rb_rear_mad_p05",0,TRUE,"SIML","RB","spawn",44,0,24,20,9,11,14,14,0.545454545454545,0.204545454545455,0.25,0.318181818181818,0.318181818181818,0,0,44,9,44,14,0.204545454545455,0.318181818181818,4621.52,1230.25,1849.68,,,,,,FALSE,"mad"
"rb_rear_mad_p05","score302_rb_rear_mad_p05","rb_rear_mad_p05",0,TRUE,"SIML","RB","rear",161,0,115,46,66,87,87,87,0.714285714285714,0.409937888198758,0.540372670807453,0.540372670807453,0.540372670807453,0,0,161,66,161,87,0.409937888198758,0.540372670807453,4621.52,1230.25,1849.68,,,,,,FALSE,"mad"
"rb_rear_mad_p05","score302_rb_rear_mad_p05","rb_rear_mad_p05",100,TRUE,"ELKR","RB","any",34,0,33,1,30,33,33,33,0.970588235294118,0.88235294117647,0.970588235294118,0.970588235294118,0.970588235294118,0,0,34,30,34,33,0.88235294117647,0.970588235294118,2515.89,1551.59,2031.29,,,,,,FALSE,"mad"
"rb_rear_mad_p05","score302_rb_rear_mad_p05","rb_rear_mad_p05",100,TRUE,"ELKR","RB","spawn",0,0,0,0,0,0,0,0,,,,,,0,0,0,0,0,0,,,2515.89,1551.59,2031.29,,,,,,FALSE,"mad"
"rb_rear_mad_p05","score302_rb_rear_mad_p05","rb_rear_mad_p05",100,TRUE,"ELKR","RB","rear",11,0,11,0,9,11,11,11,1,0.818181818181818,1,1,1,0,0,11,9,11,11,0.818181818181818,1,2515.89,1551.59,2031.29,,,,,,FALSE,"mad"
"rb_rear_mad_p05","score302_rb_rear_mad_p05","rb_rear_mad_p05",100,TRUE,"KETL","RB","any",456,0,393,63,231,308,321,321,0.861842105263158,0.506578947368421,0.675438596491228,0.703947368421053,0.703947368421053,0,0,456,231,456,321,0.506578947368421,0.703947368421053,5792.57,1752.09,2654.92,,,,,,FALSE,"mad"
"rb_rear_mad_p05","score302_rb_rear_mad_p05","rb_rear_mad_p05",100,TRUE,"KETL","RB","spawn",61,0,55,6,24,37,50,50,0.901639344262295,0.39344262295082,0.60655737704918,0.819672131147541,0.819672131147541,0,0,61,24,61,50,0.39344262295082,0.819672131147541,5792.57,1752.09,2654.92,,,,,,FALSE,"mad"
"rb_rear_mad_p05","score302_rb_rear_mad_p05","rb_rear_mad_p05",100,TRUE,"KETL","RB","rear",217,0,184,33,98,140,142,142,0.847926267281106,0.451612903225806,0.645161290322581,0.654377880184332,0.654377880184332,0,0,217,98,217,142,0.451612903225806,0.654377880184332,5792.57,1752.09,2654.92,,,,,,FALSE,"mad"
"rb_rear_mad_p05","score302_rb_rear_mad_p05","rb_rear_mad_p05",100,TRUE,"KOTL","RB","any",415,0,345,70,188,230,238,238,0.831325301204819,0.453012048192771,0.55421686746988,0.573493975903615,0.573493975903615,0,0,415,188,415,238,0.453012048192771,0.573493975903615,3614.72,1108.87,1627.63,,,,,,FALSE,"mad"
"rb_rear_mad_p05","score302_rb_rear_mad_p05","rb_rear_mad_p05",100,TRUE,"KOTL","RB","spawn",18,0,18,0,10,13,14,14,1,0.555555555555556,0.722222222222222,0.777777777777778,0.777777777777778,0,0,18,10,18,14,0.555555555555556,0.777777777777778,3614.72,1108.87,1627.63,,,,,,FALSE,"mad"
"rb_rear_mad_p05","score302_rb_rear_mad_p05","rb_rear_mad_p05",100,TRUE,"KOTL","RB","rear",196,0,147,49,61,82,82,82,0.75,0.311224489795918,0.418367346938776,0.418367346938776,0.418367346938776,0,0,196,61,196,82,0.311224489795918,0.418367346938776,3614.72,1108.87,1627.63,,,,,,FALSE,"mad"
"rb_rear_mad_p05","score302_rb_rear_mad_p05","rb_rear_mad_p05",100,TRUE,"KOTR","RB","any",43,0,28,15,18,24,25,25,0.651162790697674,0.418604651162791,0.558139534883721,0.581395348837209,0.581395348837209,0,0,43,18,43,25,0.418604651162791,0.581395348837209,1281.96,532.47,704.06,,,,,,FALSE,"mad"
"rb_rear_mad_p05","score302_rb_rear_mad_p05","rb_rear_mad_p05",100,TRUE,"KOTR","RB","spawn",1,0,0,1,0,0,0,0,0,0,0,0,0,0,0,1,0,1,0,0,0,1281.96,532.47,704.06,,,,,,FALSE,"mad"
"rb_rear_mad_p05","score302_rb_rear_mad_p05","rb_rear_mad_p05",100,TRUE,"KOTR","RB","rear",9,0,7,2,4,6,6,6,0.777777777777778,0.444444444444444,0.666666666666667,0.666666666666667,0.666666666666667,0,0,9,4,9,6,0.444444444444444,0.666666666666667,1281.96,532.47,704.06,,,,,,FALSE,"mad"
"rb_rear_mad_p05","score302_rb_rear_mad_p05","rb_rear_mad_p05",100,TRUE,"OKAN","RB","any",626,0,489,137,343,396,404,404,0.781150159744409,0.547923322683706,0.63258785942492,0.645367412140575,0.645367412140575,0,0,626,343,626,404,0.547923322683706,0.645367412140575,4718.82,1106.72,1605.09,,,,,,FALSE,"mad"
"rb_rear_mad_p05","score302_rb_rear_mad_p05","rb_rear_mad_p05",100,TRUE,"OKAN","RB","spawn",67,0,29,38,18,23,24,24,0.432835820895522,0.26865671641791,0.343283582089552,0.358208955223881,0.358208955223881,0,0,67,18,67,24,0.26865671641791,0.358208955223881,4718.82,1106.72,1605.09,,,,,,FALSE,"mad"
"rb_rear_mad_p05","score302_rb_rear_mad_p05","rb_rear_mad_p05",100,TRUE,"OKAN","RB","rear",216,0,190,26,151,164,164,164,0.87962962962963,0.699074074074074,0.759259259259259,0.759259259259259,0.759259259259259,0,0,216,151,216,164,0.699074074074074,0.759259259259259,4718.82,1106.72,1605.09,,,,,,FALSE,"mad"
"rb_rear_mad_p05","score302_rb_rear_mad_p05","rb_rear_mad_p05",100,TRUE,"PARS","RB","any",282,0,0,282,217,245,245,245,0,0.769503546099291,0.868794326241135,0.868794326241135,0.868794326241135,0,0,282,217,282,245,0.769503546099291,0.868794326241135,,2168.33,3267.88,,,,,,FALSE,"mad"
"rb_rear_mad_p05","score302_rb_rear_mad_p05","rb_rear_mad_p05",100,TRUE,"PARS","RB","spawn",1,0,0,1,1,1,1,1,0,1,1,1,1,0,0,1,1,1,1,1,1,,2168.33,3267.88,,,,,,FALSE,"mad"
"rb_rear_mad_p05","score302_rb_rear_mad_p05","rb_rear_mad_p05",100,TRUE,"PARS","RB","rear",178,0,0,178,126,148,148,148,0,0.707865168539326,0.831460674157303,0.831460674157303,0.831460674157303,0,0,178,126,178,148,0.707865168539326,0.831460674157303,,2168.33,3267.88,,,,,,FALSE,"mad"
"rb_rear_mad_p05","score302_rb_rear_mad_p05","rb_rear_mad_p05",100,TRUE,"REVL","RB","any",218,0,90,128,19,19,19,19,0.412844036697248,0.0871559633027523,0.0871559633027523,0.0871559633027523,0.0871559633027523,0,0,218,19,218,19,0.0871559633027523,0.0871559633027523,19.66,8.07,8.2,,,,,,FALSE,"mad"
"rb_rear_mad_p05","score302_rb_rear_mad_p05","rb_rear_mad_p05",100,TRUE,"REVL","RB","spawn",2,0,0,2,0,0,0,0,0,0,0,0,0,0,0,2,0,2,0,0,0,19.66,8.07,8.2,,,,,,FALSE,"mad"
"rb_rear_mad_p05","score302_rb_rear_mad_p05","rb_rear_mad_p05",100,TRUE,"REVL","RB","rear",56,0,23,33,9,9,9,9,0.410714285714286,0.160714285714286,0.160714285714286,0.160714285714286,0.160714285714286,0,0,56,9,56,9,0.160714285714286,0.160714285714286,19.66,8.07,8.2,,,,,,FALSE,"mad"
"rb_rear_mad_p05","score302_rb_rear_mad_p05","rb_rear_mad_p05",100,TRUE,"SIML","RB","any",514,0,407,107,282,335,343,343,0.791828793774319,0.54863813229572,0.651750972762646,0.667315175097276,0.667315175097276,0,0,514,282,514,343,0.54863813229572,0.667315175097276,4621.52,1230.25,1849.68,,,,,,FALSE,"mad"
"rb_rear_mad_p05","score302_rb_rear_mad_p05","rb_rear_mad_p05",100,TRUE,"SIML","RB","spawn",44,0,24,20,10,12,14,14,0.545454545454545,0.227272727272727,0.272727272727273,0.318181818181818,0.318181818181818,0,0,44,10,44,14,0.227272727272727,0.318181818181818,4621.52,1230.25,1849.68,,,,,,FALSE,"mad"
"rb_rear_mad_p05","score302_rb_rear_mad_p05","rb_rear_mad_p05",100,TRUE,"SIML","RB","rear",161,0,115,46,72,90,90,90,0.714285714285714,0.447204968944099,0.559006211180124,0.559006211180124,0.559006211180124,0,0,161,72,161,90,0.447204968944099,0.559006211180124,4621.52,1230.25,1849.68,,,,,,FALSE,"mad"
"rb_rear_mad_p02","score302_rb_rear_mad_p02","rb_rear_mad_p02",0,TRUE,"ELKR","RB","any",34,0,33,1,28,33,33,33,0.970588235294118,0.823529411764706,0.970588235294118,0.970588235294118,0.970588235294118,0,0,34,28,34,33,0.823529411764706,0.970588235294118,2515.89,1551.59,2197.27,,,,,,FALSE,"mad"
"rb_rear_mad_p02","score302_rb_rear_mad_p02","rb_rear_mad_p02",0,TRUE,"ELKR","RB","spawn",0,0,0,0,0,0,0,0,,,,,,0,0,0,0,0,0,,,2515.89,1551.59,2197.27,,,,,,FALSE,"mad"
"rb_rear_mad_p02","score302_rb_rear_mad_p02","rb_rear_mad_p02",0,TRUE,"ELKR","RB","rear",11,0,11,0,9,11,11,11,1,0.818181818181818,1,1,1,0,0,11,9,11,11,0.818181818181818,1,2515.89,1551.59,2197.27,,,,,,FALSE,"mad"
"rb_rear_mad_p02","score302_rb_rear_mad_p02","rb_rear_mad_p02",0,TRUE,"KETL","RB","any",456,0,393,63,218,299,317,317,0.861842105263158,0.478070175438596,0.655701754385965,0.695175438596491,0.695175438596491,0,0,456,218,456,317,0.478070175438596,0.695175438596491,5792.57,1752.09,3004.68,,,,,,FALSE,"mad"
"rb_rear_mad_p02","score302_rb_rear_mad_p02","rb_rear_mad_p02",0,TRUE,"KETL","RB","spawn",61,0,55,6,23,31,49,49,0.901639344262295,0.377049180327869,0.508196721311475,0.80327868852459,0.80327868852459,0,0,61,23,61,49,0.377049180327869,0.80327868852459,5792.57,1752.09,3004.68,,,,,,FALSE,"mad"
"rb_rear_mad_p02","score302_rb_rear_mad_p02","rb_rear_mad_p02",0,TRUE,"KETL","RB","rear",217,0,184,33,93,140,142,142,0.847926267281106,0.428571428571429,0.645161290322581,0.654377880184332,0.654377880184332,0,0,217,93,217,142,0.428571428571429,0.654377880184332,5792.57,1752.09,3004.68,,,,,,FALSE,"mad"
"rb_rear_mad_p02","score302_rb_rear_mad_p02","rb_rear_mad_p02",0,TRUE,"KOTL","RB","any",415,0,345,70,165,215,230,230,0.831325301204819,0.397590361445783,0.518072289156627,0.55421686746988,0.55421686746988,0,0,415,165,415,230,0.397590361445783,0.55421686746988,3614.72,1108.87,1705.29,,,,,,FALSE,"mad"
"rb_rear_mad_p02","score302_rb_rear_mad_p02","rb_rear_mad_p02",0,TRUE,"KOTL","RB","spawn",18,0,18,0,7,11,13,13,1,0.388888888888889,0.611111111111111,0.722222222222222,0.722222222222222,0,0,18,7,18,13,0.388888888888889,0.722222222222222,3614.72,1108.87,1705.29,,,,,,FALSE,"mad"
"rb_rear_mad_p02","score302_rb_rear_mad_p02","rb_rear_mad_p02",0,TRUE,"KOTL","RB","rear",196,0,147,49,57,80,80,80,0.75,0.290816326530612,0.408163265306122,0.408163265306122,0.408163265306122,0,0,196,57,196,80,0.290816326530612,0.408163265306122,3614.72,1108.87,1705.29,,,,,,FALSE,"mad"
"rb_rear_mad_p02","score302_rb_rear_mad_p02","rb_rear_mad_p02",0,TRUE,"KOTR","RB","any",43,0,28,15,17,23,24,24,0.651162790697674,0.395348837209302,0.534883720930233,0.558139534883721,0.558139534883721,0,0,43,17,43,24,0.395348837209302,0.558139534883721,1281.96,532.47,748.04,,,,,,FALSE,"mad"
"rb_rear_mad_p02","score302_rb_rear_mad_p02","rb_rear_mad_p02",0,TRUE,"KOTR","RB","spawn",1,0,0,1,0,0,0,0,0,0,0,0,0,0,0,1,0,1,0,0,0,1281.96,532.47,748.04,,,,,,FALSE,"mad"
"rb_rear_mad_p02","score302_rb_rear_mad_p02","rb_rear_mad_p02",0,TRUE,"KOTR","RB","rear",9,0,7,2,4,6,6,6,0.777777777777778,0.444444444444444,0.666666666666667,0.666666666666667,0.666666666666667,0,0,9,4,9,6,0.444444444444444,0.666666666666667,1281.96,532.47,748.04,,,,,,FALSE,"mad"
"rb_rear_mad_p02","score302_rb_rear_mad_p02","rb_rear_mad_p02",0,TRUE,"OKAN","RB","any",626,0,489,137,323,393,407,407,0.781150159744409,0.515974440894569,0.62779552715655,0.650159744408946,0.650159744408946,0,0,626,323,626,407,0.515974440894569,0.650159744408946,4718.82,1106.72,1839.68,,,,,,FALSE,"mad"
"rb_rear_mad_p02","score302_rb_rear_mad_p02","rb_rear_mad_p02",0,TRUE,"OKAN","RB","spawn",67,0,29,38,15,22,25,25,0.432835820895522,0.223880597014925,0.328358208955224,0.373134328358209,0.373134328358209,0,0,67,15,67,25,0.223880597014925,0.373134328358209,4718.82,1106.72,1839.68,,,,,,FALSE,"mad"
"rb_rear_mad_p02","score302_rb_rear_mad_p02","rb_rear_mad_p02",0,TRUE,"OKAN","RB","rear",216,0,190,26,146,165,165,165,0.87962962962963,0.675925925925926,0.763888888888889,0.763888888888889,0.763888888888889,0,0,216,146,216,165,0.675925925925926,0.763888888888889,4718.82,1106.72,1839.68,,,,,,FALSE,"mad"
"rb_rear_mad_p02","score302_rb_rear_mad_p02","rb_rear_mad_p02",0,TRUE,"PARS","RB","any",282,0,0,282,214,246,246,246,0,0.75886524822695,0.872340425531915,0.872340425531915,0.872340425531915,0,0,282,214,282,246,0.75886524822695,0.872340425531915,,2168.33,3707.39,,,,,,FALSE,"mad"
"rb_rear_mad_p02","score302_rb_rear_mad_p02","rb_rear_mad_p02",0,TRUE,"PARS","RB","spawn",1,0,0,1,1,1,1,1,0,1,1,1,1,0,0,1,1,1,1,1,1,,2168.33,3707.39,,,,,,FALSE,"mad"
"rb_rear_mad_p02","score302_rb_rear_mad_p02","rb_rear_mad_p02",0,TRUE,"PARS","RB","rear",178,0,0,178,123,148,148,148,0,0.691011235955056,0.831460674157303,0.831460674157303,0.831460674157303,0,0,178,123,178,148,0.691011235955056,0.831460674157303,,2168.33,3707.39,,,,,,FALSE,"mad"
"rb_rear_mad_p02","score302_rb_rear_mad_p02","rb_rear_mad_p02",0,TRUE,"REVL","RB","any",218,0,90,128,18,19,19,19,0.412844036697248,0.0825688073394495,0.0871559633027523,0.0871559633027523,0.0871559633027523,0,0,218,18,218,19,0.0825688073394495,0.0871559633027523,19.66,8.07,8.32,,,,,,FALSE,"mad"
"rb_rear_mad_p02","score302_rb_rear_mad_p02","rb_rear_mad_p02",0,TRUE,"REVL","RB","spawn",2,0,0,2,0,0,0,0,0,0,0,0,0,0,0,2,0,2,0,0,0,19.66,8.07,8.32,,,,,,FALSE,"mad"
"rb_rear_mad_p02","score302_rb_rear_mad_p02","rb_rear_mad_p02",0,TRUE,"REVL","RB","rear",56,0,23,33,8,9,9,9,0.410714285714286,0.142857142857143,0.160714285714286,0.160714285714286,0.160714285714286,0,0,56,8,56,9,0.142857142857143,0.160714285714286,19.66,8.07,8.32,,,,,,FALSE,"mad"
"rb_rear_mad_p02","score302_rb_rear_mad_p02","rb_rear_mad_p02",0,TRUE,"SIML","RB","any",514,0,407,107,266,332,343,343,0.791828793774319,0.517509727626459,0.64591439688716,0.667315175097276,0.667315175097276,0,0,514,266,514,343,0.517509727626459,0.667315175097276,4621.52,1230.25,2050.57,,,,,,FALSE,"mad"
"rb_rear_mad_p02","score302_rb_rear_mad_p02","rb_rear_mad_p02",0,TRUE,"SIML","RB","spawn",44,0,24,20,9,11,16,16,0.545454545454545,0.204545454545455,0.25,0.363636363636364,0.363636363636364,0,0,44,9,44,16,0.204545454545455,0.363636363636364,4621.52,1230.25,2050.57,,,,,,FALSE,"mad"
"rb_rear_mad_p02","score302_rb_rear_mad_p02","rb_rear_mad_p02",0,TRUE,"SIML","RB","rear",161,0,115,46,66,93,94,94,0.714285714285714,0.409937888198758,0.577639751552795,0.583850931677019,0.583850931677019,0,0,161,66,161,94,0.409937888198758,0.583850931677019,4621.52,1230.25,2050.57,,,,,,FALSE,"mad"
"rb_rear_mad_p02","score302_rb_rear_mad_p02","rb_rear_mad_p02",100,TRUE,"ELKR","RB","any",34,0,33,1,30,33,33,33,0.970588235294118,0.88235294117647,0.970588235294118,0.970588235294118,0.970588235294118,0,0,34,30,34,33,0.88235294117647,0.970588235294118,2515.89,1551.59,2197.27,,,,,,FALSE,"mad"
"rb_rear_mad_p02","score302_rb_rear_mad_p02","rb_rear_mad_p02",100,TRUE,"ELKR","RB","spawn",0,0,0,0,0,0,0,0,,,,,,0,0,0,0,0,0,,,2515.89,1551.59,2197.27,,,,,,FALSE,"mad"
"rb_rear_mad_p02","score302_rb_rear_mad_p02","rb_rear_mad_p02",100,TRUE,"ELKR","RB","rear",11,0,11,0,9,11,11,11,1,0.818181818181818,1,1,1,0,0,11,9,11,11,0.818181818181818,1,2515.89,1551.59,2197.27,,,,,,FALSE,"mad"
"rb_rear_mad_p02","score302_rb_rear_mad_p02","rb_rear_mad_p02",100,TRUE,"KETL","RB","any",456,0,393,63,231,320,333,333,0.861842105263158,0.506578947368421,0.701754385964912,0.730263157894737,0.730263157894737,0,0,456,231,456,333,0.506578947368421,0.730263157894737,5792.57,1752.09,3004.68,,,,,,FALSE,"mad"
"rb_rear_mad_p02","score302_rb_rear_mad_p02","rb_rear_mad_p02",100,TRUE,"KETL","RB","spawn",61,0,55,6,24,37,50,50,0.901639344262295,0.39344262295082,0.60655737704918,0.819672131147541,0.819672131147541,0,0,61,24,61,50,0.39344262295082,0.819672131147541,5792.57,1752.09,3004.68,,,,,,FALSE,"mad"
"rb_rear_mad_p02","score302_rb_rear_mad_p02","rb_rear_mad_p02",100,TRUE,"KETL","RB","rear",217,0,184,33,98,147,149,149,0.847926267281106,0.451612903225806,0.67741935483871,0.686635944700461,0.686635944700461,0,0,217,98,217,149,0.451612903225806,0.686635944700461,5792.57,1752.09,3004.68,,,,,,FALSE,"mad"
"rb_rear_mad_p02","score302_rb_rear_mad_p02","rb_rear_mad_p02",100,TRUE,"KOTL","RB","any",415,0,345,70,188,234,243,243,0.831325301204819,0.453012048192771,0.563855421686747,0.585542168674699,0.585542168674699,0,0,415,188,415,243,0.453012048192771,0.585542168674699,3614.72,1108.87,1705.29,,,,,,FALSE,"mad"
"rb_rear_mad_p02","score302_rb_rear_mad_p02","rb_rear_mad_p02",100,TRUE,"KOTL","RB","spawn",18,0,18,0,10,13,14,14,1,0.555555555555556,0.722222222222222,0.777777777777778,0.777777777777778,0,0,18,10,18,14,0.555555555555556,0.777777777777778,3614.72,1108.87,1705.29,,,,,,FALSE,"mad"
"rb_rear_mad_p02","score302_rb_rear_mad_p02","rb_rear_mad_p02",100,TRUE,"KOTL","RB","rear",196,0,147,49,61,85,85,85,0.75,0.311224489795918,0.433673469387755,0.433673469387755,0.433673469387755,0,0,196,61,196,85,0.311224489795918,0.433673469387755,3614.72,1108.87,1705.29,,,,,,FALSE,"mad"
"rb_rear_mad_p02","score302_rb_rear_mad_p02","rb_rear_mad_p02",100,TRUE,"KOTR","RB","any",43,0,28,15,18,24,25,25,0.651162790697674,0.418604651162791,0.558139534883721,0.581395348837209,0.581395348837209,0,0,43,18,43,25,0.418604651162791,0.581395348837209,1281.96,532.47,748.04,,,,,,FALSE,"mad"
"rb_rear_mad_p02","score302_rb_rear_mad_p02","rb_rear_mad_p02",100,TRUE,"KOTR","RB","spawn",1,0,0,1,0,0,0,0,0,0,0,0,0,0,0,1,0,1,0,0,0,1281.96,532.47,748.04,,,,,,FALSE,"mad"
"rb_rear_mad_p02","score302_rb_rear_mad_p02","rb_rear_mad_p02",100,TRUE,"KOTR","RB","rear",9,0,7,2,4,6,6,6,0.777777777777778,0.444444444444444,0.666666666666667,0.666666666666667,0.666666666666667,0,0,9,4,9,6,0.444444444444444,0.666666666666667,1281.96,532.47,748.04,,,,,,FALSE,"mad"
"rb_rear_mad_p02","score302_rb_rear_mad_p02","rb_rear_mad_p02",100,TRUE,"OKAN","RB","any",626,0,489,137,343,409,418,418,0.781150159744409,0.547923322683706,0.653354632587859,0.667731629392971,0.667731629392971,0,0,626,343,626,418,0.547923322683706,0.667731629392971,4718.82,1106.72,1839.68,,,,,,FALSE,"mad"
"rb_rear_mad_p02","score302_rb_rear_mad_p02","rb_rear_mad_p02",100,TRUE,"OKAN","RB","spawn",67,0,29,38,18,24,26,26,0.432835820895522,0.26865671641791,0.358208955223881,0.388059701492537,0.388059701492537,0,0,67,18,67,26,0.26865671641791,0.388059701492537,4718.82,1106.72,1839.68,,,,,,FALSE,"mad"
"rb_rear_mad_p02","score302_rb_rear_mad_p02","rb_rear_mad_p02",100,TRUE,"OKAN","RB","rear",216,0,190,26,151,168,168,168,0.87962962962963,0.699074074074074,0.777777777777778,0.777777777777778,0.777777777777778,0,0,216,151,216,168,0.699074074074074,0.777777777777778,4718.82,1106.72,1839.68,,,,,,FALSE,"mad"
"rb_rear_mad_p02","score302_rb_rear_mad_p02","rb_rear_mad_p02",100,TRUE,"PARS","RB","any",282,0,0,282,217,247,247,247,0,0.769503546099291,0.875886524822695,0.875886524822695,0.875886524822695,0,0,282,217,282,247,0.769503546099291,0.875886524822695,,2168.33,3707.39,,,,,,FALSE,"mad"
"rb_rear_mad_p02","score302_rb_rear_mad_p02","rb_rear_mad_p02",100,TRUE,"PARS","RB","spawn",1,0,0,1,1,1,1,1,0,1,1,1,1,0,0,1,1,1,1,1,1,,2168.33,3707.39,,,,,,FALSE,"mad"
"rb_rear_mad_p02","score302_rb_rear_mad_p02","rb_rear_mad_p02",100,TRUE,"PARS","RB","rear",178,0,0,178,126,149,149,149,0,0.707865168539326,0.837078651685393,0.837078651685393,0.837078651685393,0,0,178,126,178,149,0.707865168539326,0.837078651685393,,2168.33,3707.39,,,,,,FALSE,"mad"
"rb_rear_mad_p02","score302_rb_rear_mad_p02","rb_rear_mad_p02",100,TRUE,"REVL","RB","any",218,0,90,128,19,19,19,19,0.412844036697248,0.0871559633027523,0.0871559633027523,0.0871559633027523,0.0871559633027523,0,0,218,19,218,19,0.0871559633027523,0.0871559633027523,19.66,8.07,8.32,,,,,,FALSE,"mad"
"rb_rear_mad_p02","score302_rb_rear_mad_p02","rb_rear_mad_p02",100,TRUE,"REVL","RB","spawn",2,0,0,2,0,0,0,0,0,0,0,0,0,0,0,2,0,2,0,0,0,19.66,8.07,8.32,,,,,,FALSE,"mad"
"rb_rear_mad_p02","score302_rb_rear_mad_p02","rb_rear_mad_p02",100,TRUE,"REVL","RB","rear",56,0,23,33,9,9,9,9,0.410714285714286,0.160714285714286,0.160714285714286,0.160714285714286,0.160714285714286,0,0,56,9,56,9,0.160714285714286,0.160714285714286,19.66,8.07,8.32,,,,,,FALSE,"mad"
"rb_rear_mad_p02","score302_rb_rear_mad_p02","rb_rear_mad_p02",100,TRUE,"SIML","RB","any",514,0,407,107,282,345,354,354,0.791828793774319,0.54863813229572,0.671206225680934,0.688715953307393,0.688715953307393,0,0,514,282,514,354,0.54863813229572,0.688715953307393,4621.52,1230.25,2050.57,,,,,,FALSE,"mad"
"rb_rear_mad_p02","score302_rb_rear_mad_p02","rb_rear_mad_p02",100,TRUE,"SIML","RB","spawn",44,0,24,20,10,14,17,17,0.545454545454545,0.227272727272727,0.318181818181818,0.386363636363636,0.386363636363636,0,0,44,10,44,17,0.227272727272727,0.386363636363636,4621.52,1230.25,2050.57,,,,,,FALSE,"mad"
"rb_rear_mad_p02","score302_rb_rear_mad_p02","rb_rear_mad_p02",100,TRUE,"SIML","RB","rear",161,0,115,46,72,97,97,97,0.714285714285714,0.447204968944099,0.60248447204969,0.60248447204969,0.60248447204969,0,0,161,72,161,97,0.447204968944099,0.60248447204969,4621.52,1230.25,2050.57,,,,,,FALSE,"mad"
"rb_spawn_mad_p10","score302_rb_spawn_mad_p10","rb_spawn_mad_p10",0,TRUE,"ELKR","RB","any",34,0,33,1,27,33,33,33,0.970588235294118,0.794117647058823,0.970588235294118,0.970588235294118,0.970588235294118,0,0,34,27,34,33,0.794117647058823,0.970588235294118,2515.89,1268.69,2031.29,,,,,,FALSE,"mad"
"rb_spawn_mad_p10","score302_rb_spawn_mad_p10","rb_spawn_mad_p10",0,TRUE,"ELKR","RB","spawn",0,0,0,0,0,0,0,0,,,,,,0,0,0,0,0,0,,,2515.89,1268.69,2031.29,,,,,,FALSE,"mad"
"rb_spawn_mad_p10","score302_rb_spawn_mad_p10","rb_spawn_mad_p10",0,TRUE,"ELKR","RB","rear",11,0,11,0,9,11,11,11,1,0.818181818181818,1,1,1,0,0,11,9,11,11,0.818181818181818,1,2515.89,1268.69,2031.29,,,,,,FALSE,"mad"
"rb_spawn_mad_p10","score302_rb_spawn_mad_p10","rb_spawn_mad_p10",0,TRUE,"KETL","RB","any",456,0,393,63,196,287,305,305,0.861842105263158,0.429824561403509,0.629385964912281,0.668859649122807,0.668859649122807,0,0,456,196,456,305,0.429824561403509,0.668859649122807,5792.57,1361.12,2654.92,,,,,,FALSE,"mad"
"rb_spawn_mad_p10","score302_rb_spawn_mad_p10","rb_spawn_mad_p10",0,TRUE,"KETL","RB","spawn",61,0,55,6,19,31,49,49,0.901639344262295,0.311475409836066,0.508196721311475,0.80327868852459,0.80327868852459,0,0,61,19,61,49,0.311475409836066,0.80327868852459,5792.57,1361.12,2654.92,,,,,,FALSE,"mad"
"rb_spawn_mad_p10","score302_rb_spawn_mad_p10","rb_spawn_mad_p10",0,TRUE,"KETL","RB","rear",217,0,184,33,77,133,135,135,0.847926267281106,0.354838709677419,0.612903225806452,0.622119815668203,0.622119815668203,0,0,217,77,217,135,0.354838709677419,0.622119815668203,5792.57,1361.12,2654.92,,,,,,FALSE,"mad"
"rb_spawn_mad_p10","score302_rb_spawn_mad_p10","rb_spawn_mad_p10",0,TRUE,"KOTL","RB","any",415,0,345,70,163,211,225,225,0.831325301204819,0.392771084337349,0.508433734939759,0.542168674698795,0.542168674698795,0,0,415,163,415,225,0.392771084337349,0.542168674698795,3614.72,958.17,1627.63,,,,,,FALSE,"mad"
"rb_spawn_mad_p10","score302_rb_spawn_mad_p10","rb_spawn_mad_p10",0,TRUE,"KOTL","RB","spawn",18,0,18,0,7,11,13,13,1,0.388888888888889,0.611111111111111,0.722222222222222,0.722222222222222,0,0,18,7,18,13,0.388888888888889,0.722222222222222,3614.72,958.17,1627.63,,,,,,FALSE,"mad"
"rb_spawn_mad_p10","score302_rb_spawn_mad_p10","rb_spawn_mad_p10",0,TRUE,"KOTL","RB","rear",196,0,147,49,56,77,77,77,0.75,0.285714285714286,0.392857142857143,0.392857142857143,0.392857142857143,0,0,196,56,196,77,0.285714285714286,0.392857142857143,3614.72,958.17,1627.63,,,,,,FALSE,"mad"
"rb_spawn_mad_p10","score302_rb_spawn_mad_p10","rb_spawn_mad_p10",0,TRUE,"KOTR","RB","any",43,0,28,15,16,23,24,24,0.651162790697674,0.372093023255814,0.534883720930233,0.558139534883721,0.558139534883721,0,0,43,16,43,24,0.372093023255814,0.558139534883721,1281.96,472.51,704.06,,,,,,FALSE,"mad"
"rb_spawn_mad_p10","score302_rb_spawn_mad_p10","rb_spawn_mad_p10",0,TRUE,"KOTR","RB","spawn",1,0,0,1,0,0,0,0,0,0,0,0,0,0,0,1,0,1,0,0,0,1281.96,472.51,704.06,,,,,,FALSE,"mad"
"rb_spawn_mad_p10","score302_rb_spawn_mad_p10","rb_spawn_mad_p10",0,TRUE,"KOTR","RB","rear",9,0,7,2,4,6,6,6,0.777777777777778,0.444444444444444,0.666666666666667,0.666666666666667,0.666666666666667,0,0,9,4,9,6,0.444444444444444,0.666666666666667,1281.96,472.51,704.06,,,,,,FALSE,"mad"
"rb_spawn_mad_p10","score302_rb_spawn_mad_p10","rb_spawn_mad_p10",0,TRUE,"OKAN","RB","any",626,0,489,137,292,380,393,393,0.781150159744409,0.466453674121406,0.60702875399361,0.62779552715655,0.62779552715655,0,0,626,292,626,393,0.466453674121406,0.62779552715655,4718.82,808.91,1605.09,,,,,,FALSE,"mad"
"rb_spawn_mad_p10","score302_rb_spawn_mad_p10","rb_spawn_mad_p10",0,TRUE,"OKAN","RB","spawn",67,0,29,38,12,21,23,23,0.432835820895522,0.17910447761194,0.313432835820896,0.343283582089552,0.343283582089552,0,0,67,12,67,23,0.17910447761194,0.343283582089552,4718.82,808.91,1605.09,,,,,,FALSE,"mad"
"rb_spawn_mad_p10","score302_rb_spawn_mad_p10","rb_spawn_mad_p10",0,TRUE,"OKAN","RB","rear",216,0,190,26,141,161,161,161,0.87962962962963,0.652777777777778,0.74537037037037,0.74537037037037,0.74537037037037,0,0,216,141,216,161,0.652777777777778,0.74537037037037,4718.82,808.91,1605.09,,,,,,FALSE,"mad"
"rb_spawn_mad_p10","score302_rb_spawn_mad_p10","rb_spawn_mad_p10",0,TRUE,"PARS","RB","any",282,0,0,282,203,244,244,244,0,0.719858156028369,0.865248226950355,0.865248226950355,0.865248226950355,0,0,282,203,282,244,0.719858156028369,0.865248226950355,,1575.62,3267.88,,,,,,FALSE,"mad"
"rb_spawn_mad_p10","score302_rb_spawn_mad_p10","rb_spawn_mad_p10",0,TRUE,"PARS","RB","spawn",1,0,0,1,1,1,1,1,0,1,1,1,1,0,0,1,1,1,1,1,1,,1575.62,3267.88,,,,,,FALSE,"mad"
"rb_spawn_mad_p10","score302_rb_spawn_mad_p10","rb_spawn_mad_p10",0,TRUE,"PARS","RB","rear",178,0,0,178,117,147,147,147,0,0.657303370786517,0.825842696629214,0.825842696629214,0.825842696629214,0,0,178,117,178,147,0.657303370786517,0.825842696629214,,1575.62,3267.88,,,,,,FALSE,"mad"
"rb_spawn_mad_p10","score302_rb_spawn_mad_p10","rb_spawn_mad_p10",0,TRUE,"REVL","RB","any",218,0,90,128,15,19,19,19,0.412844036697248,0.0688073394495413,0.0871559633027523,0.0871559633027523,0.0871559633027523,0,0,218,15,218,19,0.0688073394495413,0.0871559633027523,19.66,6.69,8.2,,,,,,FALSE,"mad"
"rb_spawn_mad_p10","score302_rb_spawn_mad_p10","rb_spawn_mad_p10",0,TRUE,"REVL","RB","spawn",2,0,0,2,0,0,0,0,0,0,0,0,0,0,0,2,0,2,0,0,0,19.66,6.69,8.2,,,,,,FALSE,"mad"
"rb_spawn_mad_p10","score302_rb_spawn_mad_p10","rb_spawn_mad_p10",0,TRUE,"REVL","RB","rear",56,0,23,33,8,9,9,9,0.410714285714286,0.142857142857143,0.160714285714286,0.160714285714286,0.160714285714286,0,0,56,8,56,9,0.142857142857143,0.160714285714286,19.66,6.69,8.2,,,,,,FALSE,"mad"
"rb_spawn_mad_p10","score302_rb_spawn_mad_p10","rb_spawn_mad_p10",0,TRUE,"SIML","RB","any",514,0,407,107,252,325,334,334,0.791828793774319,0.490272373540856,0.632295719844358,0.649805447470817,0.649805447470817,0,0,514,252,514,334,0.490272373540856,0.649805447470817,4621.52,996.39,1849.68,,,,,,FALSE,"mad"
"rb_spawn_mad_p10","score302_rb_spawn_mad_p10","rb_spawn_mad_p10",0,TRUE,"SIML","RB","spawn",44,0,24,20,8,11,14,14,0.545454545454545,0.181818181818182,0.25,0.318181818181818,0.318181818181818,0,0,44,8,44,14,0.181818181818182,0.318181818181818,4621.52,996.39,1849.68,,,,,,FALSE,"mad"
"rb_spawn_mad_p10","score302_rb_spawn_mad_p10","rb_spawn_mad_p10",0,TRUE,"SIML","RB","rear",161,0,115,46,64,87,87,87,0.714285714285714,0.397515527950311,0.540372670807453,0.540372670807453,0.540372670807453,0,0,161,64,161,87,0.397515527950311,0.540372670807453,4621.52,996.39,1849.68,,,,,,FALSE,"mad"
"rb_spawn_mad_p10","score302_rb_spawn_mad_p10","rb_spawn_mad_p10",100,TRUE,"ELKR","RB","any",34,0,33,1,29,33,33,33,0.970588235294118,0.852941176470588,0.970588235294118,0.970588235294118,0.970588235294118,0,0,34,29,34,33,0.852941176470588,0.970588235294118,2515.89,1268.69,2031.29,,,,,,FALSE,"mad"
"rb_spawn_mad_p10","score302_rb_spawn_mad_p10","rb_spawn_mad_p10",100,TRUE,"ELKR","RB","spawn",0,0,0,0,0,0,0,0,,,,,,0,0,0,0,0,0,,,2515.89,1268.69,2031.29,,,,,,FALSE,"mad"
"rb_spawn_mad_p10","score302_rb_spawn_mad_p10","rb_spawn_mad_p10",100,TRUE,"ELKR","RB","rear",11,0,11,0,9,11,11,11,1,0.818181818181818,1,1,1,0,0,11,9,11,11,0.818181818181818,1,2515.89,1268.69,2031.29,,,,,,FALSE,"mad"
"rb_spawn_mad_p10","score302_rb_spawn_mad_p10","rb_spawn_mad_p10",100,TRUE,"KETL","RB","any",456,0,393,63,204,308,321,321,0.861842105263158,0.447368421052632,0.675438596491228,0.703947368421053,0.703947368421053,0,0,456,204,456,321,0.447368421052632,0.703947368421053,5792.57,1361.12,2654.92,,,,,,FALSE,"mad"
"rb_spawn_mad_p10","score302_rb_spawn_mad_p10","rb_spawn_mad_p10",100,TRUE,"KETL","RB","spawn",61,0,55,6,19,37,50,50,0.901639344262295,0.311475409836066,0.60655737704918,0.819672131147541,0.819672131147541,0,0,61,19,61,50,0.311475409836066,0.819672131147541,5792.57,1361.12,2654.92,,,,,,FALSE,"mad"
"rb_spawn_mad_p10","score302_rb_spawn_mad_p10","rb_spawn_mad_p10",100,TRUE,"KETL","RB","rear",217,0,184,33,80,140,142,142,0.847926267281106,0.368663594470046,0.645161290322581,0.654377880184332,0.654377880184332,0,0,217,80,217,142,0.368663594470046,0.654377880184332,5792.57,1361.12,2654.92,,,,,,FALSE,"mad"
"rb_spawn_mad_p10","score302_rb_spawn_mad_p10","rb_spawn_mad_p10",100,TRUE,"KOTL","RB","any",415,0,345,70,186,230,238,238,0.831325301204819,0.448192771084337,0.55421686746988,0.573493975903615,0.573493975903615,0,0,415,186,415,238,0.448192771084337,0.573493975903615,3614.72,958.17,1627.63,,,,,,FALSE,"mad"
"rb_spawn_mad_p10","score302_rb_spawn_mad_p10","rb_spawn_mad_p10",100,TRUE,"KOTL","RB","spawn",18,0,18,0,10,13,14,14,1,0.555555555555556,0.722222222222222,0.777777777777778,0.777777777777778,0,0,18,10,18,14,0.555555555555556,0.777777777777778,3614.72,958.17,1627.63,,,,,,FALSE,"mad"
"rb_spawn_mad_p10","score302_rb_spawn_mad_p10","rb_spawn_mad_p10",100,TRUE,"KOTL","RB","rear",196,0,147,49,60,82,82,82,0.75,0.306122448979592,0.418367346938776,0.418367346938776,0.418367346938776,0,0,196,60,196,82,0.306122448979592,0.418367346938776,3614.72,958.17,1627.63,,,,,,FALSE,"mad"
"rb_spawn_mad_p10","score302_rb_spawn_mad_p10","rb_spawn_mad_p10",100,TRUE,"KOTR","RB","any",43,0,28,15,17,24,25,25,0.651162790697674,0.395348837209302,0.558139534883721,0.581395348837209,0.581395348837209,0,0,43,17,43,25,0.395348837209302,0.581395348837209,1281.96,472.51,704.06,,,,,,FALSE,"mad"
"rb_spawn_mad_p10","score302_rb_spawn_mad_p10","rb_spawn_mad_p10",100,TRUE,"KOTR","RB","spawn",1,0,0,1,0,0,0,0,0,0,0,0,0,0,0,1,0,1,0,0,0,1281.96,472.51,704.06,,,,,,FALSE,"mad"
"rb_spawn_mad_p10","score302_rb_spawn_mad_p10","rb_spawn_mad_p10",100,TRUE,"KOTR","RB","rear",9,0,7,2,4,6,6,6,0.777777777777778,0.444444444444444,0.666666666666667,0.666666666666667,0.666666666666667,0,0,9,4,9,6,0.444444444444444,0.666666666666667,1281.96,472.51,704.06,,,,,,FALSE,"mad"
"rb_spawn_mad_p10","score302_rb_spawn_mad_p10","rb_spawn_mad_p10",100,TRUE,"OKAN","RB","any",626,0,489,137,308,396,404,404,0.781150159744409,0.492012779552716,0.63258785942492,0.645367412140575,0.645367412140575,0,0,626,308,626,404,0.492012779552716,0.645367412140575,4718.82,808.91,1605.09,,,,,,FALSE,"mad"
"rb_spawn_mad_p10","score302_rb_spawn_mad_p10","rb_spawn_mad_p10",100,TRUE,"OKAN","RB","spawn",67,0,29,38,14,23,24,24,0.432835820895522,0.208955223880597,0.343283582089552,0.358208955223881,0.358208955223881,0,0,67,14,67,24,0.208955223880597,0.358208955223881,4718.82,808.91,1605.09,,,,,,FALSE,"mad"
"rb_spawn_mad_p10","score302_rb_spawn_mad_p10","rb_spawn_mad_p10",100,TRUE,"OKAN","RB","rear",216,0,190,26,145,164,164,164,0.87962962962963,0.671296296296296,0.759259259259259,0.759259259259259,0.759259259259259,0,0,216,145,216,164,0.671296296296296,0.759259259259259,4718.82,808.91,1605.09,,,,,,FALSE,"mad"
"rb_spawn_mad_p10","score302_rb_spawn_mad_p10","rb_spawn_mad_p10",100,TRUE,"PARS","RB","any",282,0,0,282,206,245,245,245,0,0.730496453900709,0.868794326241135,0.868794326241135,0.868794326241135,0,0,282,206,282,245,0.730496453900709,0.868794326241135,,1575.62,3267.88,,,,,,FALSE,"mad"
"rb_spawn_mad_p10","score302_rb_spawn_mad_p10","rb_spawn_mad_p10",100,TRUE,"PARS","RB","spawn",1,0,0,1,1,1,1,1,0,1,1,1,1,0,0,1,1,1,1,1,1,,1575.62,3267.88,,,,,,FALSE,"mad"
"rb_spawn_mad_p10","score302_rb_spawn_mad_p10","rb_spawn_mad_p10",100,TRUE,"PARS","RB","rear",178,0,0,178,120,148,148,148,0,0.674157303370786,0.831460674157303,0.831460674157303,0.831460674157303,0,0,178,120,178,148,0.674157303370786,0.831460674157303,,1575.62,3267.88,,,,,,FALSE,"mad"
"rb_spawn_mad_p10","score302_rb_spawn_mad_p10","rb_spawn_mad_p10",100,TRUE,"REVL","RB","any",218,0,90,128,16,19,19,19,0.412844036697248,0.073394495412844,0.0871559633027523,0.0871559633027523,0.0871559633027523,0,0,218,16,218,19,0.073394495412844,0.0871559633027523,19.66,6.69,8.2,,,,,,FALSE,"mad"
"rb_spawn_mad_p10","score302_rb_spawn_mad_p10","rb_spawn_mad_p10",100,TRUE,"REVL","RB","spawn",2,0,0,2,0,0,0,0,0,0,0,0,0,0,0,2,0,2,0,0,0,19.66,6.69,8.2,,,,,,FALSE,"mad"
"rb_spawn_mad_p10","score302_rb_spawn_mad_p10","rb_spawn_mad_p10",100,TRUE,"REVL","RB","rear",56,0,23,33,9,9,9,9,0.410714285714286,0.160714285714286,0.160714285714286,0.160714285714286,0.160714285714286,0,0,56,9,56,9,0.160714285714286,0.160714285714286,19.66,6.69,8.2,,,,,,FALSE,"mad"
"rb_spawn_mad_p10","score302_rb_spawn_mad_p10","rb_spawn_mad_p10",100,TRUE,"SIML","RB","any",514,0,407,107,264,335,343,343,0.791828793774319,0.513618677042802,0.651750972762646,0.667315175097276,0.667315175097276,0,0,514,264,514,343,0.513618677042802,0.667315175097276,4621.52,996.39,1849.68,,,,,,FALSE,"mad"
"rb_spawn_mad_p10","score302_rb_spawn_mad_p10","rb_spawn_mad_p10",100,TRUE,"SIML","RB","spawn",44,0,24,20,8,12,14,14,0.545454545454545,0.181818181818182,0.272727272727273,0.318181818181818,0.318181818181818,0,0,44,8,44,14,0.181818181818182,0.318181818181818,4621.52,996.39,1849.68,,,,,,FALSE,"mad"
"rb_spawn_mad_p10","score302_rb_spawn_mad_p10","rb_spawn_mad_p10",100,TRUE,"SIML","RB","rear",161,0,115,46,69,90,90,90,0.714285714285714,0.428571428571429,0.559006211180124,0.559006211180124,0.559006211180124,0,0,161,69,161,90,0.428571428571429,0.559006211180124,4621.52,996.39,1849.68,,,,,,FALSE,"mad"
"rb_spawn_mad_p05","score302_rb_spawn_mad_p05","rb_spawn_mad_p05",0,TRUE,"ELKR","RB","any",34,0,33,1,28,33,33,33,0.970588235294118,0.823529411764706,0.970588235294118,0.970588235294118,0.970588235294118,0,0,34,28,34,33,0.823529411764706,0.970588235294118,2515.89,1551.59,2031.29,,,,,,FALSE,"mad"
"rb_spawn_mad_p05","score302_rb_spawn_mad_p05","rb_spawn_mad_p05",0,TRUE,"ELKR","RB","spawn",0,0,0,0,0,0,0,0,,,,,,0,0,0,0,0,0,,,2515.89,1551.59,2031.29,,,,,,FALSE,"mad"
"rb_spawn_mad_p05","score302_rb_spawn_mad_p05","rb_spawn_mad_p05",0,TRUE,"ELKR","RB","rear",11,0,11,0,9,11,11,11,1,0.818181818181818,1,1,1,0,0,11,9,11,11,0.818181818181818,1,2515.89,1551.59,2031.29,,,,,,FALSE,"mad"
"rb_spawn_mad_p05","score302_rb_spawn_mad_p05","rb_spawn_mad_p05",0,TRUE,"KETL","RB","any",456,0,393,63,218,287,305,305,0.861842105263158,0.478070175438596,0.629385964912281,0.668859649122807,0.668859649122807,0,0,456,218,456,305,0.478070175438596,0.668859649122807,5792.57,1752.09,2654.92,,,,,,FALSE,"mad"
"rb_spawn_mad_p05","score302_rb_spawn_mad_p05","rb_spawn_mad_p05",0,TRUE,"KETL","RB","spawn",61,0,55,6,23,31,49,49,0.901639344262295,0.377049180327869,0.508196721311475,0.80327868852459,0.80327868852459,0,0,61,23,61,49,0.377049180327869,0.80327868852459,5792.57,1752.09,2654.92,,,,,,FALSE,"mad"
"rb_spawn_mad_p05","score302_rb_spawn_mad_p05","rb_spawn_mad_p05",0,TRUE,"KETL","RB","rear",217,0,184,33,93,133,135,135,0.847926267281106,0.428571428571429,0.612903225806452,0.622119815668203,0.622119815668203,0,0,217,93,217,135,0.428571428571429,0.622119815668203,5792.57,1752.09,2654.92,,,,,,FALSE,"mad"
"rb_spawn_mad_p05","score302_rb_spawn_mad_p05","rb_spawn_mad_p05",0,TRUE,"KOTL","RB","any",415,0,345,70,165,211,225,225,0.831325301204819,0.397590361445783,0.508433734939759,0.542168674698795,0.542168674698795,0,0,415,165,415,225,0.397590361445783,0.542168674698795,3614.72,1108.87,1627.63,,,,,,FALSE,"mad"
"rb_spawn_mad_p05","score302_rb_spawn_mad_p05","rb_spawn_mad_p05",0,TRUE,"KOTL","RB","spawn",18,0,18,0,7,11,13,13,1,0.388888888888889,0.611111111111111,0.722222222222222,0.722222222222222,0,0,18,7,18,13,0.388888888888889,0.722222222222222,3614.72,1108.87,1627.63,,,,,,FALSE,"mad"
"rb_spawn_mad_p05","score302_rb_spawn_mad_p05","rb_spawn_mad_p05",0,TRUE,"KOTL","RB","rear",196,0,147,49,57,77,77,77,0.75,0.290816326530612,0.392857142857143,0.392857142857143,0.392857142857143,0,0,196,57,196,77,0.290816326530612,0.392857142857143,3614.72,1108.87,1627.63,,,,,,FALSE,"mad"
"rb_spawn_mad_p05","score302_rb_spawn_mad_p05","rb_spawn_mad_p05",0,TRUE,"KOTR","RB","any",43,0,28,15,17,23,24,24,0.651162790697674,0.395348837209302,0.534883720930233,0.558139534883721,0.558139534883721,0,0,43,17,43,24,0.395348837209302,0.558139534883721,1281.96,532.47,704.06,,,,,,FALSE,"mad"
"rb_spawn_mad_p05","score302_rb_spawn_mad_p05","rb_spawn_mad_p05",0,TRUE,"KOTR","RB","spawn",1,0,0,1,0,0,0,0,0,0,0,0,0,0,0,1,0,1,0,0,0,1281.96,532.47,704.06,,,,,,FALSE,"mad"
"rb_spawn_mad_p05","score302_rb_spawn_mad_p05","rb_spawn_mad_p05",0,TRUE,"KOTR","RB","rear",9,0,7,2,4,6,6,6,0.777777777777778,0.444444444444444,0.666666666666667,0.666666666666667,0.666666666666667,0,0,9,4,9,6,0.444444444444444,0.666666666666667,1281.96,532.47,704.06,,,,,,FALSE,"mad"
"rb_spawn_mad_p05","score302_rb_spawn_mad_p05","rb_spawn_mad_p05",0,TRUE,"OKAN","RB","any",626,0,489,137,323,380,393,393,0.781150159744409,0.515974440894569,0.60702875399361,0.62779552715655,0.62779552715655,0,0,626,323,626,393,0.515974440894569,0.62779552715655,4718.82,1106.72,1605.09,,,,,,FALSE,"mad"
"rb_spawn_mad_p05","score302_rb_spawn_mad_p05","rb_spawn_mad_p05",0,TRUE,"OKAN","RB","spawn",67,0,29,38,15,21,23,23,0.432835820895522,0.223880597014925,0.313432835820896,0.343283582089552,0.343283582089552,0,0,67,15,67,23,0.223880597014925,0.343283582089552,4718.82,1106.72,1605.09,,,,,,FALSE,"mad"
"rb_spawn_mad_p05","score302_rb_spawn_mad_p05","rb_spawn_mad_p05",0,TRUE,"OKAN","RB","rear",216,0,190,26,146,161,161,161,0.87962962962963,0.675925925925926,0.74537037037037,0.74537037037037,0.74537037037037,0,0,216,146,216,161,0.675925925925926,0.74537037037037,4718.82,1106.72,1605.09,,,,,,FALSE,"mad"
"rb_spawn_mad_p05","score302_rb_spawn_mad_p05","rb_spawn_mad_p05",0,TRUE,"PARS","RB","any",282,0,0,282,214,244,244,244,0,0.75886524822695,0.865248226950355,0.865248226950355,0.865248226950355,0,0,282,214,282,244,0.75886524822695,0.865248226950355,,2168.33,3267.88,,,,,,FALSE,"mad"
"rb_spawn_mad_p05","score302_rb_spawn_mad_p05","rb_spawn_mad_p05",0,TRUE,"PARS","RB","spawn",1,0,0,1,1,1,1,1,0,1,1,1,1,0,0,1,1,1,1,1,1,,2168.33,3267.88,,,,,,FALSE,"mad"
"rb_spawn_mad_p05","score302_rb_spawn_mad_p05","rb_spawn_mad_p05",0,TRUE,"PARS","RB","rear",178,0,0,178,123,147,147,147,0,0.691011235955056,0.825842696629214,0.825842696629214,0.825842696629214,0,0,178,123,178,147,0.691011235955056,0.825842696629214,,2168.33,3267.88,,,,,,FALSE,"mad"
"rb_spawn_mad_p05","score302_rb_spawn_mad_p05","rb_spawn_mad_p05",0,TRUE,"REVL","RB","any",218,0,90,128,18,19,19,19,0.412844036697248,0.0825688073394495,0.0871559633027523,0.0871559633027523,0.0871559633027523,0,0,218,18,218,19,0.0825688073394495,0.0871559633027523,19.66,8.07,8.2,,,,,,FALSE,"mad"
"rb_spawn_mad_p05","score302_rb_spawn_mad_p05","rb_spawn_mad_p05",0,TRUE,"REVL","RB","spawn",2,0,0,2,0,0,0,0,0,0,0,0,0,0,0,2,0,2,0,0,0,19.66,8.07,8.2,,,,,,FALSE,"mad"
"rb_spawn_mad_p05","score302_rb_spawn_mad_p05","rb_spawn_mad_p05",0,TRUE,"REVL","RB","rear",56,0,23,33,8,9,9,9,0.410714285714286,0.142857142857143,0.160714285714286,0.160714285714286,0.160714285714286,0,0,56,8,56,9,0.142857142857143,0.160714285714286,19.66,8.07,8.2,,,,,,FALSE,"mad"
"rb_spawn_mad_p05","score302_rb_spawn_mad_p05","rb_spawn_mad_p05",0,TRUE,"SIML","RB","any",514,0,407,107,266,325,334,334,0.791828793774319,0.517509727626459,0.632295719844358,0.649805447470817,0.649805447470817,0,0,514,266,514,334,0.517509727626459,0.649805447470817,4621.52,1230.25,1849.68,,,,,,FALSE,"mad"
"rb_spawn_mad_p05","score302_rb_spawn_mad_p05","rb_spawn_mad_p05",0,TRUE,"SIML","RB","spawn",44,0,24,20,9,11,14,14,0.545454545454545,0.204545454545455,0.25,0.318181818181818,0.318181818181818,0,0,44,9,44,14,0.204545454545455,0.318181818181818,4621.52,1230.25,1849.68,,,,,,FALSE,"mad"
"rb_spawn_mad_p05","score302_rb_spawn_mad_p05","rb_spawn_mad_p05",0,TRUE,"SIML","RB","rear",161,0,115,46,66,87,87,87,0.714285714285714,0.409937888198758,0.540372670807453,0.540372670807453,0.540372670807453,0,0,161,66,161,87,0.409937888198758,0.540372670807453,4621.52,1230.25,1849.68,,,,,,FALSE,"mad"
"rb_spawn_mad_p05","score302_rb_spawn_mad_p05","rb_spawn_mad_p05",100,TRUE,"ELKR","RB","any",34,0,33,1,30,33,33,33,0.970588235294118,0.88235294117647,0.970588235294118,0.970588235294118,0.970588235294118,0,0,34,30,34,33,0.88235294117647,0.970588235294118,2515.89,1551.59,2031.29,,,,,,FALSE,"mad"
"rb_spawn_mad_p05","score302_rb_spawn_mad_p05","rb_spawn_mad_p05",100,TRUE,"ELKR","RB","spawn",0,0,0,0,0,0,0,0,,,,,,0,0,0,0,0,0,,,2515.89,1551.59,2031.29,,,,,,FALSE,"mad"
"rb_spawn_mad_p05","score302_rb_spawn_mad_p05","rb_spawn_mad_p05",100,TRUE,"ELKR","RB","rear",11,0,11,0,9,11,11,11,1,0.818181818181818,1,1,1,0,0,11,9,11,11,0.818181818181818,1,2515.89,1551.59,2031.29,,,,,,FALSE,"mad"
"rb_spawn_mad_p05","score302_rb_spawn_mad_p05","rb_spawn_mad_p05",100,TRUE,"KETL","RB","any",456,0,393,63,231,308,321,321,0.861842105263158,0.506578947368421,0.675438596491228,0.703947368421053,0.703947368421053,0,0,456,231,456,321,0.506578947368421,0.703947368421053,5792.57,1752.09,2654.92,,,,,,FALSE,"mad"
"rb_spawn_mad_p05","score302_rb_spawn_mad_p05","rb_spawn_mad_p05",100,TRUE,"KETL","RB","spawn",61,0,55,6,24,37,50,50,0.901639344262295,0.39344262295082,0.60655737704918,0.819672131147541,0.819672131147541,0,0,61,24,61,50,0.39344262295082,0.819672131147541,5792.57,1752.09,2654.92,,,,,,FALSE,"mad"
"rb_spawn_mad_p05","score302_rb_spawn_mad_p05","rb_spawn_mad_p05",100,TRUE,"KETL","RB","rear",217,0,184,33,98,140,142,142,0.847926267281106,0.451612903225806,0.645161290322581,0.654377880184332,0.654377880184332,0,0,217,98,217,142,0.451612903225806,0.654377880184332,5792.57,1752.09,2654.92,,,,,,FALSE,"mad"
"rb_spawn_mad_p05","score302_rb_spawn_mad_p05","rb_spawn_mad_p05",100,TRUE,"KOTL","RB","any",415,0,345,70,188,230,238,238,0.831325301204819,0.453012048192771,0.55421686746988,0.573493975903615,0.573493975903615,0,0,415,188,415,238,0.453012048192771,0.573493975903615,3614.72,1108.87,1627.63,,,,,,FALSE,"mad"
"rb_spawn_mad_p05","score302_rb_spawn_mad_p05","rb_spawn_mad_p05",100,TRUE,"KOTL","RB","spawn",18,0,18,0,10,13,14,14,1,0.555555555555556,0.722222222222222,0.777777777777778,0.777777777777778,0,0,18,10,18,14,0.555555555555556,0.777777777777778,3614.72,1108.87,1627.63,,,,,,FALSE,"mad"
"rb_spawn_mad_p05","score302_rb_spawn_mad_p05","rb_spawn_mad_p05",100,TRUE,"KOTL","RB","rear",196,0,147,49,61,82,82,82,0.75,0.311224489795918,0.418367346938776,0.418367346938776,0.418367346938776,0,0,196,61,196,82,0.311224489795918,0.418367346938776,3614.72,1108.87,1627.63,,,,,,FALSE,"mad"
"rb_spawn_mad_p05","score302_rb_spawn_mad_p05","rb_spawn_mad_p05",100,TRUE,"KOTR","RB","any",43,0,28,15,18,24,25,25,0.651162790697674,0.418604651162791,0.558139534883721,0.581395348837209,0.581395348837209,0,0,43,18,43,25,0.418604651162791,0.581395348837209,1281.96,532.47,704.06,,,,,,FALSE,"mad"
"rb_spawn_mad_p05","score302_rb_spawn_mad_p05","rb_spawn_mad_p05",100,TRUE,"KOTR","RB","spawn",1,0,0,1,0,0,0,0,0,0,0,0,0,0,0,1,0,1,0,0,0,1281.96,532.47,704.06,,,,,,FALSE,"mad"
"rb_spawn_mad_p05","score302_rb_spawn_mad_p05","rb_spawn_mad_p05",100,TRUE,"KOTR","RB","rear",9,0,7,2,4,6,6,6,0.777777777777778,0.444444444444444,0.666666666666667,0.666666666666667,0.666666666666667,0,0,9,4,9,6,0.444444444444444,0.666666666666667,1281.96,532.47,704.06,,,,,,FALSE,"mad"
"rb_spawn_mad_p05","score302_rb_spawn_mad_p05","rb_spawn_mad_p05",100,TRUE,"OKAN","RB","any",626,0,489,137,343,396,404,404,0.781150159744409,0.547923322683706,0.63258785942492,0.645367412140575,0.645367412140575,0,0,626,343,626,404,0.547923322683706,0.645367412140575,4718.82,1106.72,1605.09,,,,,,FALSE,"mad"
"rb_spawn_mad_p05","score302_rb_spawn_mad_p05","rb_spawn_mad_p05",100,TRUE,"OKAN","RB","spawn",67,0,29,38,18,23,24,24,0.432835820895522,0.26865671641791,0.343283582089552,0.358208955223881,0.358208955223881,0,0,67,18,67,24,0.26865671641791,0.358208955223881,4718.82,1106.72,1605.09,,,,,,FALSE,"mad"
"rb_spawn_mad_p05","score302_rb_spawn_mad_p05","rb_spawn_mad_p05",100,TRUE,"OKAN","RB","rear",216,0,190,26,151,164,164,164,0.87962962962963,0.699074074074074,0.759259259259259,0.759259259259259,0.759259259259259,0,0,216,151,216,164,0.699074074074074,0.759259259259259,4718.82,1106.72,1605.09,,,,,,FALSE,"mad"
"rb_spawn_mad_p05","score302_rb_spawn_mad_p05","rb_spawn_mad_p05",100,TRUE,"PARS","RB","any",282,0,0,282,217,245,245,245,0,0.769503546099291,0.868794326241135,0.868794326241135,0.868794326241135,0,0,282,217,282,245,0.769503546099291,0.868794326241135,,2168.33,3267.88,,,,,,FALSE,"mad"
"rb_spawn_mad_p05","score302_rb_spawn_mad_p05","rb_spawn_mad_p05",100,TRUE,"PARS","RB","spawn",1,0,0,1,1,1,1,1,0,1,1,1,1,0,0,1,1,1,1,1,1,,2168.33,3267.88,,,,,,FALSE,"mad"
"rb_spawn_mad_p05","score302_rb_spawn_mad_p05","rb_spawn_mad_p05",100,TRUE,"PARS","RB","rear",178,0,0,178,126,148,148,148,0,0.707865168539326,0.831460674157303,0.831460674157303,0.831460674157303,0,0,178,126,178,148,0.707865168539326,0.831460674157303,,2168.33,3267.88,,,,,,FALSE,"mad"
"rb_spawn_mad_p05","score302_rb_spawn_mad_p05","rb_spawn_mad_p05",100,TRUE,"REVL","RB","any",218,0,90,128,19,19,19,19,0.412844036697248,0.0871559633027523,0.0871559633027523,0.0871559633027523,0.0871559633027523,0,0,218,19,218,19,0.0871559633027523,0.0871559633027523,19.66,8.07,8.2,,,,,,FALSE,"mad"
"rb_spawn_mad_p05","score302_rb_spawn_mad_p05","rb_spawn_mad_p05",100,TRUE,"REVL","RB","spawn",2,0,0,2,0,0,0,0,0,0,0,0,0,0,0,2,0,2,0,0,0,19.66,8.07,8.2,,,,,,FALSE,"mad"
"rb_spawn_mad_p05","score302_rb_spawn_mad_p05","rb_spawn_mad_p05",100,TRUE,"REVL","RB","rear",56,0,23,33,9,9,9,9,0.410714285714286,0.160714285714286,0.160714285714286,0.160714285714286,0.160714285714286,0,0,56,9,56,9,0.160714285714286,0.160714285714286,19.66,8.07,8.2,,,,,,FALSE,"mad"
"rb_spawn_mad_p05","score302_rb_spawn_mad_p05","rb_spawn_mad_p05",100,TRUE,"SIML","RB","any",514,0,407,107,282,335,343,343,0.791828793774319,0.54863813229572,0.651750972762646,0.667315175097276,0.667315175097276,0,0,514,282,514,343,0.54863813229572,0.667315175097276,4621.52,1230.25,1849.68,,,,,,FALSE,"mad"
"rb_spawn_mad_p05","score302_rb_spawn_mad_p05","rb_spawn_mad_p05",100,TRUE,"SIML","RB","spawn",44,0,24,20,10,12,14,14,0.545454545454545,0.227272727272727,0.272727272727273,0.318181818181818,0.318181818181818,0,0,44,10,44,14,0.227272727272727,0.318181818181818,4621.52,1230.25,1849.68,,,,,,FALSE,"mad"
"rb_spawn_mad_p05","score302_rb_spawn_mad_p05","rb_spawn_mad_p05",100,TRUE,"SIML","RB","rear",161,0,115,46,72,90,90,90,0.714285714285714,0.447204968944099,0.559006211180124,0.559006211180124,0.559006211180124,0,0,161,72,161,90,0.447204968944099,0.559006211180124,4621.52,1230.25,1849.68,,,,,,FALSE,"mad"
"rb_spawn_mad_p02","score302_rb_spawn_mad_p02","rb_spawn_mad_p02",0,TRUE,"ELKR","RB","any",34,0,33,1,28,33,33,33,0.970588235294118,0.823529411764706,0.970588235294118,0.970588235294118,0.970588235294118,0,0,34,28,34,33,0.823529411764706,0.970588235294118,2515.89,1670.25,2031.29,,,,,,FALSE,"mad"
"rb_spawn_mad_p02","score302_rb_spawn_mad_p02","rb_spawn_mad_p02",0,TRUE,"ELKR","RB","spawn",0,0,0,0,0,0,0,0,,,,,,0,0,0,0,0,0,,,2515.89,1670.25,2031.29,,,,,,FALSE,"mad"
"rb_spawn_mad_p02","score302_rb_spawn_mad_p02","rb_spawn_mad_p02",0,TRUE,"ELKR","RB","rear",11,0,11,0,9,11,11,11,1,0.818181818181818,1,1,1,0,0,11,9,11,11,0.818181818181818,1,2515.89,1670.25,2031.29,,,,,,FALSE,"mad"
"rb_spawn_mad_p02","score302_rb_spawn_mad_p02","rb_spawn_mad_p02",0,TRUE,"KETL","RB","any",456,0,393,63,223,287,305,310,0.861842105263158,0.489035087719298,0.629385964912281,0.668859649122807,0.679824561403509,0,0,456,223,456,305,0.489035087719298,0.668859649122807,5792.57,1961.73,2654.92,,,,,,FALSE,"mad"
"rb_spawn_mad_p02","score302_rb_spawn_mad_p02","rb_spawn_mad_p02",0,TRUE,"KETL","RB","spawn",61,0,55,6,23,31,49,49,0.901639344262295,0.377049180327869,0.508196721311475,0.80327868852459,0.80327868852459,0,0,61,23,61,49,0.377049180327869,0.80327868852459,5792.57,1961.73,2654.92,,,,,,FALSE,"mad"
"rb_spawn_mad_p02","score302_rb_spawn_mad_p02","rb_spawn_mad_p02",0,TRUE,"KETL","RB","rear",217,0,184,33,95,133,135,137,0.847926267281106,0.43778801843318,0.612903225806452,0.622119815668203,0.631336405529954,0,0,217,95,217,135,0.43778801843318,0.622119815668203,5792.57,1961.73,2654.92,,,,,,FALSE,"mad"
"rb_spawn_mad_p02","score302_rb_spawn_mad_p02","rb_spawn_mad_p02",0,TRUE,"KOTL","RB","any",415,0,345,70,167,211,225,227,0.831325301204819,0.402409638554217,0.508433734939759,0.542168674698795,0.546987951807229,0,0,415,167,415,225,0.402409638554217,0.542168674698795,3614.72,1173.16,1627.63,,,,,,FALSE,"mad"
"rb_spawn_mad_p02","score302_rb_spawn_mad_p02","rb_spawn_mad_p02",0,TRUE,"KOTL","RB","spawn",18,0,18,0,7,11,13,13,1,0.388888888888889,0.611111111111111,0.722222222222222,0.722222222222222,0,0,18,7,18,13,0.388888888888889,0.722222222222222,3614.72,1173.16,1627.63,,,,,,FALSE,"mad"
"rb_spawn_mad_p02","score302_rb_spawn_mad_p02","rb_spawn_mad_p02",0,TRUE,"KOTL","RB","rear",196,0,147,49,58,77,77,78,0.75,0.295918367346939,0.392857142857143,0.392857142857143,0.397959183673469,0,0,196,58,196,77,0.295918367346939,0.392857142857143,3614.72,1173.16,1627.63,,,,,,FALSE,"mad"
"rb_spawn_mad_p02","score302_rb_spawn_mad_p02","rb_spawn_mad_p02",0,TRUE,"KOTR","RB","any",43,0,28,15,17,23,24,24,0.651162790697674,0.395348837209302,0.534883720930233,0.558139534883721,0.558139534883721,0,0,43,17,43,24,0.395348837209302,0.558139534883721,1281.96,560.9,704.06,,,,,,FALSE,"mad"
"rb_spawn_mad_p02","score302_rb_spawn_mad_p02","rb_spawn_mad_p02",0,TRUE,"KOTR","RB","spawn",1,0,0,1,0,0,0,0,0,0,0,0,0,0,0,1,0,1,0,0,0,1281.96,560.9,704.06,,,,,,FALSE,"mad"
"rb_spawn_mad_p02","score302_rb_spawn_mad_p02","rb_spawn_mad_p02",0,TRUE,"KOTR","RB","rear",9,0,7,2,4,6,6,6,0.777777777777778,0.444444444444444,0.666666666666667,0.666666666666667,0.666666666666667,0,0,9,4,9,6,0.444444444444444,0.666666666666667,1281.96,560.9,704.06,,,,,,FALSE,"mad"
"rb_spawn_mad_p02","score302_rb_spawn_mad_p02","rb_spawn_mad_p02",0,TRUE,"OKAN","RB","any",626,0,489,137,326,380,393,396,0.781150159744409,0.520766773162939,0.60702875399361,0.62779552715655,0.63258785942492,0,0,626,326,626,393,0.520766773162939,0.62779552715655,4718.82,1261.39,1605.09,,,,,,FALSE,"mad"
"rb_spawn_mad_p02","score302_rb_spawn_mad_p02","rb_spawn_mad_p02",0,TRUE,"OKAN","RB","spawn",67,0,29,38,16,21,23,24,0.432835820895522,0.238805970149254,0.313432835820896,0.343283582089552,0.358208955223881,0,0,67,16,67,23,0.238805970149254,0.343283582089552,4718.82,1261.39,1605.09,,,,,,FALSE,"mad"
"rb_spawn_mad_p02","score302_rb_spawn_mad_p02","rb_spawn_mad_p02",0,TRUE,"OKAN","RB","rear",216,0,190,26,146,161,161,161,0.87962962962963,0.675925925925926,0.74537037037037,0.74537037037037,0.74537037037037,0,0,216,146,216,161,0.675925925925926,0.74537037037037,4718.82,1261.39,1605.09,,,,,,FALSE,"mad"
"rb_spawn_mad_p02","score302_rb_spawn_mad_p02","rb_spawn_mad_p02",0,TRUE,"PARS","RB","any",282,0,0,282,215,244,244,245,0,0.76241134751773,0.865248226950355,0.865248226950355,0.868794326241135,0,0,282,215,282,244,0.76241134751773,0.865248226950355,,2460.88,3267.88,,,,,,FALSE,"mad"
"rb_spawn_mad_p02","score302_rb_spawn_mad_p02","rb_spawn_mad_p02",0,TRUE,"PARS","RB","spawn",1,0,0,1,1,1,1,1,0,1,1,1,1,0,0,1,1,1,1,1,1,,2460.88,3267.88,,,,,,FALSE,"mad"
"rb_spawn_mad_p02","score302_rb_spawn_mad_p02","rb_spawn_mad_p02",0,TRUE,"PARS","RB","rear",178,0,0,178,123,147,147,147,0,0.691011235955056,0.825842696629214,0.825842696629214,0.825842696629214,0,0,178,123,178,147,0.691011235955056,0.825842696629214,,2460.88,3267.88,,,,,,FALSE,"mad"
"rb_spawn_mad_p02","score302_rb_spawn_mad_p02","rb_spawn_mad_p02",0,TRUE,"REVL","RB","any",218,0,90,128,18,19,19,19,0.412844036697248,0.0825688073394495,0.0871559633027523,0.0871559633027523,0.0871559633027523,0,0,218,18,218,19,0.0825688073394495,0.0871559633027523,19.66,8.09,8.2,,,,,,FALSE,"mad"
"rb_spawn_mad_p02","score302_rb_spawn_mad_p02","rb_spawn_mad_p02",0,TRUE,"REVL","RB","spawn",2,0,0,2,0,0,0,0,0,0,0,0,0,0,0,2,0,2,0,0,0,19.66,8.09,8.2,,,,,,FALSE,"mad"
"rb_spawn_mad_p02","score302_rb_spawn_mad_p02","rb_spawn_mad_p02",0,TRUE,"REVL","RB","rear",56,0,23,33,8,9,9,9,0.410714285714286,0.142857142857143,0.160714285714286,0.160714285714286,0.160714285714286,0,0,56,8,56,9,0.142857142857143,0.160714285714286,19.66,8.09,8.2,,,,,,FALSE,"mad"
"rb_spawn_mad_p02","score302_rb_spawn_mad_p02","rb_spawn_mad_p02",0,TRUE,"SIML","RB","any",514,0,407,107,269,325,334,337,0.791828793774319,0.523346303501946,0.632295719844358,0.649805447470817,0.655642023346304,0,0,514,269,514,334,0.523346303501946,0.649805447470817,4621.52,1348.53,1849.68,,,,,,FALSE,"mad"
"rb_spawn_mad_p02","score302_rb_spawn_mad_p02","rb_spawn_mad_p02",0,TRUE,"SIML","RB","spawn",44,0,24,20,9,11,14,14,0.545454545454545,0.204545454545455,0.25,0.318181818181818,0.318181818181818,0,0,44,9,44,14,0.204545454545455,0.318181818181818,4621.52,1348.53,1849.68,,,,,,FALSE,"mad"
"rb_spawn_mad_p02","score302_rb_spawn_mad_p02","rb_spawn_mad_p02",0,TRUE,"SIML","RB","rear",161,0,115,46,68,87,87,89,0.714285714285714,0.422360248447205,0.540372670807453,0.540372670807453,0.552795031055901,0,0,161,68,161,87,0.422360248447205,0.540372670807453,4621.52,1348.53,1849.68,,,,,,FALSE,"mad"
"rb_spawn_mad_p02","score302_rb_spawn_mad_p02","rb_spawn_mad_p02",100,TRUE,"ELKR","RB","any",34,0,33,1,30,33,33,33,0.970588235294118,0.88235294117647,0.970588235294118,0.970588235294118,0.970588235294118,0,0,34,30,34,33,0.88235294117647,0.970588235294118,2515.89,1670.25,2031.29,,,,,,FALSE,"mad"
"rb_spawn_mad_p02","score302_rb_spawn_mad_p02","rb_spawn_mad_p02",100,TRUE,"ELKR","RB","spawn",0,0,0,0,0,0,0,0,,,,,,0,0,0,0,0,0,,,2515.89,1670.25,2031.29,,,,,,FALSE,"mad"
"rb_spawn_mad_p02","score302_rb_spawn_mad_p02","rb_spawn_mad_p02",100,TRUE,"ELKR","RB","rear",11,0,11,0,9,11,11,11,1,0.818181818181818,1,1,1,0,0,11,9,11,11,0.818181818181818,1,2515.89,1670.25,2031.29,,,,,,FALSE,"mad"
"rb_spawn_mad_p02","score302_rb_spawn_mad_p02","rb_spawn_mad_p02",100,TRUE,"KETL","RB","any",456,0,393,63,236,308,321,326,0.861842105263158,0.517543859649123,0.675438596491228,0.703947368421053,0.714912280701754,0,0,456,236,456,321,0.517543859649123,0.703947368421053,5792.57,1961.73,2654.92,,,,,,FALSE,"mad"
"rb_spawn_mad_p02","score302_rb_spawn_mad_p02","rb_spawn_mad_p02",100,TRUE,"KETL","RB","spawn",61,0,55,6,24,37,50,50,0.901639344262295,0.39344262295082,0.60655737704918,0.819672131147541,0.819672131147541,0,0,61,24,61,50,0.39344262295082,0.819672131147541,5792.57,1961.73,2654.92,,,,,,FALSE,"mad"
"rb_spawn_mad_p02","score302_rb_spawn_mad_p02","rb_spawn_mad_p02",100,TRUE,"KETL","RB","rear",217,0,184,33,100,140,142,144,0.847926267281106,0.460829493087558,0.645161290322581,0.654377880184332,0.663594470046083,0,0,217,100,217,142,0.460829493087558,0.654377880184332,5792.57,1961.73,2654.92,,,,,,FALSE,"mad"
"rb_spawn_mad_p02","score302_rb_spawn_mad_p02","rb_spawn_mad_p02",100,TRUE,"KOTL","RB","any",415,0,345,70,191,230,238,241,0.831325301204819,0.460240963855422,0.55421686746988,0.573493975903615,0.580722891566265,0,0,415,191,415,238,0.460240963855422,0.573493975903615,3614.72,1173.16,1627.63,,,,,,FALSE,"mad"
"rb_spawn_mad_p02","score302_rb_spawn_mad_p02","rb_spawn_mad_p02",100,TRUE,"KOTL","RB","spawn",18,0,18,0,10,13,14,14,1,0.555555555555556,0.722222222222222,0.777777777777778,0.777777777777778,0,0,18,10,18,14,0.555555555555556,0.777777777777778,3614.72,1173.16,1627.63,,,,,,FALSE,"mad"
"rb_spawn_mad_p02","score302_rb_spawn_mad_p02","rb_spawn_mad_p02",100,TRUE,"KOTL","RB","rear",196,0,147,49,63,82,82,84,0.75,0.321428571428571,0.418367346938776,0.418367346938776,0.428571428571429,0,0,196,63,196,82,0.321428571428571,0.418367346938776,3614.72,1173.16,1627.63,,,,,,FALSE,"mad"
"rb_spawn_mad_p02","score302_rb_spawn_mad_p02","rb_spawn_mad_p02",100,TRUE,"KOTR","RB","any",43,0,28,15,18,24,25,25,0.651162790697674,0.418604651162791,0.558139534883721,0.581395348837209,0.581395348837209,0,0,43,18,43,25,0.418604651162791,0.581395348837209,1281.96,560.9,704.06,,,,,,FALSE,"mad"
"rb_spawn_mad_p02","score302_rb_spawn_mad_p02","rb_spawn_mad_p02",100,TRUE,"KOTR","RB","spawn",1,0,0,1,0,0,0,0,0,0,0,0,0,0,0,1,0,1,0,0,0,1281.96,560.9,704.06,,,,,,FALSE,"mad"
"rb_spawn_mad_p02","score302_rb_spawn_mad_p02","rb_spawn_mad_p02",100,TRUE,"KOTR","RB","rear",9,0,7,2,4,6,6,6,0.777777777777778,0.444444444444444,0.666666666666667,0.666666666666667,0.666666666666667,0,0,9,4,9,6,0.444444444444444,0.666666666666667,1281.96,560.9,704.06,,,,,,FALSE,"mad"
"rb_spawn_mad_p02","score302_rb_spawn_mad_p02","rb_spawn_mad_p02",100,TRUE,"OKAN","RB","any",626,0,489,137,346,396,404,407,0.781150159744409,0.552715654952077,0.63258785942492,0.645367412140575,0.650159744408946,0,0,626,346,626,404,0.552715654952077,0.645367412140575,4718.82,1261.39,1605.09,,,,,,FALSE,"mad"
"rb_spawn_mad_p02","score302_rb_spawn_mad_p02","rb_spawn_mad_p02",100,TRUE,"OKAN","RB","spawn",67,0,29,38,19,23,24,25,0.432835820895522,0.283582089552239,0.343283582089552,0.358208955223881,0.373134328358209,0,0,67,19,67,24,0.283582089552239,0.358208955223881,4718.82,1261.39,1605.09,,,,,,FALSE,"mad"
"rb_spawn_mad_p02","score302_rb_spawn_mad_p02","rb_spawn_mad_p02",100,TRUE,"OKAN","RB","rear",216,0,190,26,151,164,164,164,0.87962962962963,0.699074074074074,0.759259259259259,0.759259259259259,0.759259259259259,0,0,216,151,216,164,0.699074074074074,0.759259259259259,4718.82,1261.39,1605.09,,,,,,FALSE,"mad"
"rb_spawn_mad_p02","score302_rb_spawn_mad_p02","rb_spawn_mad_p02",100,TRUE,"PARS","RB","any",282,0,0,282,218,245,245,246,0,0.773049645390071,0.868794326241135,0.868794326241135,0.872340425531915,0,0,282,218,282,245,0.773049645390071,0.868794326241135,,2460.88,3267.88,,,,,,FALSE,"mad"
"rb_spawn_mad_p02","score302_rb_spawn_mad_p02","rb_spawn_mad_p02",100,TRUE,"PARS","RB","spawn",1,0,0,1,1,1,1,1,0,1,1,1,1,0,0,1,1,1,1,1,1,,2460.88,3267.88,,,,,,FALSE,"mad"
"rb_spawn_mad_p02","score302_rb_spawn_mad_p02","rb_spawn_mad_p02",100,TRUE,"PARS","RB","rear",178,0,0,178,126,148,148,148,0,0.707865168539326,0.831460674157303,0.831460674157303,0.831460674157303,0,0,178,126,178,148,0.707865168539326,0.831460674157303,,2460.88,3267.88,,,,,,FALSE,"mad"
"rb_spawn_mad_p02","score302_rb_spawn_mad_p02","rb_spawn_mad_p02",100,TRUE,"REVL","RB","any",218,0,90,128,19,19,19,19,0.412844036697248,0.0871559633027523,0.0871559633027523,0.0871559633027523,0.0871559633027523,0,0,218,19,218,19,0.0871559633027523,0.0871559633027523,19.66,8.09,8.2,,,,,,FALSE,"mad"
"rb_spawn_mad_p02","score302_rb_spawn_mad_p02","rb_spawn_mad_p02",100,TRUE,"REVL","RB","spawn",2,0,0,2,0,0,0,0,0,0,0,0,0,0,0,2,0,2,0,0,0,19.66,8.09,8.2,,,,,,FALSE,"mad"
"rb_spawn_mad_p02","score302_rb_spawn_mad_p02","rb_spawn_mad_p02",100,TRUE,"REVL","RB","rear",56,0,23,33,9,9,9,9,0.410714285714286,0.160714285714286,0.160714285714286,0.160714285714286,0.160714285714286,0,0,56,9,56,9,0.160714285714286,0.160714285714286,19.66,8.09,8.2,,,,,,FALSE,"mad"
"rb_spawn_mad_p02","score302_rb_spawn_mad_p02","rb_spawn_mad_p02",100,TRUE,"SIML","RB","any",514,0,407,107,288,335,343,349,0.791828793774319,0.560311284046693,0.651750972762646,0.667315175097276,0.678988326848249,0,0,514,288,514,343,0.560311284046693,0.667315175097276,4621.52,1348.53,1849.68,,,,,,FALSE,"mad"
"rb_spawn_mad_p02","score302_rb_spawn_mad_p02","rb_spawn_mad_p02",100,TRUE,"SIML","RB","spawn",44,0,24,20,12,12,14,16,0.545454545454545,0.272727272727273,0.272727272727273,0.318181818181818,0.363636363636364,0,0,44,12,44,14,0.272727272727273,0.318181818181818,4621.52,1348.53,1849.68,,,,,,FALSE,"mad"
"rb_spawn_mad_p02","score302_rb_spawn_mad_p02","rb_spawn_mad_p02",100,TRUE,"SIML","RB","rear",161,0,115,46,75,90,90,93,0.714285714285714,0.46583850931677,0.559006211180124,0.559006211180124,0.577639751552795,0,0,161,75,161,90,0.46583850931677,0.559006211180124,4621.52,1348.53,1849.68,,,,,,FALSE,"mad"
