10:04:42 base: default_tuned, 20 WSGs (focal REVL,ELKR,KOTR,UARL,MURR,UBTN,LHAF,PARS,KOTL,SIML,OKAN,KETL) into score300_default_tuned
10:04:42 base KETL: already persisted, skipped
NOTICE:  schema "score300_default_tuned" already exists, skipping

NOTICE:  relation "log" already exists, skipping

NOTICE:  column "run_id" of relation "log" already exists, skipping

NOTICE:  column "watershed_group_code" of relation "log" already exists, skipping

NOTICE:  column "date_start" of relation "log" already exists, skipping

NOTICE:  column "date_end" of relation "log" already exists, skipping

NOTICE:  column "run_uid" of relation "log" already exists, skipping

NOTICE:  column "run_label" of relation "log" already exists, skipping

NOTICE:  column "host" of relation "log" already exists, skipping

NOTICE:  column "config_name" of relation "log" already exists, skipping

NOTICE:  column "config_hash" of relation "log" already exists, skipping

NOTICE:  column "config_drift" of relation "log" already exists, skipping

NOTICE:  column "link_version" of relation "log" already exists, skipping

NOTICE:  column "link_sha" of relation "log" already exists, skipping

NOTICE:  column "link_dirty" of relation "log" already exists, skipping

NOTICE:  column "fresh_version" of relation "log" already exists, skipping

NOTICE:  column "fresh_sha" of relation "log" already exists, skipping

NOTICE:  column "fresh_dirty" of relation "log" already exists, skipping

NOTICE:  column "fresh_sha_source" of relation "log" already exists, skipping

NOTICE:  column "crate_version" of relation "log" already exists, skipping

NOTICE:  column "fwapg_sha" of relation "log" already exists, skipping

NOTICE:  column "bcfishobs_sha" of relation "log" already exists, skipping

NOTICE:  column "arg_dams" of relation "log" already exists, skipping

NOTICE:  column "arg_mapping_code" of relation "log" already exists, skipping

NOTICE:  column "arg_cleanup_working" of relation "log" already exists, skipping

NOTICE:  column "schema_persist" of relation "log" already exists, skipping

NOTICE:  column "species" of relation "log" already exists, skipping

NOTICE:  column "wsg_upstream" of relation "log" already exists, skipping

NOTICE:  column "bcfp_model_run_id" of relation "log" already exists, skipping

NOTICE:  column "bcfp_model_version" of relation "log" already exists, skipping

NOTICE:  column "bcfp_pin_source" of relation "log" already exists, skipping

NOTICE:  column "notes" of relation "log" already exists, skipping

NOTICE:  relation "log_recompute" already exists, skipping

NOTICE:  column "recompute_id" of relation "log_recompute" already exists, skipping

NOTICE:  column "watershed_group_code" of relation "log_recompute" already exists, skipping

NOTICE:  column "date_start" of relation "log_recompute" already exists, skipping

NOTICE:  column "date_end" of relation "log_recompute" already exists, skipping

NOTICE:  column "run_uid" of relation "log_recompute" already exists, skipping

NOTICE:  column "run_label" of relation "log_recompute" already exists, skipping

NOTICE:  column "host" of relation "log_recompute" already exists, skipping

NOTICE:  column "config_name" of relation "log_recompute" already exists, skipping

NOTICE:  column "config_hash" of relation "log_recompute" already exists, skipping

NOTICE:  column "link_version" of relation "log_recompute" already exists, skipping

NOTICE:  column "link_sha" of relation "log_recompute" already exists, skipping

NOTICE:  column "link_dirty" of relation "log_recompute" already exists, skipping

NOTICE:  column "fresh_version" of relation "log_recompute" already exists, skipping

NOTICE:  column "fresh_sha" of relation "log_recompute" already exists, skipping

NOTICE:  column "fresh_dirty" of relation "log_recompute" already exists, skipping

NOTICE:  column "fresh_sha_source" of relation "log_recompute" already exists, skipping

NOTICE:  column "crate_version" of relation "log_recompute" already exists, skipping

NOTICE:  column "fwapg_sha" of relation "log_recompute" already exists, skipping

NOTICE:  column "bcfishobs_sha" of relation "log_recompute" already exists, skipping

NOTICE:  column "schema_persist" of relation "log_recompute" already exists, skipping

NOTICE:  column "species" of relation "log_recompute" already exists, skipping

NOTICE:  column "views_prebuilt" of relation "log_recompute" already exists, skipping

NOTICE:  column "notes" of relation "log_recompute" already exists, skipping

NOTICE:  relation "log_input" already exists, skipping

NOTICE:  column "run_id" of relation "log_input" already exists, skipping

NOTICE:  column "watershed_group_code" of relation "log_input" already exists, skipping

NOTICE:  column "table_name" of relation "log_input" already exists, skipping

NOTICE:  column "row_count" of relation "log_input" already exists, skipping

NOTICE:  column "row_count_estimated" of relation "log_input" already exists, skipping

NOTICE:  column "size_bytes" of relation "log_input" already exists, skipping

NOTICE:  column "last_analyze" of relation "log_input" already exists, skipping

NOTICE:  column "source" of relation "log_input" already exists, skipping

NOTICE:  column "source_at" of relation "log_input" already exists, skipping

NOTICE:  relation "log_parameters_fresh" already exists, skipping

NOTICE:  column "config_hash" of relation "log_parameters_fresh" already exists, skipping

NOTICE:  column "species_code" of relation "log_parameters_fresh" already exists, skipping

NOTICE:  column "access_gradient_max" of relation "log_parameters_fresh" already exists, skipping

NOTICE:  column "spawn_gradient_min" of relation "log_parameters_fresh" already exists, skipping

NOTICE:  column "rear_gradient_min" of relation "log_parameters_fresh" already exists, skipping

NOTICE:  column "cluster_rearing" of relation "log_parameters_fresh" already exists, skipping

NOTICE:  column "cluster_direction" of relation "log_parameters_fresh" already exists, skipping

NOTICE:  column "cluster_bridge_gradient" of relation "log_parameters_fresh" already exists, skipping

NOTICE:  column "cluster_bridge_distance" of relation "log_parameters_fresh" already exists, skipping

NOTICE:  column "cluster_confluence_m" of relation "log_parameters_fresh" already exists, skipping

NOTICE:  column "cluster_spawning" of relation "log_parameters_fresh" already exists, skipping

NOTICE:  column "cluster_spawn_direction" of relation "log_parameters_fresh" already exists, skipping

NOTICE:  column "cluster_spawn_bridge_gradient" of relation "log_parameters_fresh" already exists, skipping

NOTICE:  column "cluster_spawn_bridge_distance" of relation "log_parameters_fresh" already exists, skipping

NOTICE:  column "cluster_spawn_confluence_m" of relation "log_parameters_fresh" already exists, skipping

NOTICE:  column "observation_threshold" of relation "log_parameters_fresh" already exists, skipping

NOTICE:  column "observation_date_min" of relation "log_parameters_fresh" already exists, skipping

NOTICE:  column "observation_buffer_m" of relation "log_parameters_fresh" already exists, skipping

NOTICE:  column "observation_species" of relation "log_parameters_fresh" already exists, skipping

NOTICE:  column "observation_control_apply" of relation "log_parameters_fresh" already exists, skipping

NOTICE:  relation "log_parameters_habitat_thresholds" already exists, skipping

NOTICE:  column "config_hash" of relation "log_parameters_habitat_thresholds" already exists, skipping

NOTICE:  column "species_code" of relation "log_parameters_habitat_thresholds" already exists, skipping

NOTICE:  column "spawn_gradient_max" of relation "log_parameters_habitat_thresholds" already exists, skipping

NOTICE:  column "spawn_channel_width_min" of relation "log_parameters_habitat_thresholds" already exists, skipping

NOTICE:  column "spawn_channel_width_max" of relation "log_parameters_habitat_thresholds" already exists, skipping

NOTICE:  column "spawn_mad_min" of relation "log_parameters_habitat_thresholds" already exists, skipping

NOTICE:  column "spawn_mad_max" of relation "log_parameters_habitat_thresholds" already exists, skipping

NOTICE:  column "rear_gradient_max" of relation "log_parameters_habitat_thresholds" already exists, skipping

NOTICE:  column "rear_channel_width_min" of relation "log_parameters_habitat_thresholds" already exists, skipping

NOTICE:  column "rear_channel_width_max" of relation "log_parameters_habitat_thresholds" already exists, skipping

NOTICE:  column "rear_mad_min" of relation "log_parameters_habitat_thresholds" already exists, skipping

NOTICE:  column "rear_mad_max" of relation "log_parameters_habitat_thresholds" already exists, skipping

NOTICE:  column "rear_lake_ha_min" of relation "log_parameters_habitat_thresholds" already exists, skipping

NOTICE:  column "spawn_edge_types" of relation "log_parameters_habitat_thresholds" already exists, skipping

NOTICE:  column "rear_edge_types" of relation "log_parameters_habitat_thresholds" already exists, skipping

NOTICE:  relation "log_dimensions" already exists, skipping

NOTICE:  column "config_hash" of relation "log_dimensions" already exists, skipping

NOTICE:  column "species" of relation "log_dimensions" already exists, skipping

NOTICE:  column "spawn_lake" of relation "log_dimensions" already exists, skipping

NOTICE:  column "spawn_stream" of relation "log_dimensions" already exists, skipping

NOTICE:  column "spawn_stream_in_waterbody" of relation "log_dimensions" already exists, skipping

NOTICE:  column "rear_lake" of relation "log_dimensions" already exists, skipping

NOTICE:  column "rear_lake_only" of relation "log_dimensions" already exists, skipping

NOTICE:  column "rear_lake_area_only" of relation "log_dimensions" already exists, skipping

NOTICE:  column "rear_no_fw" of relation "log_dimensions" already exists, skipping

NOTICE:  column "rear_stream" of relation "log_dimensions" already exists, skipping

NOTICE:  column "rear_stream_in_waterbody" of relation "log_dimensions" already exists, skipping

NOTICE:  column "rear_wetland" of relation "log_dimensions" already exists, skipping

NOTICE:  column "rear_wetland_polygon" of relation "log_dimensions" already exists, skipping

NOTICE:  column "rear_wetland_area_only" of relation "log_dimensions" already exists, skipping

NOTICE:  column "rear_all_edges" of relation "log_dimensions" already exists, skipping

NOTICE:  column "river_skip_cw_min" of relation "log_dimensions" already exists, skipping

NOTICE:  column "rear_stream_order_bypass" of relation "log_dimensions" already exists, skipping

NOTICE:  column "rear_stream_order_parent_min" of relation "log_dimensions" already exists, skipping

NOTICE:  column "rear_stream_order_child_min" of relation "log_dimensions" already exists, skipping

NOTICE:  column "rear_stream_order_child_max" of relation "log_dimensions" already exists, skipping

NOTICE:  column "rear_stream_order_distance_max" of relation "log_dimensions" already exists, skipping

NOTICE:  column "spawn_requires_connected" of relation "log_dimensions" already exists, skipping

NOTICE:  column "spawn_connected_distance_max" of relation "log_dimensions" already exists, skipping

NOTICE:  column "spawn_connected_direction" of relation "log_dimensions" already exists, skipping

NOTICE:  column "spawn_connected_gradient_max" of relation "log_dimensions" already exists, skipping

NOTICE:  column "spawn_connected_cw_min" of relation "log_dimensions" already exists, skipping

NOTICE:  column "spawn_connected_edge_types" of relation "log_dimensions" already exists, skipping

NOTICE:  column "spawn_connected_lake_adjacent" of relation "log_dimensions" already exists, skipping

NOTICE:  column "rear_requires_connected" of relation "log_dimensions" already exists, skipping

NOTICE:  column "rear_connected_distance_max" of relation "log_dimensions" already exists, skipping

NOTICE:  column "rear_lake_ha_min" of relation "log_dimensions" already exists, skipping

NOTICE:  column "rear_wetland_ha_min" of relation "log_dimensions" already exists, skipping

NOTICE:  column "notes" of relation "log_dimensions" already exists, skipping

NOTICE:  relation "log_wsg_date_idx" already exists, skipping

NOTICE:  relation "log_config_idx" already exists, skipping

NOTICE:  relation "log_input_rn_idx" already exists, skipping

NOTICE:  relation "log_run_uid_idx" already exists, skipping

NOTICE:  relation "log_rc_run_uid_idx" already exists, skipping

NOTICE:  relation "log_rc_wsg_date_idx" already exists, skipping

NOTICE:  table "streams_habitat" does not exist, skipping

NOTICE:  table "streams_breaks" does not exist, skipping

NOTICE:  schema "fresh" already exists, skipping

NOTICE:  table "barriers_definite" does not exist, skipping

NOTICE:  table "barriers_definite_control" does not exist, skipping

NOTICE:  table "observations" does not exist, skipping

NOTICE:  table "streams_blk" does not exist, skipping

NOTICE:  table "gradient_barriers_raw" does not exist, skipping

NOTICE:  table "natural_barriers" does not exist, skipping

NOTICE:  table "barrier_overrides" does not exist, skipping

NOTICE:  table "barriers_bt" does not exist, skipping

NOTICE:  table "barriers_ch" does not exist, skipping

NOTICE:  table "barriers_cm" does not exist, skipping

NOTICE:  table "barriers_co" does not exist, skipping

NOTICE:  table "barriers_pk" does not exist, skipping

NOTICE:  table "barriers_sk" does not exist, skipping

NOTICE:  table "barriers_st" does not exist, skipping

NOTICE:  table "barriers_wct" does not exist, skipping

NOTICE:  table "barriers_ko" does not exist, skipping

NOTICE:  table "barriers_rb" does not exist, skipping

NOTICE:  table "barriers_gr" does not exist, skipping

NOTICE:  table "gradient_barriers_minimal" does not exist, skipping

NOTICE:  table "streams" does not exist, skipping

NOTICE:  table "streams_habitat" does not exist, skipping

NOTICE:  table "cabd_exclusions" does not exist, skipping

NOTICE:  table "cabd_blkey_xref" does not exist, skipping

NOTICE:  table "cabd_passability_status_updates" does not exist, skipping

NOTICE:  table "cabd_additions" does not exist, skipping

NOTICE:  table "cabd_dams_raw" does not exist, skipping

NOTICE:  table "dams" does not exist, skipping

NOTICE:  table "pscis_modelledcrossings_streams_xref" does not exist, skipping

NOTICE:  table "pscis_stream_candidates" does not exist, skipping

NOTICE:  table "pscis_streams_150m" does not exist, skipping

NOTICE:  table "pscis_picked" does not exist, skipping

NOTICE:  table "pscis" does not exist, skipping

NOTICE:  table "crossings_lookup" does not exist, skipping

NOTICE:  table "barriers_anthropogenic" does not exist, skipping

NOTICE:  table "barriers_pscis" does not exist, skipping

NOTICE:  table "barriers_dams" does not exist, skipping

NOTICE:  table "barriers_remediations" does not exist, skipping

NOTICE:  table "observations_breaks" does not exist, skipping

NOTICE:  table "habitat_endpoints" does not exist, skipping

NOTICE:  table "crossings_breaks" does not exist, skipping

NOTICE:  table "streams_breaks" does not exist, skipping

NOTICE:  relation "streams_id_segment_idx" already exists, skipping

NOTICE:  table "streams_acc_02" does not exist, skipping

NOTICE:  table "streams_acc_025" does not exist, skipping

NOTICE:  table "streams_acc_025_ovr_bt" does not exist, skipping

NOTICE:  table "streams_acc_02_ovr_wct" does not exist, skipping

NOTICE:  table "frs_clusters_bt" does not exist, skipping

NOTICE:  table "frs_clusters_wct" does not exist, skipping

NOTICE:  schema "score300_default_tuned" already exists, skipping

NOTICE:  relation "streams" already exists, skipping

NOTICE:  relation "streams_wsg_idx" already exists, skipping

NOTICE:  relation "streams_blk_idx" already exists, skipping

NOTICE:  relation "streams_geom_idx" already exists, skipping

NOTICE:  relation "streams_wbk_idx" already exists, skipping

NOTICE:  relation "streams_wscode_gist_idx" already exists, skipping

NOTICE:  relation "streams_wscode_btree_idx" already exists, skipping

NOTICE:  relation "streams_localcode_gist_idx" already exists, skipping

NOTICE:  relation "streams_localcode_btree_idx" already exists, skipping

NOTICE:  relation "streams_habitat_bt" already exists, skipping

NOTICE:  relation "streams_habitat_bt_wsg_idx" already exists, skipping

NOTICE:  relation "streams_habitat_ch" already exists, skipping

NOTICE:  relation "streams_habitat_ch_wsg_idx" already exists, skipping

NOTICE:  relation "streams_habitat_cm" already exists, skipping

NOTICE:  relation "streams_habitat_cm_wsg_idx" already exists, skipping

NOTICE:  relation "streams_habitat_co" already exists, skipping

NOTICE:  relation "streams_habitat_co_wsg_idx" already exists, skipping

NOTICE:  relation "streams_habitat_pk" already exists, skipping

NOTICE:  relation "streams_habitat_pk_wsg_idx" already exists, skipping

NOTICE:  relation "streams_habitat_sk" already exists, skipping

NOTICE:  relation "streams_habitat_sk_wsg_idx" already exists, skipping

NOTICE:  relation "streams_habitat_st" already exists, skipping

NOTICE:  relation "streams_habitat_st_wsg_idx" already exists, skipping

NOTICE:  relation "streams_habitat_wct" already exists, skipping

NOTICE:  relation "streams_habitat_wct_wsg_idx" already exists, skipping

NOTICE:  relation "streams_habitat_ko" already exists, skipping

NOTICE:  relation "streams_habitat_ko_wsg_idx" already exists, skipping

NOTICE:  relation "streams_habitat_rb" already exists, skipping

NOTICE:  relation "streams_habitat_rb_wsg_idx" already exists, skipping

NOTICE:  relation "streams_habitat_gr" already exists, skipping

NOTICE:  relation "streams_habitat_gr_wsg_idx" already exists, skipping

NOTICE:  relation "barriers" already exists, skipping

NOTICE:  relation "barriers_wsg_idx" already exists, skipping

NOTICE:  relation "barriers_blocks_idx" already exists, skipping

NOTICE:  relation "barriers_source_idx" already exists, skipping

NOTICE:  relation "barriers_blk_drm_idx" already exists, skipping

NOTICE:  relation "barriers_geom_idx" already exists, skipping

NOTICE:  relation "barriers_wscode_gist_idx" already exists, skipping

NOTICE:  relation "barriers_wscode_btree_idx" already exists, skipping

NOTICE:  relation "barriers_localcode_gist_idx" already exists, skipping

NOTICE:  relation "barriers_localcode_btree_idx" already exists, skipping

NOTICE:  relation "barrier_overrides" already exists, skipping

NOTICE:  relation "barrier_overrides_wsg_idx" already exists, skipping

NOTICE:  relation "barrier_overrides_blk_drm_idx" already exists, skipping

NOTICE:  relation "streams_access" already exists, skipping

NOTICE:  relation "streams_access_wsg_idx" already exists, skipping

NOTICE:  relation "streams_mapping_code" already exists, skipping

NOTICE:  relation "streams_mapping_code_wsg_idx" already exists, skipping

NOTICE:  schema "score300_default_tuned" already exists, skipping

NOTICE:  relation "log" already exists, skipping

NOTICE:  column "run_id" of relation "log" already exists, skipping

NOTICE:  column "watershed_group_code" of relation "log" already exists, skipping

NOTICE:  column "date_start" of relation "log" already exists, skipping

NOTICE:  column "date_end" of relation "log" already exists, skipping

NOTICE:  column "run_uid" of relation "log" already exists, skipping

NOTICE:  column "run_label" of relation "log" already exists, skipping

NOTICE:  column "host" of relation "log" already exists, skipping

NOTICE:  column "config_name" of relation "log" already exists, skipping

NOTICE:  column "config_hash" of relation "log" already exists, skipping

NOTICE:  column "config_drift" of relation "log" already exists, skipping

NOTICE:  column "link_version" of relation "log" already exists, skipping

NOTICE:  column "link_sha" of relation "log" already exists, skipping

NOTICE:  column "link_dirty" of relation "log" already exists, skipping

NOTICE:  column "fresh_version" of relation "log" already exists, skipping

NOTICE:  column "fresh_sha" of relation "log" already exists, skipping

NOTICE:  column "fresh_dirty" of relation "log" already exists, skipping

NOTICE:  column "fresh_sha_source" of relation "log" already exists, skipping

NOTICE:  column "crate_version" of relation "log" already exists, skipping

NOTICE:  column "fwapg_sha" of relation "log" already exists, skipping

NOTICE:  column "bcfishobs_sha" of relation "log" already exists, skipping

NOTICE:  column "arg_dams" of relation "log" already exists, skipping

NOTICE:  column "arg_mapping_code" of relation "log" already exists, skipping

NOTICE:  column "arg_cleanup_working" of relation "log" already exists, skipping

NOTICE:  column "schema_persist" of relation "log" already exists, skipping

NOTICE:  column "species" of relation "log" already exists, skipping

NOTICE:  column "wsg_upstream" of relation "log" already exists, skipping

NOTICE:  column "bcfp_model_run_id" of relation "log" already exists, skipping

NOTICE:  column "bcfp_model_version" of relation "log" already exists, skipping

NOTICE:  column "bcfp_pin_source" of relation "log" already exists, skipping

NOTICE:  column "notes" of relation "log" already exists, skipping

NOTICE:  relation "log_recompute" already exists, skipping

NOTICE:  column "recompute_id" of relation "log_recompute" already exists, skipping

NOTICE:  column "watershed_group_code" of relation "log_recompute" already exists, skipping

NOTICE:  column "date_start" of relation "log_recompute" already exists, skipping

NOTICE:  column "date_end" of relation "log_recompute" already exists, skipping

NOTICE:  column "run_uid" of relation "log_recompute" already exists, skipping

NOTICE:  column "run_label" of relation "log_recompute" already exists, skipping

NOTICE:  column "host" of relation "log_recompute" already exists, skipping

NOTICE:  column "config_name" of relation "log_recompute" already exists, skipping

NOTICE:  column "config_hash" of relation "log_recompute" already exists, skipping

NOTICE:  column "link_version" of relation "log_recompute" already exists, skipping

NOTICE:  column "link_sha" of relation "log_recompute" already exists, skipping

NOTICE:  column "link_dirty" of relation "log_recompute" already exists, skipping

NOTICE:  column "fresh_version" of relation "log_recompute" already exists, skipping

NOTICE:  column "fresh_sha" of relation "log_recompute" already exists, skipping

NOTICE:  column "fresh_dirty" of relation "log_recompute" already exists, skipping

NOTICE:  column "fresh_sha_source" of relation "log_recompute" already exists, skipping

NOTICE:  column "crate_version" of relation "log_recompute" already exists, skipping

NOTICE:  column "fwapg_sha" of relation "log_recompute" already exists, skipping

NOTICE:  column "bcfishobs_sha" of relation "log_recompute" already exists, skipping

NOTICE:  column "schema_persist" of relation "log_recompute" already exists, skipping

NOTICE:  column "species" of relation "log_recompute" already exists, skipping

NOTICE:  column "views_prebuilt" of relation "log_recompute" already exists, skipping

NOTICE:  column "notes" of relation "log_recompute" already exists, skipping

NOTICE:  relation "log_input" already exists, skipping

NOTICE:  column "run_id" of relation "log_input" already exists, skipping

NOTICE:  column "watershed_group_code" of relation "log_input" already exists, skipping

NOTICE:  column "table_name" of relation "log_input" already exists, skipping

NOTICE:  column "row_count" of relation "log_input" already exists, skipping

NOTICE:  column "row_count_estimated" of relation "log_input" already exists, skipping

NOTICE:  column "size_bytes" of relation "log_input" already exists, skipping

NOTICE:  column "last_analyze" of relation "log_input" already exists, skipping

NOTICE:  column "source" of relation "log_input" already exists, skipping

NOTICE:  column "source_at" of relation "log_input" already exists, skipping

NOTICE:  relation "log_parameters_fresh" already exists, skipping

NOTICE:  column "config_hash" of relation "log_parameters_fresh" already exists, skipping

NOTICE:  column "species_code" of relation "log_parameters_fresh" already exists, skipping

NOTICE:  column "access_gradient_max" of relation "log_parameters_fresh" already exists, skipping

NOTICE:  column "spawn_gradient_min" of relation "log_parameters_fresh" already exists, skipping

NOTICE:  column "rear_gradient_min" of relation "log_parameters_fresh" already exists, skipping

NOTICE:  column "cluster_rearing" of relation "log_parameters_fresh" already exists, skipping

NOTICE:  column "cluster_direction" of relation "log_parameters_fresh" already exists, skipping

NOTICE:  column "cluster_bridge_gradient" of relation "log_parameters_fresh" already exists, skipping

NOTICE:  column "cluster_bridge_distance" of relation "log_parameters_fresh" already exists, skipping

NOTICE:  column "cluster_confluence_m" of relation "log_parameters_fresh" already exists, skipping

NOTICE:  column "cluster_spawning" of relation "log_parameters_fresh" already exists, skipping

NOTICE:  column "cluster_spawn_direction" of relation "log_parameters_fresh" already exists, skipping

NOTICE:  column "cluster_spawn_bridge_gradient" of relation "log_parameters_fresh" already exists, skipping

NOTICE:  column "cluster_spawn_bridge_distance" of relation "log_parameters_fresh" already exists, skipping

NOTICE:  column "cluster_spawn_confluence_m" of relation "log_parameters_fresh" already exists, skipping

NOTICE:  column "observation_threshold" of relation "log_parameters_fresh" already exists, skipping

NOTICE:  column "observation_date_min" of relation "log_parameters_fresh" already exists, skipping

NOTICE:  column "observation_buffer_m" of relation "log_parameters_fresh" already exists, skipping

NOTICE:  column "observation_species" of relation "log_parameters_fresh" already exists, skipping

NOTICE:  column "observation_control_apply" of relation "log_parameters_fresh" already exists, skipping

NOTICE:  relation "log_parameters_habitat_thresholds" already exists, skipping

NOTICE:  column "config_hash" of relation "log_parameters_habitat_thresholds" already exists, skipping

NOTICE:  column "species_code" of relation "log_parameters_habitat_thresholds" already exists, skipping

NOTICE:  column "spawn_gradient_max" of relation "log_parameters_habitat_thresholds" already exists, skipping

NOTICE:  column "spawn_channel_width_min" of relation "log_parameters_habitat_thresholds" already exists, skipping

NOTICE:  column "spawn_channel_width_max" of relation "log_parameters_habitat_thresholds" already exists, skipping

NOTICE:  column "spawn_mad_min" of relation "log_parameters_habitat_thresholds" already exists, skipping

NOTICE:  column "spawn_mad_max" of relation "log_parameters_habitat_thresholds" already exists, skipping

NOTICE:  column "rear_gradient_max" of relation "log_parameters_habitat_thresholds" already exists, skipping

NOTICE:  column "rear_channel_width_min" of relation "log_parameters_habitat_thresholds" already exists, skipping

NOTICE:  column "rear_channel_width_max" of relation "log_parameters_habitat_thresholds" already exists, skipping

NOTICE:  column "rear_mad_min" of relation "log_parameters_habitat_thresholds" already exists, skipping

NOTICE:  column "rear_mad_max" of relation "log_parameters_habitat_thresholds" already exists, skipping

NOTICE:  column "rear_lake_ha_min" of relation "log_parameters_habitat_thresholds" already exists, skipping

NOTICE:  column "spawn_edge_types" of relation "log_parameters_habitat_thresholds" already exists, skipping

NOTICE:  column "rear_edge_types" of relation "log_parameters_habitat_thresholds" already exists, skipping

NOTICE:  relation "log_dimensions" already exists, skipping

NOTICE:  column "config_hash" of relation "log_dimensions" already exists, skipping

NOTICE:  column "species" of relation "log_dimensions" already exists, skipping

NOTICE:  column "spawn_lake" of relation "log_dimensions" already exists, skipping

NOTICE:  column "spawn_stream" of relation "log_dimensions" already exists, skipping

NOTICE:  column "spawn_stream_in_waterbody" of relation "log_dimensions" already exists, skipping

NOTICE:  column "rear_lake" of relation "log_dimensions" already exists, skipping

NOTICE:  column "rear_lake_only" of relation "log_dimensions" already exists, skipping

NOTICE:  column "rear_lake_area_only" of relation "log_dimensions" already exists, skipping

NOTICE:  column "rear_no_fw" of relation "log_dimensions" already exists, skipping

NOTICE:  column "rear_stream" of relation "log_dimensions" already exists, skipping

NOTICE:  column "rear_stream_in_waterbody" of relation "log_dimensions" already exists, skipping

NOTICE:  column "rear_wetland" of relation "log_dimensions" already exists, skipping

NOTICE:  column "rear_wetland_polygon" of relation "log_dimensions" already exists, skipping

NOTICE:  column "rear_wetland_area_only" of relation "log_dimensions" already exists, skipping

NOTICE:  column "rear_all_edges" of relation "log_dimensions" already exists, skipping

NOTICE:  column "river_skip_cw_min" of relation "log_dimensions" already exists, skipping

NOTICE:  column "rear_stream_order_bypass" of relation "log_dimensions" already exists, skipping

NOTICE:  column "rear_stream_order_parent_min" of relation "log_dimensions" already exists, skipping

NOTICE:  column "rear_stream_order_child_min" of relation "log_dimensions" already exists, skipping

NOTICE:  column "rear_stream_order_child_max" of relation "log_dimensions" already exists, skipping

NOTICE:  column "rear_stream_order_distance_max" of relation "log_dimensions" already exists, skipping

NOTICE:  column "spawn_requires_connected" of relation "log_dimensions" already exists, skipping

NOTICE:  column "spawn_connected_distance_max" of relation "log_dimensions" already exists, skipping

NOTICE:  column "spawn_connected_direction" of relation "log_dimensions" already exists, skipping

NOTICE:  column "spawn_connected_gradient_max" of relation "log_dimensions" already exists, skipping

NOTICE:  column "spawn_connected_cw_min" of relation "log_dimensions" already exists, skipping

NOTICE:  column "spawn_connected_edge_types" of relation "log_dimensions" already exists, skipping

NOTICE:  column "spawn_connected_lake_adjacent" of relation "log_dimensions" already exists, skipping

NOTICE:  column "rear_requires_connected" of relation "log_dimensions" already exists, skipping

NOTICE:  column "rear_connected_distance_max" of relation "log_dimensions" already exists, skipping

NOTICE:  column "rear_lake_ha_min" of relation "log_dimensions" already exists, skipping

NOTICE:  column "rear_wetland_ha_min" of relation "log_dimensions" already exists, skipping

NOTICE:  column "notes" of relation "log_dimensions" already exists, skipping

NOTICE:  relation "log_wsg_date_idx" already exists, skipping

NOTICE:  relation "log_config_idx" already exists, skipping

NOTICE:  relation "log_input_rn_idx" already exists, skipping

NOTICE:  relation "log_run_uid_idx" already exists, skipping

NOTICE:  relation "log_rc_run_uid_idx" already exists, skipping

NOTICE:  relation "log_rc_wsg_date_idx" already exists, skipping

NOTICE:  table "barriers" does not exist, skipping

10:07:50 base LARL done in 3.1 min
10:07:50 base LPCE: already persisted, skipped
NOTICE:  schema "score300_default_tuned" already exists, skipping

NOTICE:  relation "log" already exists, skipping

NOTICE:  column "run_id" of relation "log" already exists, skipping

NOTICE:  column "watershed_group_code" of relation "log" already exists, skipping

NOTICE:  column "date_start" of relation "log" already exists, skipping

NOTICE:  column "date_end" of relation "log" already exists, skipping

NOTICE:  column "run_uid" of relation "log" already exists, skipping

NOTICE:  column "run_label" of relation "log" already exists, skipping

NOTICE:  column "host" of relation "log" already exists, skipping

NOTICE:  column "config_name" of relation "log" already exists, skipping

NOTICE:  column "config_hash" of relation "log" already exists, skipping

NOTICE:  column "config_drift" of relation "log" already exists, skipping

NOTICE:  column "link_version" of relation "log" already exists, skipping

NOTICE:  column "link_sha" of relation "log" already exists, skipping

NOTICE:  column "link_dirty" of relation "log" already exists, skipping

NOTICE:  column "fresh_version" of relation "log" already exists, skipping

NOTICE:  column "fresh_sha" of relation "log" already exists, skipping

NOTICE:  column "fresh_dirty" of relation "log" already exists, skipping

NOTICE:  column "fresh_sha_source" of relation "log" already exists, skipping

NOTICE:  column "crate_version" of relation "log" already exists, skipping

NOTICE:  column "fwapg_sha" of relation "log" already exists, skipping

NOTICE:  column "bcfishobs_sha" of relation "log" already exists, skipping

NOTICE:  column "arg_dams" of relation "log" already exists, skipping

NOTICE:  column "arg_mapping_code" of relation "log" already exists, skipping

NOTICE:  column "arg_cleanup_working" of relation "log" already exists, skipping

NOTICE:  column "schema_persist" of relation "log" already exists, skipping

NOTICE:  column "species" of relation "log" already exists, skipping

NOTICE:  column "wsg_upstream" of relation "log" already exists, skipping

NOTICE:  column "bcfp_model_run_id" of relation "log" already exists, skipping

NOTICE:  column "bcfp_model_version" of relation "log" already exists, skipping

NOTICE:  column "bcfp_pin_source" of relation "log" already exists, skipping

NOTICE:  column "notes" of relation "log" already exists, skipping

NOTICE:  relation "log_recompute" already exists, skipping

NOTICE:  column "recompute_id" of relation "log_recompute" already exists, skipping

NOTICE:  column "watershed_group_code" of relation "log_recompute" already exists, skipping

NOTICE:  column "date_start" of relation "log_recompute" already exists, skipping

NOTICE:  column "date_end" of relation "log_recompute" already exists, skipping

NOTICE:  column "run_uid" of relation "log_recompute" already exists, skipping

NOTICE:  column "run_label" of relation "log_recompute" already exists, skipping

NOTICE:  column "host" of relation "log_recompute" already exists, skipping

NOTICE:  column "config_name" of relation "log_recompute" already exists, skipping

NOTICE:  column "config_hash" of relation "log_recompute" already exists, skipping

NOTICE:  column "link_version" of relation "log_recompute" already exists, skipping

NOTICE:  column "link_sha" of relation "log_recompute" already exists, skipping

NOTICE:  column "link_dirty" of relation "log_recompute" already exists, skipping

NOTICE:  column "fresh_version" of relation "log_recompute" already exists, skipping

NOTICE:  column "fresh_sha" of relation "log_recompute" already exists, skipping

NOTICE:  column "fresh_dirty" of relation "log_recompute" already exists, skipping

NOTICE:  column "fresh_sha_source" of relation "log_recompute" already exists, skipping

NOTICE:  column "crate_version" of relation "log_recompute" already exists, skipping

NOTICE:  column "fwapg_sha" of relation "log_recompute" already exists, skipping

NOTICE:  column "bcfishobs_sha" of relation "log_recompute" already exists, skipping

NOTICE:  column "schema_persist" of relation "log_recompute" already exists, skipping

NOTICE:  column "species" of relation "log_recompute" already exists, skipping

NOTICE:  column "views_prebuilt" of relation "log_recompute" already exists, skipping

NOTICE:  column "notes" of relation "log_recompute" already exists, skipping

NOTICE:  relation "log_input" already exists, skipping

NOTICE:  column "run_id" of relation "log_input" already exists, skipping

NOTICE:  column "watershed_group_code" of relation "log_input" already exists, skipping

NOTICE:  column "table_name" of relation "log_input" already exists, skipping

NOTICE:  column "row_count" of relation "log_input" already exists, skipping

NOTICE:  column "row_count_estimated" of relation "log_input" already exists, skipping

NOTICE:  column "size_bytes" of relation "log_input" already exists, skipping

NOTICE:  column "last_analyze" of relation "log_input" already exists, skipping

NOTICE:  column "source" of relation "log_input" already exists, skipping

NOTICE:  column "source_at" of relation "log_input" already exists, skipping

NOTICE:  relation "log_parameters_fresh" already exists, skipping

NOTICE:  column "config_hash" of relation "log_parameters_fresh" already exists, skipping

NOTICE:  column "species_code" of relation "log_parameters_fresh" already exists, skipping

NOTICE:  column "access_gradient_max" of relation "log_parameters_fresh" already exists, skipping

NOTICE:  column "spawn_gradient_min" of relation "log_parameters_fresh" already exists, skipping

NOTICE:  column "rear_gradient_min" of relation "log_parameters_fresh" already exists, skipping

NOTICE:  column "cluster_rearing" of relation "log_parameters_fresh" already exists, skipping

NOTICE:  column "cluster_direction" of relation "log_parameters_fresh" already exists, skipping

NOTICE:  column "cluster_bridge_gradient" of relation "log_parameters_fresh" already exists, skipping

NOTICE:  column "cluster_bridge_distance" of relation "log_parameters_fresh" already exists, skipping

NOTICE:  column "cluster_confluence_m" of relation "log_parameters_fresh" already exists, skipping

NOTICE:  column "cluster_spawning" of relation "log_parameters_fresh" already exists, skipping

NOTICE:  column "cluster_spawn_direction" of relation "log_parameters_fresh" already exists, skipping

NOTICE:  column "cluster_spawn_bridge_gradient" of relation "log_parameters_fresh" already exists, skipping

NOTICE:  column "cluster_spawn_bridge_distance" of relation "log_parameters_fresh" already exists, skipping

NOTICE:  column "cluster_spawn_confluence_m" of relation "log_parameters_fresh" already exists, skipping

NOTICE:  column "observation_threshold" of relation "log_parameters_fresh" already exists, skipping

NOTICE:  column "observation_date_min" of relation "log_parameters_fresh" already exists, skipping

NOTICE:  column "observation_buffer_m" of relation "log_parameters_fresh" already exists, skipping

NOTICE:  column "observation_species" of relation "log_parameters_fresh" already exists, skipping

NOTICE:  column "observation_control_apply" of relation "log_parameters_fresh" already exists, skipping

NOTICE:  relation "log_parameters_habitat_thresholds" already exists, skipping

NOTICE:  column "config_hash" of relation "log_parameters_habitat_thresholds" already exists, skipping

NOTICE:  column "species_code" of relation "log_parameters_habitat_thresholds" already exists, skipping

NOTICE:  column "spawn_gradient_max" of relation "log_parameters_habitat_thresholds" already exists, skipping

NOTICE:  column "spawn_channel_width_min" of relation "log_parameters_habitat_thresholds" already exists, skipping

NOTICE:  column "spawn_channel_width_max" of relation "log_parameters_habitat_thresholds" already exists, skipping

NOTICE:  column "spawn_mad_min" of relation "log_parameters_habitat_thresholds" already exists, skipping

NOTICE:  column "spawn_mad_max" of relation "log_parameters_habitat_thresholds" already exists, skipping

NOTICE:  column "rear_gradient_max" of relation "log_parameters_habitat_thresholds" already exists, skipping

NOTICE:  column "rear_channel_width_min" of relation "log_parameters_habitat_thresholds" already exists, skipping

NOTICE:  column "rear_channel_width_max" of relation "log_parameters_habitat_thresholds" already exists, skipping

NOTICE:  column "rear_mad_min" of relation "log_parameters_habitat_thresholds" already exists, skipping

NOTICE:  column "rear_mad_max" of relation "log_parameters_habitat_thresholds" already exists, skipping

NOTICE:  column "rear_lake_ha_min" of relation "log_parameters_habitat_thresholds" already exists, skipping

NOTICE:  column "spawn_edge_types" of relation "log_parameters_habitat_thresholds" already exists, skipping

NOTICE:  column "rear_edge_types" of relation "log_parameters_habitat_thresholds" already exists, skipping

NOTICE:  relation "log_dimensions" already exists, skipping

NOTICE:  column "config_hash" of relation "log_dimensions" already exists, skipping

NOTICE:  column "species" of relation "log_dimensions" already exists, skipping

NOTICE:  column "spawn_lake" of relation "log_dimensions" already exists, skipping

NOTICE:  column "spawn_stream" of relation "log_dimensions" already exists, skipping

NOTICE:  column "spawn_stream_in_waterbody" of relation "log_dimensions" already exists, skipping

NOTICE:  column "rear_lake" of relation "log_dimensions" already exists, skipping

NOTICE:  column "rear_lake_only" of relation "log_dimensions" already exists, skipping

NOTICE:  column "rear_lake_area_only" of relation "log_dimensions" already exists, skipping

NOTICE:  column "rear_no_fw" of relation "log_dimensions" already exists, skipping

NOTICE:  column "rear_stream" of relation "log_dimensions" already exists, skipping

NOTICE:  column "rear_stream_in_waterbody" of relation "log_dimensions" already exists, skipping

NOTICE:  column "rear_wetland" of relation "log_dimensions" already exists, skipping

NOTICE:  column "rear_wetland_polygon" of relation "log_dimensions" already exists, skipping

NOTICE:  column "rear_wetland_area_only" of relation "log_dimensions" already exists, skipping

NOTICE:  column "rear_all_edges" of relation "log_dimensions" already exists, skipping

NOTICE:  column "river_skip_cw_min" of relation "log_dimensions" already exists, skipping

NOTICE:  column "rear_stream_order_bypass" of relation "log_dimensions" already exists, skipping

NOTICE:  column "rear_stream_order_parent_min" of relation "log_dimensions" already exists, skipping

NOTICE:  column "rear_stream_order_child_min" of relation "log_dimensions" already exists, skipping

NOTICE:  column "rear_stream_order_child_max" of relation "log_dimensions" already exists, skipping

NOTICE:  column "rear_stream_order_distance_max" of relation "log_dimensions" already exists, skipping

NOTICE:  column "spawn_requires_connected" of relation "log_dimensions" already exists, skipping

NOTICE:  column "spawn_connected_distance_max" of relation "log_dimensions" already exists, skipping

NOTICE:  column "spawn_connected_direction" of relation "log_dimensions" already exists, skipping

NOTICE:  column "spawn_connected_gradient_max" of relation "log_dimensions" already exists, skipping

NOTICE:  column "spawn_connected_cw_min" of relation "log_dimensions" already exists, skipping

NOTICE:  column "spawn_connected_edge_types" of relation "log_dimensions" already exists, skipping

NOTICE:  column "spawn_connected_lake_adjacent" of relation "log_dimensions" already exists, skipping

NOTICE:  column "rear_requires_connected" of relation "log_dimensions" already exists, skipping

NOTICE:  column "rear_connected_distance_max" of relation "log_dimensions" already exists, skipping

NOTICE:  column "rear_lake_ha_min" of relation "log_dimensions" already exists, skipping

NOTICE:  column "rear_wetland_ha_min" of relation "log_dimensions" already exists, skipping

NOTICE:  column "notes" of relation "log_dimensions" already exists, skipping

NOTICE:  relation "log_wsg_date_idx" already exists, skipping

NOTICE:  relation "log_config_idx" already exists, skipping

NOTICE:  relation "log_input_rn_idx" already exists, skipping

NOTICE:  relation "log_run_uid_idx" already exists, skipping

NOTICE:  relation "log_rc_run_uid_idx" already exists, skipping

NOTICE:  relation "log_rc_wsg_date_idx" already exists, skipping

NOTICE:  schema "working_score300_okan" does not exist, skipping

NOTICE:  schema "working_score300_okan" does not exist, skipping

NOTICE:  schema "working_score300_okan" does not exist, skipping

NOTICE:  schema "working_score300_okan" does not exist, skipping

NOTICE:  schema "fresh" already exists, skipping

NOTICE:  table "barriers_definite" does not exist, skipping

NOTICE:  table "observations" does not exist, skipping

NOTICE:  table "streams_blk" does not exist, skipping

NOTICE:  table "gradient_barriers_raw" does not exist, skipping

NOTICE:  table "natural_barriers" does not exist, skipping

NOTICE:  table "barrier_overrides" does not exist, skipping

NOTICE:  table "barriers_bt" does not exist, skipping

NOTICE:  table "barriers_ch" does not exist, skipping

NOTICE:  table "barriers_cm" does not exist, skipping

NOTICE:  table "barriers_co" does not exist, skipping

NOTICE:  table "barriers_pk" does not exist, skipping

NOTICE:  table "barriers_sk" does not exist, skipping

NOTICE:  table "barriers_st" does not exist, skipping

NOTICE:  table "barriers_wct" does not exist, skipping

NOTICE:  table "barriers_ko" does not exist, skipping

NOTICE:  table "barriers_rb" does not exist, skipping

NOTICE:  table "barriers_gr" does not exist, skipping

NOTICE:  table "gradient_barriers_minimal" does not exist, skipping

NOTICE:  table "streams" does not exist, skipping

NOTICE:  table "streams_habitat" does not exist, skipping

NOTICE:  table "cabd_exclusions" does not exist, skipping

NOTICE:  table "cabd_blkey_xref" does not exist, skipping

NOTICE:  table "cabd_passability_status_updates" does not exist, skipping

NOTICE:  table "cabd_additions" does not exist, skipping

NOTICE:  table "cabd_dams_raw" does not exist, skipping

NOTICE:  table "dams" does not exist, skipping

NOTICE:  table "pscis_modelledcrossings_streams_xref" does not exist, skipping

NOTICE:  table "pscis_stream_candidates" does not exist, skipping

NOTICE:  table "pscis_streams_150m" does not exist, skipping

NOTICE:  table "pscis_picked" does not exist, skipping

NOTICE:  table "pscis" does not exist, skipping

NOTICE:  table "crossings_lookup" does not exist, skipping

NOTICE:  table "barriers_anthropogenic" does not exist, skipping

NOTICE:  table "barriers_pscis" does not exist, skipping

NOTICE:  table "barriers_dams" does not exist, skipping

NOTICE:  table "barriers_remediations" does not exist, skipping

NOTICE:  table "observations_breaks" does not exist, skipping

NOTICE:  table "habitat_endpoints" does not exist, skipping

NOTICE:  table "crossings_breaks" does not exist, skipping

NOTICE:  table "streams_breaks" does not exist, skipping

NOTICE:  relation "streams_id_segment_idx" already exists, skipping

NOTICE:  table "streams_acc_015" does not exist, skipping

NOTICE:  table "streams_acc_025" does not exist, skipping

NOTICE:  table "streams_acc_025_ovr_bt" does not exist, skipping

NOTICE:  table "frs_clusters_bt" does not exist, skipping

NOTICE:  table "frs_clusters_ch" does not exist, skipping

NOTICE:  table "frs_clusters_sk" does not exist, skipping

NOTICE:  table "frs_qual_spawn_sk" does not exist, skipping

NOTICE:  table "frs_trace_lfid_sk" does not exist, skipping

NOTICE:  schema "score300_default_tuned" already exists, skipping

NOTICE:  relation "streams" already exists, skipping

NOTICE:  relation "streams_wsg_idx" already exists, skipping

NOTICE:  relation "streams_blk_idx" already exists, skipping

NOTICE:  relation "streams_geom_idx" already exists, skipping

NOTICE:  relation "streams_wbk_idx" already exists, skipping

NOTICE:  relation "streams_wscode_gist_idx" already exists, skipping

NOTICE:  relation "streams_wscode_btree_idx" already exists, skipping

NOTICE:  relation "streams_localcode_gist_idx" already exists, skipping

NOTICE:  relation "streams_localcode_btree_idx" already exists, skipping

NOTICE:  relation "streams_habitat_bt" already exists, skipping

NOTICE:  relation "streams_habitat_bt_wsg_idx" already exists, skipping

NOTICE:  relation "streams_habitat_ch" already exists, skipping

NOTICE:  relation "streams_habitat_ch_wsg_idx" already exists, skipping

NOTICE:  relation "streams_habitat_cm" already exists, skipping

NOTICE:  relation "streams_habitat_cm_wsg_idx" already exists, skipping

NOTICE:  relation "streams_habitat_co" already exists, skipping

NOTICE:  relation "streams_habitat_co_wsg_idx" already exists, skipping

NOTICE:  relation "streams_habitat_pk" already exists, skipping

NOTICE:  relation "streams_habitat_pk_wsg_idx" already exists, skipping

NOTICE:  relation "streams_habitat_sk" already exists, skipping

NOTICE:  relation "streams_habitat_sk_wsg_idx" already exists, skipping

NOTICE:  relation "streams_habitat_st" already exists, skipping

NOTICE:  relation "streams_habitat_st_wsg_idx" already exists, skipping

NOTICE:  relation "streams_habitat_wct" already exists, skipping

NOTICE:  relation "streams_habitat_wct_wsg_idx" already exists, skipping

NOTICE:  relation "streams_habitat_ko" already exists, skipping

NOTICE:  relation "streams_habitat_ko_wsg_idx" already exists, skipping

NOTICE:  relation "streams_habitat_rb" already exists, skipping

NOTICE:  relation "streams_habitat_rb_wsg_idx" already exists, skipping

NOTICE:  relation "streams_habitat_gr" already exists, skipping

NOTICE:  relation "streams_habitat_gr_wsg_idx" already exists, skipping

NOTICE:  relation "barriers" already exists, skipping

NOTICE:  relation "barriers_wsg_idx" already exists, skipping

NOTICE:  relation "barriers_blocks_idx" already exists, skipping

NOTICE:  relation "barriers_source_idx" already exists, skipping

NOTICE:  relation "barriers_blk_drm_idx" already exists, skipping

NOTICE:  relation "barriers_geom_idx" already exists, skipping

NOTICE:  relation "barriers_wscode_gist_idx" already exists, skipping

NOTICE:  relation "barriers_wscode_btree_idx" already exists, skipping

NOTICE:  relation "barriers_localcode_gist_idx" already exists, skipping

NOTICE:  relation "barriers_localcode_btree_idx" already exists, skipping

NOTICE:  relation "barrier_overrides" already exists, skipping

NOTICE:  relation "barrier_overrides_wsg_idx" already exists, skipping

NOTICE:  relation "barrier_overrides_blk_drm_idx" already exists, skipping

NOTICE:  relation "streams_access" already exists, skipping

NOTICE:  relation "streams_access_wsg_idx" already exists, skipping

NOTICE:  relation "streams_mapping_code" already exists, skipping

NOTICE:  relation "streams_mapping_code_wsg_idx" already exists, skipping

NOTICE:  schema "score300_default_tuned" already exists, skipping

NOTICE:  relation "log" already exists, skipping

NOTICE:  column "run_id" of relation "log" already exists, skipping

NOTICE:  column "watershed_group_code" of relation "log" already exists, skipping

NOTICE:  column "date_start" of relation "log" already exists, skipping

NOTICE:  column "date_end" of relation "log" already exists, skipping

NOTICE:  column "run_uid" of relation "log" already exists, skipping

NOTICE:  column "run_label" of relation "log" already exists, skipping

NOTICE:  column "host" of relation "log" already exists, skipping

NOTICE:  column "config_name" of relation "log" already exists, skipping

NOTICE:  column "config_hash" of relation "log" already exists, skipping

NOTICE:  column "config_drift" of relation "log" already exists, skipping

NOTICE:  column "link_version" of relation "log" already exists, skipping

NOTICE:  column "link_sha" of relation "log" already exists, skipping

NOTICE:  column "link_dirty" of relation "log" already exists, skipping

NOTICE:  column "fresh_version" of relation "log" already exists, skipping

NOTICE:  column "fresh_sha" of relation "log" already exists, skipping

NOTICE:  column "fresh_dirty" of relation "log" already exists, skipping

NOTICE:  column "fresh_sha_source" of relation "log" already exists, skipping

NOTICE:  column "crate_version" of relation "log" already exists, skipping

NOTICE:  column "fwapg_sha" of relation "log" already exists, skipping

NOTICE:  column "bcfishobs_sha" of relation "log" already exists, skipping

NOTICE:  column "arg_dams" of relation "log" already exists, skipping

NOTICE:  column "arg_mapping_code" of relation "log" already exists, skipping

NOTICE:  column "arg_cleanup_working" of relation "log" already exists, skipping

NOTICE:  column "schema_persist" of relation "log" already exists, skipping

NOTICE:  column "species" of relation "log" already exists, skipping

NOTICE:  column "wsg_upstream" of relation "log" already exists, skipping

NOTICE:  column "bcfp_model_run_id" of relation "log" already exists, skipping

NOTICE:  column "bcfp_model_version" of relation "log" already exists, skipping

NOTICE:  column "bcfp_pin_source" of relation "log" already exists, skipping

NOTICE:  column "notes" of relation "log" already exists, skipping

NOTICE:  relation "log_recompute" already exists, skipping

NOTICE:  column "recompute_id" of relation "log_recompute" already exists, skipping

NOTICE:  column "watershed_group_code" of relation "log_recompute" already exists, skipping

NOTICE:  column "date_start" of relation "log_recompute" already exists, skipping

NOTICE:  column "date_end" of relation "log_recompute" already exists, skipping

NOTICE:  column "run_uid" of relation "log_recompute" already exists, skipping

NOTICE:  column "run_label" of relation "log_recompute" already exists, skipping

NOTICE:  column "host" of relation "log_recompute" already exists, skipping

NOTICE:  column "config_name" of relation "log_recompute" already exists, skipping

NOTICE:  column "config_hash" of relation "log_recompute" already exists, skipping

NOTICE:  column "link_version" of relation "log_recompute" already exists, skipping

NOTICE:  column "link_sha" of relation "log_recompute" already exists, skipping

NOTICE:  column "link_dirty" of relation "log_recompute" already exists, skipping

NOTICE:  column "fresh_version" of relation "log_recompute" already exists, skipping

NOTICE:  column "fresh_sha" of relation "log_recompute" already exists, skipping

NOTICE:  column "fresh_dirty" of relation "log_recompute" already exists, skipping

NOTICE:  column "fresh_sha_source" of relation "log_recompute" already exists, skipping

NOTICE:  column "crate_version" of relation "log_recompute" already exists, skipping

NOTICE:  column "fwapg_sha" of relation "log_recompute" already exists, skipping

NOTICE:  column "bcfishobs_sha" of relation "log_recompute" already exists, skipping

NOTICE:  column "schema_persist" of relation "log_recompute" already exists, skipping

NOTICE:  column "species" of relation "log_recompute" already exists, skipping

NOTICE:  column "views_prebuilt" of relation "log_recompute" already exists, skipping

NOTICE:  column "notes" of relation "log_recompute" already exists, skipping

NOTICE:  relation "log_input" already exists, skipping

NOTICE:  column "run_id" of relation "log_input" already exists, skipping

NOTICE:  column "watershed_group_code" of relation "log_input" already exists, skipping

NOTICE:  column "table_name" of relation "log_input" already exists, skipping

NOTICE:  column "row_count" of relation "log_input" already exists, skipping

NOTICE:  column "row_count_estimated" of relation "log_input" already exists, skipping

NOTICE:  column "size_bytes" of relation "log_input" already exists, skipping

NOTICE:  column "last_analyze" of relation "log_input" already exists, skipping

NOTICE:  column "source" of relation "log_input" already exists, skipping

NOTICE:  column "source_at" of relation "log_input" already exists, skipping

NOTICE:  relation "log_parameters_fresh" already exists, skipping

NOTICE:  column "config_hash" of relation "log_parameters_fresh" already exists, skipping

NOTICE:  column "species_code" of relation "log_parameters_fresh" already exists, skipping

NOTICE:  column "access_gradient_max" of relation "log_parameters_fresh" already exists, skipping

NOTICE:  column "spawn_gradient_min" of relation "log_parameters_fresh" already exists, skipping

NOTICE:  column "rear_gradient_min" of relation "log_parameters_fresh" already exists, skipping

NOTICE:  column "cluster_rearing" of relation "log_parameters_fresh" already exists, skipping

NOTICE:  column "cluster_direction" of relation "log_parameters_fresh" already exists, skipping

NOTICE:  column "cluster_bridge_gradient" of relation "log_parameters_fresh" already exists, skipping

NOTICE:  column "cluster_bridge_distance" of relation "log_parameters_fresh" already exists, skipping

NOTICE:  column "cluster_confluence_m" of relation "log_parameters_fresh" already exists, skipping

NOTICE:  column "cluster_spawning" of relation "log_parameters_fresh" already exists, skipping

NOTICE:  column "cluster_spawn_direction" of relation "log_parameters_fresh" already exists, skipping

NOTICE:  column "cluster_spawn_bridge_gradient" of relation "log_parameters_fresh" already exists, skipping

NOTICE:  column "cluster_spawn_bridge_distance" of relation "log_parameters_fresh" already exists, skipping

NOTICE:  column "cluster_spawn_confluence_m" of relation "log_parameters_fresh" already exists, skipping

NOTICE:  column "observation_threshold" of relation "log_parameters_fresh" already exists, skipping

NOTICE:  column "observation_date_min" of relation "log_parameters_fresh" already exists, skipping

NOTICE:  column "observation_buffer_m" of relation "log_parameters_fresh" already exists, skipping

NOTICE:  column "observation_species" of relation "log_parameters_fresh" already exists, skipping

NOTICE:  column "observation_control_apply" of relation "log_parameters_fresh" already exists, skipping

NOTICE:  relation "log_parameters_habitat_thresholds" already exists, skipping

NOTICE:  column "config_hash" of relation "log_parameters_habitat_thresholds" already exists, skipping

NOTICE:  column "species_code" of relation "log_parameters_habitat_thresholds" already exists, skipping

NOTICE:  column "spawn_gradient_max" of relation "log_parameters_habitat_thresholds" already exists, skipping

NOTICE:  column "spawn_channel_width_min" of relation "log_parameters_habitat_thresholds" already exists, skipping

NOTICE:  column "spawn_channel_width_max" of relation "log_parameters_habitat_thresholds" already exists, skipping

NOTICE:  column "spawn_mad_min" of relation "log_parameters_habitat_thresholds" already exists, skipping

NOTICE:  column "spawn_mad_max" of relation "log_parameters_habitat_thresholds" already exists, skipping

NOTICE:  column "rear_gradient_max" of relation "log_parameters_habitat_thresholds" already exists, skipping

NOTICE:  column "rear_channel_width_min" of relation "log_parameters_habitat_thresholds" already exists, skipping

NOTICE:  column "rear_channel_width_max" of relation "log_parameters_habitat_thresholds" already exists, skipping

NOTICE:  column "rear_mad_min" of relation "log_parameters_habitat_thresholds" already exists, skipping

NOTICE:  column "rear_mad_max" of relation "log_parameters_habitat_thresholds" already exists, skipping

NOTICE:  column "rear_lake_ha_min" of relation "log_parameters_habitat_thresholds" already exists, skipping

NOTICE:  column "spawn_edge_types" of relation "log_parameters_habitat_thresholds" already exists, skipping

NOTICE:  column "rear_edge_types" of relation "log_parameters_habitat_thresholds" already exists, skipping

NOTICE:  relation "log_dimensions" already exists, skipping

NOTICE:  column "config_hash" of relation "log_dimensions" already exists, skipping

NOTICE:  column "species" of relation "log_dimensions" already exists, skipping

NOTICE:  column "spawn_lake" of relation "log_dimensions" already exists, skipping

NOTICE:  column "spawn_stream" of relation "log_dimensions" already exists, skipping

NOTICE:  column "spawn_stream_in_waterbody" of relation "log_dimensions" already exists, skipping

NOTICE:  column "rear_lake" of relation "log_dimensions" already exists, skipping

NOTICE:  column "rear_lake_only" of relation "log_dimensions" already exists, skipping

NOTICE:  column "rear_lake_area_only" of relation "log_dimensions" already exists, skipping

NOTICE:  column "rear_no_fw" of relation "log_dimensions" already exists, skipping

NOTICE:  column "rear_stream" of relation "log_dimensions" already exists, skipping

NOTICE:  column "rear_stream_in_waterbody" of relation "log_dimensions" already exists, skipping

NOTICE:  column "rear_wetland" of relation "log_dimensions" already exists, skipping

NOTICE:  column "rear_wetland_polygon" of relation "log_dimensions" already exists, skipping

NOTICE:  column "rear_wetland_area_only" of relation "log_dimensions" already exists, skipping

NOTICE:  column "rear_all_edges" of relation "log_dimensions" already exists, skipping

NOTICE:  column "river_skip_cw_min" of relation "log_dimensions" already exists, skipping

NOTICE:  column "rear_stream_order_bypass" of relation "log_dimensions" already exists, skipping

NOTICE:  column "rear_stream_order_parent_min" of relation "log_dimensions" already exists, skipping

NOTICE:  column "rear_stream_order_child_min" of relation "log_dimensions" already exists, skipping

NOTICE:  column "rear_stream_order_child_max" of relation "log_dimensions" already exists, skipping

NOTICE:  column "rear_stream_order_distance_max" of relation "log_dimensions" already exists, skipping

NOTICE:  column "spawn_requires_connected" of relation "log_dimensions" already exists, skipping

NOTICE:  column "spawn_connected_distance_max" of relation "log_dimensions" already exists, skipping

NOTICE:  column "spawn_connected_direction" of relation "log_dimensions" already exists, skipping

NOTICE:  column "spawn_connected_gradient_max" of relation "log_dimensions" already exists, skipping

NOTICE:  column "spawn_connected_cw_min" of relation "log_dimensions" already exists, skipping

NOTICE:  column "spawn_connected_edge_types" of relation "log_dimensions" already exists, skipping

NOTICE:  column "spawn_connected_lake_adjacent" of relation "log_dimensions" already exists, skipping

NOTICE:  column "rear_requires_connected" of relation "log_dimensions" already exists, skipping

NOTICE:  column "rear_connected_distance_max" of relation "log_dimensions" already exists, skipping

NOTICE:  column "rear_lake_ha_min" of relation "log_dimensions" already exists, skipping

NOTICE:  column "rear_wetland_ha_min" of relation "log_dimensions" already exists, skipping

NOTICE:  column "notes" of relation "log_dimensions" already exists, skipping

NOTICE:  relation "log_wsg_date_idx" already exists, skipping

NOTICE:  relation "log_config_idx" already exists, skipping

NOTICE:  relation "log_input_rn_idx" already exists, skipping

NOTICE:  relation "log_run_uid_idx" already exists, skipping

NOTICE:  relation "log_rc_run_uid_idx" already exists, skipping

NOTICE:  relation "log_rc_wsg_date_idx" already exists, skipping

NOTICE:  table "barriers" does not exist, skipping

10:10:05 base OKAN done in 2.2 min
NOTICE:  schema "score300_default_tuned" already exists, skipping

NOTICE:  relation "log" already exists, skipping

NOTICE:  column "run_id" of relation "log" already exists, skipping

NOTICE:  column "watershed_group_code" of relation "log" already exists, skipping

NOTICE:  column "date_start" of relation "log" already exists, skipping

NOTICE:  column "date_end" of relation "log" already exists, skipping

NOTICE:  column "run_uid" of relation "log" already exists, skipping

NOTICE:  column "run_label" of relation "log" already exists, skipping

NOTICE:  column "host" of relation "log" already exists, skipping

NOTICE:  column "config_name" of relation "log" already exists, skipping

NOTICE:  column "config_hash" of relation "log" already exists, skipping

NOTICE:  column "config_drift" of relation "log" already exists, skipping

NOTICE:  column "link_version" of relation "log" already exists, skipping

NOTICE:  column "link_sha" of relation "log" already exists, skipping

NOTICE:  column "link_dirty" of relation "log" already exists, skipping

NOTICE:  column "fresh_version" of relation "log" already exists, skipping

NOTICE:  column "fresh_sha" of relation "log" already exists, skipping

NOTICE:  column "fresh_dirty" of relation "log" already exists, skipping

NOTICE:  column "fresh_sha_source" of relation "log" already exists, skipping

NOTICE:  column "crate_version" of relation "log" already exists, skipping

NOTICE:  column "fwapg_sha" of relation "log" already exists, skipping

NOTICE:  column "bcfishobs_sha" of relation "log" already exists, skipping

NOTICE:  column "arg_dams" of relation "log" already exists, skipping

NOTICE:  column "arg_mapping_code" of relation "log" already exists, skipping

NOTICE:  column "arg_cleanup_working" of relation "log" already exists, skipping

NOTICE:  column "schema_persist" of relation "log" already exists, skipping

NOTICE:  column "species" of relation "log" already exists, skipping

NOTICE:  column "wsg_upstream" of relation "log" already exists, skipping

NOTICE:  column "bcfp_model_run_id" of relation "log" already exists, skipping

NOTICE:  column "bcfp_model_version" of relation "log" already exists, skipping

NOTICE:  column "bcfp_pin_source" of relation "log" already exists, skipping

NOTICE:  column "notes" of relation "log" already exists, skipping

NOTICE:  relation "log_recompute" already exists, skipping

NOTICE:  column "recompute_id" of relation "log_recompute" already exists, skipping

NOTICE:  column "watershed_group_code" of relation "log_recompute" already exists, skipping

NOTICE:  column "date_start" of relation "log_recompute" already exists, skipping

NOTICE:  column "date_end" of relation "log_recompute" already exists, skipping

NOTICE:  column "run_uid" of relation "log_recompute" already exists, skipping

NOTICE:  column "run_label" of relation "log_recompute" already exists, skipping

NOTICE:  column "host" of relation "log_recompute" already exists, skipping

NOTICE:  column "config_name" of relation "log_recompute" already exists, skipping

NOTICE:  column "config_hash" of relation "log_recompute" already exists, skipping

NOTICE:  column "link_version" of relation "log_recompute" already exists, skipping

NOTICE:  column "link_sha" of relation "log_recompute" already exists, skipping

NOTICE:  column "link_dirty" of relation "log_recompute" already exists, skipping

NOTICE:  column "fresh_version" of relation "log_recompute" already exists, skipping

NOTICE:  column "fresh_sha" of relation "log_recompute" already exists, skipping

NOTICE:  column "fresh_dirty" of relation "log_recompute" already exists, skipping

NOTICE:  column "fresh_sha_source" of relation "log_recompute" already exists, skipping

NOTICE:  column "crate_version" of relation "log_recompute" already exists, skipping

NOTICE:  column "fwapg_sha" of relation "log_recompute" already exists, skipping

NOTICE:  column "bcfishobs_sha" of relation "log_recompute" already exists, skipping

NOTICE:  column "schema_persist" of relation "log_recompute" already exists, skipping

NOTICE:  column "species" of relation "log_recompute" already exists, skipping

NOTICE:  column "views_prebuilt" of relation "log_recompute" already exists, skipping

NOTICE:  column "notes" of relation "log_recompute" already exists, skipping

NOTICE:  relation "log_input" already exists, skipping

NOTICE:  column "run_id" of relation "log_input" already exists, skipping

NOTICE:  column "watershed_group_code" of relation "log_input" already exists, skipping

NOTICE:  column "table_name" of relation "log_input" already exists, skipping

NOTICE:  column "row_count" of relation "log_input" already exists, skipping

NOTICE:  column "row_count_estimated" of relation "log_input" already exists, skipping

NOTICE:  column "size_bytes" of relation "log_input" already exists, skipping

NOTICE:  column "last_analyze" of relation "log_input" already exists, skipping

NOTICE:  column "source" of relation "log_input" already exists, skipping

NOTICE:  column "source_at" of relation "log_input" already exists, skipping

NOTICE:  relation "log_parameters_fresh" already exists, skipping

NOTICE:  column "config_hash" of relation "log_parameters_fresh" already exists, skipping

NOTICE:  column "species_code" of relation "log_parameters_fresh" already exists, skipping

NOTICE:  column "access_gradient_max" of relation "log_parameters_fresh" already exists, skipping

NOTICE:  column "spawn_gradient_min" of relation "log_parameters_fresh" already exists, skipping

NOTICE:  column "rear_gradient_min" of relation "log_parameters_fresh" already exists, skipping

NOTICE:  column "cluster_rearing" of relation "log_parameters_fresh" already exists, skipping

NOTICE:  column "cluster_direction" of relation "log_parameters_fresh" already exists, skipping

NOTICE:  column "cluster_bridge_gradient" of relation "log_parameters_fresh" already exists, skipping

NOTICE:  column "cluster_bridge_distance" of relation "log_parameters_fresh" already exists, skipping

NOTICE:  column "cluster_confluence_m" of relation "log_parameters_fresh" already exists, skipping

NOTICE:  column "cluster_spawning" of relation "log_parameters_fresh" already exists, skipping

NOTICE:  column "cluster_spawn_direction" of relation "log_parameters_fresh" already exists, skipping

NOTICE:  column "cluster_spawn_bridge_gradient" of relation "log_parameters_fresh" already exists, skipping

NOTICE:  column "cluster_spawn_bridge_distance" of relation "log_parameters_fresh" already exists, skipping

NOTICE:  column "cluster_spawn_confluence_m" of relation "log_parameters_fresh" already exists, skipping

NOTICE:  column "observation_threshold" of relation "log_parameters_fresh" already exists, skipping

NOTICE:  column "observation_date_min" of relation "log_parameters_fresh" already exists, skipping

NOTICE:  column "observation_buffer_m" of relation "log_parameters_fresh" already exists, skipping

NOTICE:  column "observation_species" of relation "log_parameters_fresh" already exists, skipping

NOTICE:  column "observation_control_apply" of relation "log_parameters_fresh" already exists, skipping

NOTICE:  relation "log_parameters_habitat_thresholds" already exists, skipping

NOTICE:  column "config_hash" of relation "log_parameters_habitat_thresholds" already exists, skipping

NOTICE:  column "species_code" of relation "log_parameters_habitat_thresholds" already exists, skipping

NOTICE:  column "spawn_gradient_max" of relation "log_parameters_habitat_thresholds" already exists, skipping

NOTICE:  column "spawn_channel_width_min" of relation "log_parameters_habitat_thresholds" already exists, skipping

NOTICE:  column "spawn_channel_width_max" of relation "log_parameters_habitat_thresholds" already exists, skipping

NOTICE:  column "spawn_mad_min" of relation "log_parameters_habitat_thresholds" already exists, skipping

NOTICE:  column "spawn_mad_max" of relation "log_parameters_habitat_thresholds" already exists, skipping

NOTICE:  column "rear_gradient_max" of relation "log_parameters_habitat_thresholds" already exists, skipping

NOTICE:  column "rear_channel_width_min" of relation "log_parameters_habitat_thresholds" already exists, skipping

NOTICE:  column "rear_channel_width_max" of relation "log_parameters_habitat_thresholds" already exists, skipping

NOTICE:  column "rear_mad_min" of relation "log_parameters_habitat_thresholds" already exists, skipping

NOTICE:  column "rear_mad_max" of relation "log_parameters_habitat_thresholds" already exists, skipping

NOTICE:  column "rear_lake_ha_min" of relation "log_parameters_habitat_thresholds" already exists, skipping

NOTICE:  column "spawn_edge_types" of relation "log_parameters_habitat_thresholds" already exists, skipping

NOTICE:  column "rear_edge_types" of relation "log_parameters_habitat_thresholds" already exists, skipping

NOTICE:  relation "log_dimensions" already exists, skipping

NOTICE:  column "config_hash" of relation "log_dimensions" already exists, skipping

NOTICE:  column "species" of relation "log_dimensions" already exists, skipping

NOTICE:  column "spawn_lake" of relation "log_dimensions" already exists, skipping

NOTICE:  column "spawn_stream" of relation "log_dimensions" already exists, skipping

NOTICE:  column "spawn_stream_in_waterbody" of relation "log_dimensions" already exists, skipping

NOTICE:  column "rear_lake" of relation "log_dimensions" already exists, skipping

NOTICE:  column "rear_lake_only" of relation "log_dimensions" already exists, skipping

NOTICE:  column "rear_lake_area_only" of relation "log_dimensions" already exists, skipping

NOTICE:  column "rear_no_fw" of relation "log_dimensions" already exists, skipping

NOTICE:  column "rear_stream" of relation "log_dimensions" already exists, skipping

NOTICE:  column "rear_stream_in_waterbody" of relation "log_dimensions" already exists, skipping

NOTICE:  column "rear_wetland" of relation "log_dimensions" already exists, skipping

NOTICE:  column "rear_wetland_polygon" of relation "log_dimensions" already exists, skipping

NOTICE:  column "rear_wetland_area_only" of relation "log_dimensions" already exists, skipping

NOTICE:  column "rear_all_edges" of relation "log_dimensions" already exists, skipping

NOTICE:  column "river_skip_cw_min" of relation "log_dimensions" already exists, skipping

NOTICE:  column "rear_stream_order_bypass" of relation "log_dimensions" already exists, skipping

NOTICE:  column "rear_stream_order_parent_min" of relation "log_dimensions" already exists, skipping

NOTICE:  column "rear_stream_order_child_min" of relation "log_dimensions" already exists, skipping

NOTICE:  column "rear_stream_order_child_max" of relation "log_dimensions" already exists, skipping

NOTICE:  column "rear_stream_order_distance_max" of relation "log_dimensions" already exists, skipping

NOTICE:  column "spawn_requires_connected" of relation "log_dimensions" already exists, skipping

NOTICE:  column "spawn_connected_distance_max" of relation "log_dimensions" already exists, skipping

NOTICE:  column "spawn_connected_direction" of relation "log_dimensions" already exists, skipping

NOTICE:  column "spawn_connected_gradient_max" of relation "log_dimensions" already exists, skipping

NOTICE:  column "spawn_connected_cw_min" of relation "log_dimensions" already exists, skipping

NOTICE:  column "spawn_connected_edge_types" of relation "log_dimensions" already exists, skipping

NOTICE:  column "spawn_connected_lake_adjacent" of relation "log_dimensions" already exists, skipping

NOTICE:  column "rear_requires_connected" of relation "log_dimensions" already exists, skipping

NOTICE:  column "rear_connected_distance_max" of relation "log_dimensions" already exists, skipping

NOTICE:  column "rear_lake_ha_min" of relation "log_dimensions" already exists, skipping

NOTICE:  column "rear_wetland_ha_min" of relation "log_dimensions" already exists, skipping

NOTICE:  column "notes" of relation "log_dimensions" already exists, skipping

NOTICE:  relation "log_wsg_date_idx" already exists, skipping

NOTICE:  relation "log_config_idx" already exists, skipping

NOTICE:  relation "log_input_rn_idx" already exists, skipping

NOTICE:  relation "log_run_uid_idx" already exists, skipping

NOTICE:  relation "log_rc_run_uid_idx" already exists, skipping

NOTICE:  relation "log_rc_wsg_date_idx" already exists, skipping

NOTICE:  schema "working_score300_siml" does not exist, skipping

NOTICE:  schema "working_score300_siml" does not exist, skipping

NOTICE:  schema "working_score300_siml" does not exist, skipping

NOTICE:  schema "working_score300_siml" does not exist, skipping

NOTICE:  schema "fresh" already exists, skipping

NOTICE:  table "barriers_definite" does not exist, skipping

NOTICE:  table "barriers_definite_control" does not exist, skipping

NOTICE:  table "observations" does not exist, skipping

NOTICE:  table "streams_blk" does not exist, skipping

NOTICE:  table "gradient_barriers_raw" does not exist, skipping

NOTICE:  table "natural_barriers" does not exist, skipping

NOTICE:  table "barrier_overrides" does not exist, skipping

NOTICE:  table "barriers_bt" does not exist, skipping

NOTICE:  table "barriers_ch" does not exist, skipping

NOTICE:  table "barriers_cm" does not exist, skipping

NOTICE:  table "barriers_co" does not exist, skipping

NOTICE:  table "barriers_pk" does not exist, skipping

NOTICE:  table "barriers_sk" does not exist, skipping

NOTICE:  table "barriers_st" does not exist, skipping

NOTICE:  table "barriers_wct" does not exist, skipping

NOTICE:  table "barriers_ko" does not exist, skipping

NOTICE:  table "barriers_rb" does not exist, skipping

NOTICE:  table "barriers_gr" does not exist, skipping

NOTICE:  table "gradient_barriers_minimal" does not exist, skipping

NOTICE:  table "streams" does not exist, skipping

NOTICE:  table "streams_habitat" does not exist, skipping

NOTICE:  table "cabd_exclusions" does not exist, skipping

NOTICE:  table "cabd_blkey_xref" does not exist, skipping

NOTICE:  table "cabd_passability_status_updates" does not exist, skipping

NOTICE:  table "cabd_additions" does not exist, skipping

NOTICE:  table "cabd_dams_raw" does not exist, skipping

NOTICE:  table "dams" does not exist, skipping

NOTICE:  table "pscis_modelledcrossings_streams_xref" does not exist, skipping

NOTICE:  table "pscis_stream_candidates" does not exist, skipping

NOTICE:  table "pscis_streams_150m" does not exist, skipping

NOTICE:  table "pscis_picked" does not exist, skipping

NOTICE:  table "pscis" does not exist, skipping

NOTICE:  table "crossings_lookup" does not exist, skipping

NOTICE:  table "barriers_anthropogenic" does not exist, skipping

NOTICE:  table "barriers_pscis" does not exist, skipping

NOTICE:  table "barriers_dams" does not exist, skipping

NOTICE:  table "barriers_remediations" does not exist, skipping

NOTICE:  table "observations_breaks" does not exist, skipping

NOTICE:  table "habitat_endpoints" does not exist, skipping

NOTICE:  table "crossings_breaks" does not exist, skipping

NOTICE:  table "streams_breaks" does not exist, skipping

NOTICE:  relation "streams_id_segment_idx" already exists, skipping

NOTICE:  table "streams_acc_025" does not exist, skipping

NOTICE:  table "streams_acc_025_ovr_bt" does not exist, skipping

NOTICE:  table "frs_clusters_bt" does not exist, skipping

NOTICE:  schema "score300_default_tuned" already exists, skipping

NOTICE:  relation "streams" already exists, skipping

NOTICE:  relation "streams_wsg_idx" already exists, skipping

NOTICE:  relation "streams_blk_idx" already exists, skipping

NOTICE:  relation "streams_geom_idx" already exists, skipping

NOTICE:  relation "streams_wbk_idx" already exists, skipping

NOTICE:  relation "streams_wscode_gist_idx" already exists, skipping

NOTICE:  relation "streams_wscode_btree_idx" already exists, skipping

NOTICE:  relation "streams_localcode_gist_idx" already exists, skipping

NOTICE:  relation "streams_localcode_btree_idx" already exists, skipping

NOTICE:  relation "streams_habitat_bt" already exists, skipping

NOTICE:  relation "streams_habitat_bt_wsg_idx" already exists, skipping

NOTICE:  relation "streams_habitat_ch" already exists, skipping

NOTICE:  relation "streams_habitat_ch_wsg_idx" already exists, skipping

NOTICE:  relation "streams_habitat_cm" already exists, skipping

NOTICE:  relation "streams_habitat_cm_wsg_idx" already exists, skipping

NOTICE:  relation "streams_habitat_co" already exists, skipping

NOTICE:  relation "streams_habitat_co_wsg_idx" already exists, skipping

NOTICE:  relation "streams_habitat_pk" already exists, skipping

NOTICE:  relation "streams_habitat_pk_wsg_idx" already exists, skipping

NOTICE:  relation "streams_habitat_sk" already exists, skipping

NOTICE:  relation "streams_habitat_sk_wsg_idx" already exists, skipping

NOTICE:  relation "streams_habitat_st" already exists, skipping

NOTICE:  relation "streams_habitat_st_wsg_idx" already exists, skipping

NOTICE:  relation "streams_habitat_wct" already exists, skipping

NOTICE:  relation "streams_habitat_wct_wsg_idx" already exists, skipping

NOTICE:  relation "streams_habitat_ko" already exists, skipping

NOTICE:  relation "streams_habitat_ko_wsg_idx" already exists, skipping

NOTICE:  relation "streams_habitat_rb" already exists, skipping

NOTICE:  relation "streams_habitat_rb_wsg_idx" already exists, skipping

NOTICE:  relation "streams_habitat_gr" already exists, skipping

NOTICE:  relation "streams_habitat_gr_wsg_idx" already exists, skipping

NOTICE:  relation "barriers" already exists, skipping

NOTICE:  relation "barriers_wsg_idx" already exists, skipping

NOTICE:  relation "barriers_blocks_idx" already exists, skipping

NOTICE:  relation "barriers_source_idx" already exists, skipping

NOTICE:  relation "barriers_blk_drm_idx" already exists, skipping

NOTICE:  relation "barriers_geom_idx" already exists, skipping

NOTICE:  relation "barriers_wscode_gist_idx" already exists, skipping

NOTICE:  relation "barriers_wscode_btree_idx" already exists, skipping

NOTICE:  relation "barriers_localcode_gist_idx" already exists, skipping

NOTICE:  relation "barriers_localcode_btree_idx" already exists, skipping

NOTICE:  relation "barrier_overrides" already exists, skipping

NOTICE:  relation "barrier_overrides_wsg_idx" already exists, skipping

NOTICE:  relation "barrier_overrides_blk_drm_idx" already exists, skipping

NOTICE:  relation "streams_access" already exists, skipping

NOTICE:  relation "streams_access_wsg_idx" already exists, skipping

NOTICE:  relation "streams_mapping_code" already exists, skipping

NOTICE:  relation "streams_mapping_code_wsg_idx" already exists, skipping

NOTICE:  schema "score300_default_tuned" already exists, skipping

NOTICE:  relation "log" already exists, skipping

NOTICE:  column "run_id" of relation "log" already exists, skipping

NOTICE:  column "watershed_group_code" of relation "log" already exists, skipping

NOTICE:  column "date_start" of relation "log" already exists, skipping

NOTICE:  column "date_end" of relation "log" already exists, skipping

NOTICE:  column "run_uid" of relation "log" already exists, skipping

NOTICE:  column "run_label" of relation "log" already exists, skipping

NOTICE:  column "host" of relation "log" already exists, skipping

NOTICE:  column "config_name" of relation "log" already exists, skipping

NOTICE:  column "config_hash" of relation "log" already exists, skipping

NOTICE:  column "config_drift" of relation "log" already exists, skipping

NOTICE:  column "link_version" of relation "log" already exists, skipping

NOTICE:  column "link_sha" of relation "log" already exists, skipping

NOTICE:  column "link_dirty" of relation "log" already exists, skipping

NOTICE:  column "fresh_version" of relation "log" already exists, skipping

NOTICE:  column "fresh_sha" of relation "log" already exists, skipping

NOTICE:  column "fresh_dirty" of relation "log" already exists, skipping

NOTICE:  column "fresh_sha_source" of relation "log" already exists, skipping

NOTICE:  column "crate_version" of relation "log" already exists, skipping

NOTICE:  column "fwapg_sha" of relation "log" already exists, skipping

NOTICE:  column "bcfishobs_sha" of relation "log" already exists, skipping

NOTICE:  column "arg_dams" of relation "log" already exists, skipping

NOTICE:  column "arg_mapping_code" of relation "log" already exists, skipping

NOTICE:  column "arg_cleanup_working" of relation "log" already exists, skipping

NOTICE:  column "schema_persist" of relation "log" already exists, skipping

NOTICE:  column "species" of relation "log" already exists, skipping

NOTICE:  column "wsg_upstream" of relation "log" already exists, skipping

NOTICE:  column "bcfp_model_run_id" of relation "log" already exists, skipping

NOTICE:  column "bcfp_model_version" of relation "log" already exists, skipping

NOTICE:  column "bcfp_pin_source" of relation "log" already exists, skipping

NOTICE:  column "notes" of relation "log" already exists, skipping

NOTICE:  relation "log_recompute" already exists, skipping

NOTICE:  column "recompute_id" of relation "log_recompute" already exists, skipping

NOTICE:  column "watershed_group_code" of relation "log_recompute" already exists, skipping

NOTICE:  column "date_start" of relation "log_recompute" already exists, skipping

NOTICE:  column "date_end" of relation "log_recompute" already exists, skipping

NOTICE:  column "run_uid" of relation "log_recompute" already exists, skipping

NOTICE:  column "run_label" of relation "log_recompute" already exists, skipping

NOTICE:  column "host" of relation "log_recompute" already exists, skipping

NOTICE:  column "config_name" of relation "log_recompute" already exists, skipping

NOTICE:  column "config_hash" of relation "log_recompute" already exists, skipping

NOTICE:  column "link_version" of relation "log_recompute" already exists, skipping

NOTICE:  column "link_sha" of relation "log_recompute" already exists, skipping

NOTICE:  column "link_dirty" of relation "log_recompute" already exists, skipping

NOTICE:  column "fresh_version" of relation "log_recompute" already exists, skipping

NOTICE:  column "fresh_sha" of relation "log_recompute" already exists, skipping

NOTICE:  column "fresh_dirty" of relation "log_recompute" already exists, skipping

NOTICE:  column "fresh_sha_source" of relation "log_recompute" already exists, skipping

NOTICE:  column "crate_version" of relation "log_recompute" already exists, skipping

NOTICE:  column "fwapg_sha" of relation "log_recompute" already exists, skipping

NOTICE:  column "bcfishobs_sha" of relation "log_recompute" already exists, skipping

NOTICE:  column "schema_persist" of relation "log_recompute" already exists, skipping

NOTICE:  column "species" of relation "log_recompute" already exists, skipping

NOTICE:  column "views_prebuilt" of relation "log_recompute" already exists, skipping

NOTICE:  column "notes" of relation "log_recompute" already exists, skipping

NOTICE:  relation "log_input" already exists, skipping

NOTICE:  column "run_id" of relation "log_input" already exists, skipping

NOTICE:  column "watershed_group_code" of relation "log_input" already exists, skipping

NOTICE:  column "table_name" of relation "log_input" already exists, skipping

NOTICE:  column "row_count" of relation "log_input" already exists, skipping

NOTICE:  column "row_count_estimated" of relation "log_input" already exists, skipping

NOTICE:  column "size_bytes" of relation "log_input" already exists, skipping

NOTICE:  column "last_analyze" of relation "log_input" already exists, skipping

NOTICE:  column "source" of relation "log_input" already exists, skipping

NOTICE:  column "source_at" of relation "log_input" already exists, skipping

NOTICE:  relation "log_parameters_fresh" already exists, skipping

NOTICE:  column "config_hash" of relation "log_parameters_fresh" already exists, skipping

NOTICE:  column "species_code" of relation "log_parameters_fresh" already exists, skipping

NOTICE:  column "access_gradient_max" of relation "log_parameters_fresh" already exists, skipping

NOTICE:  column "spawn_gradient_min" of relation "log_parameters_fresh" already exists, skipping

NOTICE:  column "rear_gradient_min" of relation "log_parameters_fresh" already exists, skipping

NOTICE:  column "cluster_rearing" of relation "log_parameters_fresh" already exists, skipping

NOTICE:  column "cluster_direction" of relation "log_parameters_fresh" already exists, skipping

NOTICE:  column "cluster_bridge_gradient" of relation "log_parameters_fresh" already exists, skipping

NOTICE:  column "cluster_bridge_distance" of relation "log_parameters_fresh" already exists, skipping

NOTICE:  column "cluster_confluence_m" of relation "log_parameters_fresh" already exists, skipping

NOTICE:  column "cluster_spawning" of relation "log_parameters_fresh" already exists, skipping

NOTICE:  column "cluster_spawn_direction" of relation "log_parameters_fresh" already exists, skipping

NOTICE:  column "cluster_spawn_bridge_gradient" of relation "log_parameters_fresh" already exists, skipping

NOTICE:  column "cluster_spawn_bridge_distance" of relation "log_parameters_fresh" already exists, skipping

NOTICE:  column "cluster_spawn_confluence_m" of relation "log_parameters_fresh" already exists, skipping

NOTICE:  column "observation_threshold" of relation "log_parameters_fresh" already exists, skipping

NOTICE:  column "observation_date_min" of relation "log_parameters_fresh" already exists, skipping

NOTICE:  column "observation_buffer_m" of relation "log_parameters_fresh" already exists, skipping

NOTICE:  column "observation_species" of relation "log_parameters_fresh" already exists, skipping

NOTICE:  column "observation_control_apply" of relation "log_parameters_fresh" already exists, skipping

NOTICE:  relation "log_parameters_habitat_thresholds" already exists, skipping

NOTICE:  column "config_hash" of relation "log_parameters_habitat_thresholds" already exists, skipping

NOTICE:  column "species_code" of relation "log_parameters_habitat_thresholds" already exists, skipping

NOTICE:  column "spawn_gradient_max" of relation "log_parameters_habitat_thresholds" already exists, skipping

NOTICE:  column "spawn_channel_width_min" of relation "log_parameters_habitat_thresholds" already exists, skipping

NOTICE:  column "spawn_channel_width_max" of relation "log_parameters_habitat_thresholds" already exists, skipping

NOTICE:  column "spawn_mad_min" of relation "log_parameters_habitat_thresholds" already exists, skipping

NOTICE:  column "spawn_mad_max" of relation "log_parameters_habitat_thresholds" already exists, skipping

NOTICE:  column "rear_gradient_max" of relation "log_parameters_habitat_thresholds" already exists, skipping

NOTICE:  column "rear_channel_width_min" of relation "log_parameters_habitat_thresholds" already exists, skipping

NOTICE:  column "rear_channel_width_max" of relation "log_parameters_habitat_thresholds" already exists, skipping

NOTICE:  column "rear_mad_min" of relation "log_parameters_habitat_thresholds" already exists, skipping

NOTICE:  column "rear_mad_max" of relation "log_parameters_habitat_thresholds" already exists, skipping

NOTICE:  column "rear_lake_ha_min" of relation "log_parameters_habitat_thresholds" already exists, skipping

NOTICE:  column "spawn_edge_types" of relation "log_parameters_habitat_thresholds" already exists, skipping

NOTICE:  column "rear_edge_types" of relation "log_parameters_habitat_thresholds" already exists, skipping

NOTICE:  relation "log_dimensions" already exists, skipping

NOTICE:  column "config_hash" of relation "log_dimensions" already exists, skipping

NOTICE:  column "species" of relation "log_dimensions" already exists, skipping

NOTICE:  column "spawn_lake" of relation "log_dimensions" already exists, skipping

NOTICE:  column "spawn_stream" of relation "log_dimensions" already exists, skipping

NOTICE:  column "spawn_stream_in_waterbody" of relation "log_dimensions" already exists, skipping

NOTICE:  column "rear_lake" of relation "log_dimensions" already exists, skipping

NOTICE:  column "rear_lake_only" of relation "log_dimensions" already exists, skipping

NOTICE:  column "rear_lake_area_only" of relation "log_dimensions" already exists, skipping

NOTICE:  column "rear_no_fw" of relation "log_dimensions" already exists, skipping

NOTICE:  column "rear_stream" of relation "log_dimensions" already exists, skipping

NOTICE:  column "rear_stream_in_waterbody" of relation "log_dimensions" already exists, skipping

NOTICE:  column "rear_wetland" of relation "log_dimensions" already exists, skipping

NOTICE:  column "rear_wetland_polygon" of relation "log_dimensions" already exists, skipping

NOTICE:  column "rear_wetland_area_only" of relation "log_dimensions" already exists, skipping

NOTICE:  column "rear_all_edges" of relation "log_dimensions" already exists, skipping

NOTICE:  column "river_skip_cw_min" of relation "log_dimensions" already exists, skipping

NOTICE:  column "rear_stream_order_bypass" of relation "log_dimensions" already exists, skipping

NOTICE:  column "rear_stream_order_parent_min" of relation "log_dimensions" already exists, skipping

NOTICE:  column "rear_stream_order_child_min" of relation "log_dimensions" already exists, skipping

NOTICE:  column "rear_stream_order_child_max" of relation "log_dimensions" already exists, skipping

NOTICE:  column "rear_stream_order_distance_max" of relation "log_dimensions" already exists, skipping

NOTICE:  column "spawn_requires_connected" of relation "log_dimensions" already exists, skipping

NOTICE:  column "spawn_connected_distance_max" of relation "log_dimensions" already exists, skipping

NOTICE:  column "spawn_connected_direction" of relation "log_dimensions" already exists, skipping

NOTICE:  column "spawn_connected_gradient_max" of relation "log_dimensions" already exists, skipping

NOTICE:  column "spawn_connected_cw_min" of relation "log_dimensions" already exists, skipping

NOTICE:  column "spawn_connected_edge_types" of relation "log_dimensions" already exists, skipping

NOTICE:  column "spawn_connected_lake_adjacent" of relation "log_dimensions" already exists, skipping

NOTICE:  column "rear_requires_connected" of relation "log_dimensions" already exists, skipping

NOTICE:  column "rear_connected_distance_max" of relation "log_dimensions" already exists, skipping

NOTICE:  column "rear_lake_ha_min" of relation "log_dimensions" already exists, skipping

NOTICE:  column "rear_wetland_ha_min" of relation "log_dimensions" already exists, skipping

NOTICE:  column "notes" of relation "log_dimensions" already exists, skipping

NOTICE:  relation "log_wsg_date_idx" already exists, skipping

NOTICE:  relation "log_config_idx" already exists, skipping

NOTICE:  relation "log_input_rn_idx" already exists, skipping

NOTICE:  relation "log_run_uid_idx" already exists, skipping

NOTICE:  relation "log_rc_run_uid_idx" already exists, skipping

NOTICE:  relation "log_rc_wsg_date_idx" already exists, skipping

NOTICE:  table "barriers" does not exist, skipping

10:12:40 base SIML done in 2.6 min
NOTICE:  schema "score300_default_tuned" already exists, skipping

NOTICE:  relation "log" already exists, skipping

NOTICE:  column "run_id" of relation "log" already exists, skipping

NOTICE:  column "watershed_group_code" of relation "log" already exists, skipping

NOTICE:  column "date_start" of relation "log" already exists, skipping

NOTICE:  column "date_end" of relation "log" already exists, skipping

NOTICE:  column "run_uid" of relation "log" already exists, skipping

NOTICE:  column "run_label" of relation "log" already exists, skipping

NOTICE:  column "host" of relation "log" already exists, skipping

NOTICE:  column "config_name" of relation "log" already exists, skipping

NOTICE:  column "config_hash" of relation "log" already exists, skipping

NOTICE:  column "config_drift" of relation "log" already exists, skipping

NOTICE:  column "link_version" of relation "log" already exists, skipping

NOTICE:  column "link_sha" of relation "log" already exists, skipping

NOTICE:  column "link_dirty" of relation "log" already exists, skipping

NOTICE:  column "fresh_version" of relation "log" already exists, skipping

NOTICE:  column "fresh_sha" of relation "log" already exists, skipping

NOTICE:  column "fresh_dirty" of relation "log" already exists, skipping

NOTICE:  column "fresh_sha_source" of relation "log" already exists, skipping

NOTICE:  column "crate_version" of relation "log" already exists, skipping

NOTICE:  column "fwapg_sha" of relation "log" already exists, skipping

NOTICE:  column "bcfishobs_sha" of relation "log" already exists, skipping

NOTICE:  column "arg_dams" of relation "log" already exists, skipping

NOTICE:  column "arg_mapping_code" of relation "log" already exists, skipping

NOTICE:  column "arg_cleanup_working" of relation "log" already exists, skipping

NOTICE:  column "schema_persist" of relation "log" already exists, skipping

NOTICE:  column "species" of relation "log" already exists, skipping

NOTICE:  column "wsg_upstream" of relation "log" already exists, skipping

NOTICE:  column "bcfp_model_run_id" of relation "log" already exists, skipping

NOTICE:  column "bcfp_model_version" of relation "log" already exists, skipping

NOTICE:  column "bcfp_pin_source" of relation "log" already exists, skipping

NOTICE:  column "notes" of relation "log" already exists, skipping

NOTICE:  relation "log_recompute" already exists, skipping

NOTICE:  column "recompute_id" of relation "log_recompute" already exists, skipping

NOTICE:  column "watershed_group_code" of relation "log_recompute" already exists, skipping

NOTICE:  column "date_start" of relation "log_recompute" already exists, skipping

NOTICE:  column "date_end" of relation "log_recompute" already exists, skipping

NOTICE:  column "run_uid" of relation "log_recompute" already exists, skipping

NOTICE:  column "run_label" of relation "log_recompute" already exists, skipping

NOTICE:  column "host" of relation "log_recompute" already exists, skipping

NOTICE:  column "config_name" of relation "log_recompute" already exists, skipping

NOTICE:  column "config_hash" of relation "log_recompute" already exists, skipping

NOTICE:  column "link_version" of relation "log_recompute" already exists, skipping

NOTICE:  column "link_sha" of relation "log_recompute" already exists, skipping

NOTICE:  column "link_dirty" of relation "log_recompute" already exists, skipping

NOTICE:  column "fresh_version" of relation "log_recompute" already exists, skipping

NOTICE:  column "fresh_sha" of relation "log_recompute" already exists, skipping

NOTICE:  column "fresh_dirty" of relation "log_recompute" already exists, skipping

NOTICE:  column "fresh_sha_source" of relation "log_recompute" already exists, skipping

NOTICE:  column "crate_version" of relation "log_recompute" already exists, skipping

NOTICE:  column "fwapg_sha" of relation "log_recompute" already exists, skipping

NOTICE:  column "bcfishobs_sha" of relation "log_recompute" already exists, skipping

NOTICE:  column "schema_persist" of relation "log_recompute" already exists, skipping

NOTICE:  column "species" of relation "log_recompute" already exists, skipping

NOTICE:  column "views_prebuilt" of relation "log_recompute" already exists, skipping

NOTICE:  column "notes" of relation "log_recompute" already exists, skipping

NOTICE:  relation "log_input" already exists, skipping

NOTICE:  column "run_id" of relation "log_input" already exists, skipping

NOTICE:  column "watershed_group_code" of relation "log_input" already exists, skipping

NOTICE:  column "table_name" of relation "log_input" already exists, skipping

NOTICE:  column "row_count" of relation "log_input" already exists, skipping

NOTICE:  column "row_count_estimated" of relation "log_input" already exists, skipping

NOTICE:  column "size_bytes" of relation "log_input" already exists, skipping

NOTICE:  column "last_analyze" of relation "log_input" already exists, skipping

NOTICE:  column "source" of relation "log_input" already exists, skipping

NOTICE:  column "source_at" of relation "log_input" already exists, skipping

NOTICE:  relation "log_parameters_fresh" already exists, skipping

NOTICE:  column "config_hash" of relation "log_parameters_fresh" already exists, skipping

NOTICE:  column "species_code" of relation "log_parameters_fresh" already exists, skipping

NOTICE:  column "access_gradient_max" of relation "log_parameters_fresh" already exists, skipping

NOTICE:  column "spawn_gradient_min" of relation "log_parameters_fresh" already exists, skipping

NOTICE:  column "rear_gradient_min" of relation "log_parameters_fresh" already exists, skipping

NOTICE:  column "cluster_rearing" of relation "log_parameters_fresh" already exists, skipping

NOTICE:  column "cluster_direction" of relation "log_parameters_fresh" already exists, skipping

NOTICE:  column "cluster_bridge_gradient" of relation "log_parameters_fresh" already exists, skipping

NOTICE:  column "cluster_bridge_distance" of relation "log_parameters_fresh" already exists, skipping

NOTICE:  column "cluster_confluence_m" of relation "log_parameters_fresh" already exists, skipping

NOTICE:  column "cluster_spawning" of relation "log_parameters_fresh" already exists, skipping

NOTICE:  column "cluster_spawn_direction" of relation "log_parameters_fresh" already exists, skipping

NOTICE:  column "cluster_spawn_bridge_gradient" of relation "log_parameters_fresh" already exists, skipping

NOTICE:  column "cluster_spawn_bridge_distance" of relation "log_parameters_fresh" already exists, skipping

NOTICE:  column "cluster_spawn_confluence_m" of relation "log_parameters_fresh" already exists, skipping

NOTICE:  column "observation_threshold" of relation "log_parameters_fresh" already exists, skipping

NOTICE:  column "observation_date_min" of relation "log_parameters_fresh" already exists, skipping

NOTICE:  column "observation_buffer_m" of relation "log_parameters_fresh" already exists, skipping

NOTICE:  column "observation_species" of relation "log_parameters_fresh" already exists, skipping

NOTICE:  column "observation_control_apply" of relation "log_parameters_fresh" already exists, skipping

NOTICE:  relation "log_parameters_habitat_thresholds" already exists, skipping

NOTICE:  column "config_hash" of relation "log_parameters_habitat_thresholds" already exists, skipping

NOTICE:  column "species_code" of relation "log_parameters_habitat_thresholds" already exists, skipping

NOTICE:  column "spawn_gradient_max" of relation "log_parameters_habitat_thresholds" already exists, skipping

NOTICE:  column "spawn_channel_width_min" of relation "log_parameters_habitat_thresholds" already exists, skipping

NOTICE:  column "spawn_channel_width_max" of relation "log_parameters_habitat_thresholds" already exists, skipping

NOTICE:  column "spawn_mad_min" of relation "log_parameters_habitat_thresholds" already exists, skipping

NOTICE:  column "spawn_mad_max" of relation "log_parameters_habitat_thresholds" already exists, skipping

NOTICE:  column "rear_gradient_max" of relation "log_parameters_habitat_thresholds" already exists, skipping

NOTICE:  column "rear_channel_width_min" of relation "log_parameters_habitat_thresholds" already exists, skipping

NOTICE:  column "rear_channel_width_max" of relation "log_parameters_habitat_thresholds" already exists, skipping

NOTICE:  column "rear_mad_min" of relation "log_parameters_habitat_thresholds" already exists, skipping

NOTICE:  column "rear_mad_max" of relation "log_parameters_habitat_thresholds" already exists, skipping

NOTICE:  column "rear_lake_ha_min" of relation "log_parameters_habitat_thresholds" already exists, skipping

NOTICE:  column "spawn_edge_types" of relation "log_parameters_habitat_thresholds" already exists, skipping

NOTICE:  column "rear_edge_types" of relation "log_parameters_habitat_thresholds" already exists, skipping

NOTICE:  relation "log_dimensions" already exists, skipping

NOTICE:  column "config_hash" of relation "log_dimensions" already exists, skipping

NOTICE:  column "species" of relation "log_dimensions" already exists, skipping

NOTICE:  column "spawn_lake" of relation "log_dimensions" already exists, skipping

NOTICE:  column "spawn_stream" of relation "log_dimensions" already exists, skipping

NOTICE:  column "spawn_stream_in_waterbody" of relation "log_dimensions" already exists, skipping

NOTICE:  column "rear_lake" of relation "log_dimensions" already exists, skipping

NOTICE:  column "rear_lake_only" of relation "log_dimensions" already exists, skipping

NOTICE:  column "rear_lake_area_only" of relation "log_dimensions" already exists, skipping

NOTICE:  column "rear_no_fw" of relation "log_dimensions" already exists, skipping

NOTICE:  column "rear_stream" of relation "log_dimensions" already exists, skipping

NOTICE:  column "rear_stream_in_waterbody" of relation "log_dimensions" already exists, skipping

NOTICE:  column "rear_wetland" of relation "log_dimensions" already exists, skipping

NOTICE:  column "rear_wetland_polygon" of relation "log_dimensions" already exists, skipping

NOTICE:  column "rear_wetland_area_only" of relation "log_dimensions" already exists, skipping

NOTICE:  column "rear_all_edges" of relation "log_dimensions" already exists, skipping

NOTICE:  column "river_skip_cw_min" of relation "log_dimensions" already exists, skipping

NOTICE:  column "rear_stream_order_bypass" of relation "log_dimensions" already exists, skipping

NOTICE:  column "rear_stream_order_parent_min" of relation "log_dimensions" already exists, skipping

NOTICE:  column "rear_stream_order_child_min" of relation "log_dimensions" already exists, skipping

NOTICE:  column "rear_stream_order_child_max" of relation "log_dimensions" already exists, skipping

NOTICE:  column "rear_stream_order_distance_max" of relation "log_dimensions" already exists, skipping

NOTICE:  column "spawn_requires_connected" of relation "log_dimensions" already exists, skipping

NOTICE:  column "spawn_connected_distance_max" of relation "log_dimensions" already exists, skipping

NOTICE:  column "spawn_connected_direction" of relation "log_dimensions" already exists, skipping

NOTICE:  column "spawn_connected_gradient_max" of relation "log_dimensions" already exists, skipping

NOTICE:  column "spawn_connected_cw_min" of relation "log_dimensions" already exists, skipping

NOTICE:  column "spawn_connected_edge_types" of relation "log_dimensions" already exists, skipping

NOTICE:  column "spawn_connected_lake_adjacent" of relation "log_dimensions" already exists, skipping

NOTICE:  column "rear_requires_connected" of relation "log_dimensions" already exists, skipping

NOTICE:  column "rear_connected_distance_max" of relation "log_dimensions" already exists, skipping

NOTICE:  column "rear_lake_ha_min" of relation "log_dimensions" already exists, skipping

NOTICE:  column "rear_wetland_ha_min" of relation "log_dimensions" already exists, skipping

NOTICE:  column "notes" of relation "log_dimensions" already exists, skipping

NOTICE:  relation "log_wsg_date_idx" already exists, skipping

NOTICE:  relation "log_config_idx" already exists, skipping

NOTICE:  relation "log_input_rn_idx" already exists, skipping

NOTICE:  relation "log_run_uid_idx" already exists, skipping

NOTICE:  relation "log_rc_run_uid_idx" already exists, skipping

NOTICE:  relation "log_rc_wsg_date_idx" already exists, skipping

NOTICE:  schema "working_score300_kotl" does not exist, skipping

NOTICE:  schema "working_score300_kotl" does not exist, skipping

NOTICE:  schema "working_score300_kotl" does not exist, skipping

NOTICE:  schema "working_score300_kotl" does not exist, skipping

NOTICE:  schema "fresh" already exists, skipping

NOTICE:  table "barriers_definite" does not exist, skipping

NOTICE:  table "barriers_definite_control" does not exist, skipping

NOTICE:  table "observations" does not exist, skipping

NOTICE:  table "streams_blk" does not exist, skipping

NOTICE:  table "gradient_barriers_raw" does not exist, skipping

NOTICE:  table "natural_barriers" does not exist, skipping

NOTICE:  table "barrier_overrides" does not exist, skipping

NOTICE:  table "barriers_bt" does not exist, skipping

NOTICE:  table "barriers_ch" does not exist, skipping

NOTICE:  table "barriers_cm" does not exist, skipping

NOTICE:  table "barriers_co" does not exist, skipping

NOTICE:  table "barriers_pk" does not exist, skipping

NOTICE:  table "barriers_sk" does not exist, skipping

NOTICE:  table "barriers_st" does not exist, skipping

NOTICE:  table "barriers_wct" does not exist, skipping

NOTICE:  table "barriers_ko" does not exist, skipping

NOTICE:  table "barriers_rb" does not exist, skipping

NOTICE:  table "barriers_gr" does not exist, skipping

NOTICE:  table "gradient_barriers_minimal" does not exist, skipping

NOTICE:  table "streams" does not exist, skipping

NOTICE:  table "streams_habitat" does not exist, skipping

NOTICE:  table "cabd_exclusions" does not exist, skipping

NOTICE:  table "cabd_blkey_xref" does not exist, skipping

NOTICE:  table "cabd_passability_status_updates" does not exist, skipping

NOTICE:  table "cabd_additions" does not exist, skipping

NOTICE:  table "cabd_dams_raw" does not exist, skipping

NOTICE:  table "dams" does not exist, skipping

NOTICE:  table "pscis_modelledcrossings_streams_xref" does not exist, skipping

NOTICE:  table "pscis_stream_candidates" does not exist, skipping

NOTICE:  table "pscis_streams_150m" does not exist, skipping

NOTICE:  table "pscis_picked" does not exist, skipping

NOTICE:  table "pscis" does not exist, skipping

NOTICE:  table "crossings_lookup" does not exist, skipping

NOTICE:  table "barriers_anthropogenic" does not exist, skipping

NOTICE:  table "barriers_pscis" does not exist, skipping

NOTICE:  table "barriers_dams" does not exist, skipping

NOTICE:  table "barriers_remediations" does not exist, skipping

NOTICE:  table "observations_breaks" does not exist, skipping

NOTICE:  table "habitat_endpoints" does not exist, skipping

NOTICE:  table "crossings_breaks" does not exist, skipping

NOTICE:  table "streams_breaks" does not exist, skipping

NOTICE:  relation "streams_id_segment_idx" already exists, skipping

NOTICE:  table "streams_acc_015" does not exist, skipping

NOTICE:  table "streams_acc_02" does not exist, skipping

NOTICE:  table "streams_acc_025" does not exist, skipping

NOTICE:  table "streams_acc_025_ovr_bt" does not exist, skipping

NOTICE:  table "streams_acc_02_ovr_wct" does not exist, skipping

NOTICE:  table "streams_acc_015_ovr_ko" does not exist, skipping

NOTICE:  table "frs_clusters_bt" does not exist, skipping

NOTICE:  table "frs_clusters_wct" does not exist, skipping

NOTICE:  table "frs_clusters_ko" does not exist, skipping

NOTICE:  table "frs_qual_spawn_ko" does not exist, skipping

NOTICE:  table "frs_trace_lfid_ko" does not exist, skipping

NOTICE:  schema "score300_default_tuned" already exists, skipping

NOTICE:  relation "streams" already exists, skipping

NOTICE:  relation "streams_wsg_idx" already exists, skipping

NOTICE:  relation "streams_blk_idx" already exists, skipping

NOTICE:  relation "streams_geom_idx" already exists, skipping

NOTICE:  relation "streams_wbk_idx" already exists, skipping

NOTICE:  relation "streams_wscode_gist_idx" already exists, skipping

NOTICE:  relation "streams_wscode_btree_idx" already exists, skipping

NOTICE:  relation "streams_localcode_gist_idx" already exists, skipping

NOTICE:  relation "streams_localcode_btree_idx" already exists, skipping

NOTICE:  relation "streams_habitat_bt" already exists, skipping

NOTICE:  relation "streams_habitat_bt_wsg_idx" already exists, skipping

NOTICE:  relation "streams_habitat_ch" already exists, skipping

NOTICE:  relation "streams_habitat_ch_wsg_idx" already exists, skipping

NOTICE:  relation "streams_habitat_cm" already exists, skipping

NOTICE:  relation "streams_habitat_cm_wsg_idx" already exists, skipping

NOTICE:  relation "streams_habitat_co" already exists, skipping

NOTICE:  relation "streams_habitat_co_wsg_idx" already exists, skipping

NOTICE:  relation "streams_habitat_pk" already exists, skipping

NOTICE:  relation "streams_habitat_pk_wsg_idx" already exists, skipping

NOTICE:  relation "streams_habitat_sk" already exists, skipping

NOTICE:  relation "streams_habitat_sk_wsg_idx" already exists, skipping

NOTICE:  relation "streams_habitat_st" already exists, skipping

NOTICE:  relation "streams_habitat_st_wsg_idx" already exists, skipping

NOTICE:  relation "streams_habitat_wct" already exists, skipping

NOTICE:  relation "streams_habitat_wct_wsg_idx" already exists, skipping

NOTICE:  relation "streams_habitat_ko" already exists, skipping

NOTICE:  relation "streams_habitat_ko_wsg_idx" already exists, skipping

NOTICE:  relation "streams_habitat_rb" already exists, skipping

NOTICE:  relation "streams_habitat_rb_wsg_idx" already exists, skipping

NOTICE:  relation "streams_habitat_gr" already exists, skipping

NOTICE:  relation "streams_habitat_gr_wsg_idx" already exists, skipping

NOTICE:  relation "barriers" already exists, skipping

NOTICE:  relation "barriers_wsg_idx" already exists, skipping

NOTICE:  relation "barriers_blocks_idx" already exists, skipping

NOTICE:  relation "barriers_source_idx" already exists, skipping

NOTICE:  relation "barriers_blk_drm_idx" already exists, skipping

NOTICE:  relation "barriers_geom_idx" already exists, skipping

NOTICE:  relation "barriers_wscode_gist_idx" already exists, skipping

NOTICE:  relation "barriers_wscode_btree_idx" already exists, skipping

NOTICE:  relation "barriers_localcode_gist_idx" already exists, skipping

NOTICE:  relation "barriers_localcode_btree_idx" already exists, skipping

NOTICE:  relation "barrier_overrides" already exists, skipping

NOTICE:  relation "barrier_overrides_wsg_idx" already exists, skipping

NOTICE:  relation "barrier_overrides_blk_drm_idx" already exists, skipping

NOTICE:  relation "streams_access" already exists, skipping

NOTICE:  relation "streams_access_wsg_idx" already exists, skipping

NOTICE:  relation "streams_mapping_code" already exists, skipping

NOTICE:  relation "streams_mapping_code_wsg_idx" already exists, skipping

NOTICE:  schema "score300_default_tuned" already exists, skipping

NOTICE:  relation "log" already exists, skipping

NOTICE:  column "run_id" of relation "log" already exists, skipping

NOTICE:  column "watershed_group_code" of relation "log" already exists, skipping

NOTICE:  column "date_start" of relation "log" already exists, skipping

NOTICE:  column "date_end" of relation "log" already exists, skipping

NOTICE:  column "run_uid" of relation "log" already exists, skipping

NOTICE:  column "run_label" of relation "log" already exists, skipping

NOTICE:  column "host" of relation "log" already exists, skipping

NOTICE:  column "config_name" of relation "log" already exists, skipping

NOTICE:  column "config_hash" of relation "log" already exists, skipping

NOTICE:  column "config_drift" of relation "log" already exists, skipping

NOTICE:  column "link_version" of relation "log" already exists, skipping

NOTICE:  column "link_sha" of relation "log" already exists, skipping

NOTICE:  column "link_dirty" of relation "log" already exists, skipping

NOTICE:  column "fresh_version" of relation "log" already exists, skipping

NOTICE:  column "fresh_sha" of relation "log" already exists, skipping

NOTICE:  column "fresh_dirty" of relation "log" already exists, skipping

NOTICE:  column "fresh_sha_source" of relation "log" already exists, skipping

NOTICE:  column "crate_version" of relation "log" already exists, skipping

NOTICE:  column "fwapg_sha" of relation "log" already exists, skipping

NOTICE:  column "bcfishobs_sha" of relation "log" already exists, skipping

NOTICE:  column "arg_dams" of relation "log" already exists, skipping

NOTICE:  column "arg_mapping_code" of relation "log" already exists, skipping

NOTICE:  column "arg_cleanup_working" of relation "log" already exists, skipping

NOTICE:  column "schema_persist" of relation "log" already exists, skipping

NOTICE:  column "species" of relation "log" already exists, skipping

NOTICE:  column "wsg_upstream" of relation "log" already exists, skipping

NOTICE:  column "bcfp_model_run_id" of relation "log" already exists, skipping

NOTICE:  column "bcfp_model_version" of relation "log" already exists, skipping

NOTICE:  column "bcfp_pin_source" of relation "log" already exists, skipping

NOTICE:  column "notes" of relation "log" already exists, skipping

NOTICE:  relation "log_recompute" already exists, skipping

NOTICE:  column "recompute_id" of relation "log_recompute" already exists, skipping

NOTICE:  column "watershed_group_code" of relation "log_recompute" already exists, skipping

NOTICE:  column "date_start" of relation "log_recompute" already exists, skipping

NOTICE:  column "date_end" of relation "log_recompute" already exists, skipping

NOTICE:  column "run_uid" of relation "log_recompute" already exists, skipping

NOTICE:  column "run_label" of relation "log_recompute" already exists, skipping

NOTICE:  column "host" of relation "log_recompute" already exists, skipping

NOTICE:  column "config_name" of relation "log_recompute" already exists, skipping

NOTICE:  column "config_hash" of relation "log_recompute" already exists, skipping

NOTICE:  column "link_version" of relation "log_recompute" already exists, skipping

NOTICE:  column "link_sha" of relation "log_recompute" already exists, skipping

NOTICE:  column "link_dirty" of relation "log_recompute" already exists, skipping

NOTICE:  column "fresh_version" of relation "log_recompute" already exists, skipping

NOTICE:  column "fresh_sha" of relation "log_recompute" already exists, skipping

NOTICE:  column "fresh_dirty" of relation "log_recompute" already exists, skipping

NOTICE:  column "fresh_sha_source" of relation "log_recompute" already exists, skipping

NOTICE:  column "crate_version" of relation "log_recompute" already exists, skipping

NOTICE:  column "fwapg_sha" of relation "log_recompute" already exists, skipping

NOTICE:  column "bcfishobs_sha" of relation "log_recompute" already exists, skipping

NOTICE:  column "schema_persist" of relation "log_recompute" already exists, skipping

NOTICE:  column "species" of relation "log_recompute" already exists, skipping

NOTICE:  column "views_prebuilt" of relation "log_recompute" already exists, skipping

NOTICE:  column "notes" of relation "log_recompute" already exists, skipping

NOTICE:  relation "log_input" already exists, skipping

NOTICE:  column "run_id" of relation "log_input" already exists, skipping

NOTICE:  column "watershed_group_code" of relation "log_input" already exists, skipping

NOTICE:  column "table_name" of relation "log_input" already exists, skipping

NOTICE:  column "row_count" of relation "log_input" already exists, skipping

NOTICE:  column "row_count_estimated" of relation "log_input" already exists, skipping

NOTICE:  column "size_bytes" of relation "log_input" already exists, skipping

NOTICE:  column "last_analyze" of relation "log_input" already exists, skipping

NOTICE:  column "source" of relation "log_input" already exists, skipping

NOTICE:  column "source_at" of relation "log_input" already exists, skipping

NOTICE:  relation "log_parameters_fresh" already exists, skipping

NOTICE:  column "config_hash" of relation "log_parameters_fresh" already exists, skipping

NOTICE:  column "species_code" of relation "log_parameters_fresh" already exists, skipping

NOTICE:  column "access_gradient_max" of relation "log_parameters_fresh" already exists, skipping

NOTICE:  column "spawn_gradient_min" of relation "log_parameters_fresh" already exists, skipping

NOTICE:  column "rear_gradient_min" of relation "log_parameters_fresh" already exists, skipping

NOTICE:  column "cluster_rearing" of relation "log_parameters_fresh" already exists, skipping

NOTICE:  column "cluster_direction" of relation "log_parameters_fresh" already exists, skipping

NOTICE:  column "cluster_bridge_gradient" of relation "log_parameters_fresh" already exists, skipping

NOTICE:  column "cluster_bridge_distance" of relation "log_parameters_fresh" already exists, skipping

NOTICE:  column "cluster_confluence_m" of relation "log_parameters_fresh" already exists, skipping

NOTICE:  column "cluster_spawning" of relation "log_parameters_fresh" already exists, skipping

NOTICE:  column "cluster_spawn_direction" of relation "log_parameters_fresh" already exists, skipping

NOTICE:  column "cluster_spawn_bridge_gradient" of relation "log_parameters_fresh" already exists, skipping

NOTICE:  column "cluster_spawn_bridge_distance" of relation "log_parameters_fresh" already exists, skipping

NOTICE:  column "cluster_spawn_confluence_m" of relation "log_parameters_fresh" already exists, skipping

NOTICE:  column "observation_threshold" of relation "log_parameters_fresh" already exists, skipping

NOTICE:  column "observation_date_min" of relation "log_parameters_fresh" already exists, skipping

NOTICE:  column "observation_buffer_m" of relation "log_parameters_fresh" already exists, skipping

NOTICE:  column "observation_species" of relation "log_parameters_fresh" already exists, skipping

NOTICE:  column "observation_control_apply" of relation "log_parameters_fresh" already exists, skipping

NOTICE:  relation "log_parameters_habitat_thresholds" already exists, skipping

NOTICE:  column "config_hash" of relation "log_parameters_habitat_thresholds" already exists, skipping

NOTICE:  column "species_code" of relation "log_parameters_habitat_thresholds" already exists, skipping

NOTICE:  column "spawn_gradient_max" of relation "log_parameters_habitat_thresholds" already exists, skipping

NOTICE:  column "spawn_channel_width_min" of relation "log_parameters_habitat_thresholds" already exists, skipping

NOTICE:  column "spawn_channel_width_max" of relation "log_parameters_habitat_thresholds" already exists, skipping

NOTICE:  column "spawn_mad_min" of relation "log_parameters_habitat_thresholds" already exists, skipping

NOTICE:  column "spawn_mad_max" of relation "log_parameters_habitat_thresholds" already exists, skipping

NOTICE:  column "rear_gradient_max" of relation "log_parameters_habitat_thresholds" already exists, skipping

NOTICE:  column "rear_channel_width_min" of relation "log_parameters_habitat_thresholds" already exists, skipping

NOTICE:  column "rear_channel_width_max" of relation "log_parameters_habitat_thresholds" already exists, skipping

NOTICE:  column "rear_mad_min" of relation "log_parameters_habitat_thresholds" already exists, skipping

NOTICE:  column "rear_mad_max" of relation "log_parameters_habitat_thresholds" already exists, skipping

NOTICE:  column "rear_lake_ha_min" of relation "log_parameters_habitat_thresholds" already exists, skipping

NOTICE:  column "spawn_edge_types" of relation "log_parameters_habitat_thresholds" already exists, skipping

NOTICE:  column "rear_edge_types" of relation "log_parameters_habitat_thresholds" already exists, skipping

NOTICE:  relation "log_dimensions" already exists, skipping

NOTICE:  column "config_hash" of relation "log_dimensions" already exists, skipping

NOTICE:  column "species" of relation "log_dimensions" already exists, skipping

NOTICE:  column "spawn_lake" of relation "log_dimensions" already exists, skipping

NOTICE:  column "spawn_stream" of relation "log_dimensions" already exists, skipping

NOTICE:  column "spawn_stream_in_waterbody" of relation "log_dimensions" already exists, skipping

NOTICE:  column "rear_lake" of relation "log_dimensions" already exists, skipping

NOTICE:  column "rear_lake_only" of relation "log_dimensions" already exists, skipping

NOTICE:  column "rear_lake_area_only" of relation "log_dimensions" already exists, skipping

NOTICE:  column "rear_no_fw" of relation "log_dimensions" already exists, skipping

NOTICE:  column "rear_stream" of relation "log_dimensions" already exists, skipping

NOTICE:  column "rear_stream_in_waterbody" of relation "log_dimensions" already exists, skipping

NOTICE:  column "rear_wetland" of relation "log_dimensions" already exists, skipping

NOTICE:  column "rear_wetland_polygon" of relation "log_dimensions" already exists, skipping

NOTICE:  column "rear_wetland_area_only" of relation "log_dimensions" already exists, skipping

NOTICE:  column "rear_all_edges" of relation "log_dimensions" already exists, skipping

NOTICE:  column "river_skip_cw_min" of relation "log_dimensions" already exists, skipping

NOTICE:  column "rear_stream_order_bypass" of relation "log_dimensions" already exists, skipping

NOTICE:  column "rear_stream_order_parent_min" of relation "log_dimensions" already exists, skipping

NOTICE:  column "rear_stream_order_child_min" of relation "log_dimensions" already exists, skipping

NOTICE:  column "rear_stream_order_child_max" of relation "log_dimensions" already exists, skipping

NOTICE:  column "rear_stream_order_distance_max" of relation "log_dimensions" already exists, skipping

NOTICE:  column "spawn_requires_connected" of relation "log_dimensions" already exists, skipping

NOTICE:  column "spawn_connected_distance_max" of relation "log_dimensions" already exists, skipping

NOTICE:  column "spawn_connected_direction" of relation "log_dimensions" already exists, skipping

NOTICE:  column "spawn_connected_gradient_max" of relation "log_dimensions" already exists, skipping

NOTICE:  column "spawn_connected_cw_min" of relation "log_dimensions" already exists, skipping

NOTICE:  column "spawn_connected_edge_types" of relation "log_dimensions" already exists, skipping

NOTICE:  column "spawn_connected_lake_adjacent" of relation "log_dimensions" already exists, skipping

NOTICE:  column "rear_requires_connected" of relation "log_dimensions" already exists, skipping

NOTICE:  column "rear_connected_distance_max" of relation "log_dimensions" already exists, skipping

NOTICE:  column "rear_lake_ha_min" of relation "log_dimensions" already exists, skipping

NOTICE:  column "rear_wetland_ha_min" of relation "log_dimensions" already exists, skipping

NOTICE:  column "notes" of relation "log_dimensions" already exists, skipping

NOTICE:  relation "log_wsg_date_idx" already exists, skipping

NOTICE:  relation "log_config_idx" already exists, skipping

NOTICE:  relation "log_input_rn_idx" already exists, skipping

NOTICE:  relation "log_run_uid_idx" already exists, skipping

NOTICE:  relation "log_rc_run_uid_idx" already exists, skipping

NOTICE:  relation "log_rc_wsg_date_idx" already exists, skipping

NOTICE:  table "barriers" does not exist, skipping

10:16:50 base KOTL done in 4.1 min
NOTICE:  schema "score300_default_tuned" already exists, skipping

NOTICE:  relation "log" already exists, skipping

NOTICE:  column "run_id" of relation "log" already exists, skipping

NOTICE:  column "watershed_group_code" of relation "log" already exists, skipping

NOTICE:  column "date_start" of relation "log" already exists, skipping

NOTICE:  column "date_end" of relation "log" already exists, skipping

NOTICE:  column "run_uid" of relation "log" already exists, skipping

NOTICE:  column "run_label" of relation "log" already exists, skipping

NOTICE:  column "host" of relation "log" already exists, skipping

NOTICE:  column "config_name" of relation "log" already exists, skipping

NOTICE:  column "config_hash" of relation "log" already exists, skipping

NOTICE:  column "config_drift" of relation "log" already exists, skipping

NOTICE:  column "link_version" of relation "log" already exists, skipping

NOTICE:  column "link_sha" of relation "log" already exists, skipping

NOTICE:  column "link_dirty" of relation "log" already exists, skipping

NOTICE:  column "fresh_version" of relation "log" already exists, skipping

NOTICE:  column "fresh_sha" of relation "log" already exists, skipping

NOTICE:  column "fresh_dirty" of relation "log" already exists, skipping

NOTICE:  column "fresh_sha_source" of relation "log" already exists, skipping

NOTICE:  column "crate_version" of relation "log" already exists, skipping

NOTICE:  column "fwapg_sha" of relation "log" already exists, skipping

NOTICE:  column "bcfishobs_sha" of relation "log" already exists, skipping

NOTICE:  column "arg_dams" of relation "log" already exists, skipping

NOTICE:  column "arg_mapping_code" of relation "log" already exists, skipping

NOTICE:  column "arg_cleanup_working" of relation "log" already exists, skipping

NOTICE:  column "schema_persist" of relation "log" already exists, skipping

NOTICE:  column "species" of relation "log" already exists, skipping

NOTICE:  column "wsg_upstream" of relation "log" already exists, skipping

NOTICE:  column "bcfp_model_run_id" of relation "log" already exists, skipping

NOTICE:  column "bcfp_model_version" of relation "log" already exists, skipping

NOTICE:  column "bcfp_pin_source" of relation "log" already exists, skipping

NOTICE:  column "notes" of relation "log" already exists, skipping

NOTICE:  relation "log_recompute" already exists, skipping

NOTICE:  column "recompute_id" of relation "log_recompute" already exists, skipping

NOTICE:  column "watershed_group_code" of relation "log_recompute" already exists, skipping

NOTICE:  column "date_start" of relation "log_recompute" already exists, skipping

NOTICE:  column "date_end" of relation "log_recompute" already exists, skipping

NOTICE:  column "run_uid" of relation "log_recompute" already exists, skipping

NOTICE:  column "run_label" of relation "log_recompute" already exists, skipping

NOTICE:  column "host" of relation "log_recompute" already exists, skipping

NOTICE:  column "config_name" of relation "log_recompute" already exists, skipping

NOTICE:  column "config_hash" of relation "log_recompute" already exists, skipping

NOTICE:  column "link_version" of relation "log_recompute" already exists, skipping

NOTICE:  column "link_sha" of relation "log_recompute" already exists, skipping

NOTICE:  column "link_dirty" of relation "log_recompute" already exists, skipping

NOTICE:  column "fresh_version" of relation "log_recompute" already exists, skipping

NOTICE:  column "fresh_sha" of relation "log_recompute" already exists, skipping

NOTICE:  column "fresh_dirty" of relation "log_recompute" already exists, skipping

NOTICE:  column "fresh_sha_source" of relation "log_recompute" already exists, skipping

NOTICE:  column "crate_version" of relation "log_recompute" already exists, skipping

NOTICE:  column "fwapg_sha" of relation "log_recompute" already exists, skipping

NOTICE:  column "bcfishobs_sha" of relation "log_recompute" already exists, skipping

NOTICE:  column "schema_persist" of relation "log_recompute" already exists, skipping

NOTICE:  column "species" of relation "log_recompute" already exists, skipping

NOTICE:  column "views_prebuilt" of relation "log_recompute" already exists, skipping

NOTICE:  column "notes" of relation "log_recompute" already exists, skipping

NOTICE:  relation "log_input" already exists, skipping

NOTICE:  column "run_id" of relation "log_input" already exists, skipping

NOTICE:  column "watershed_group_code" of relation "log_input" already exists, skipping

NOTICE:  column "table_name" of relation "log_input" already exists, skipping

NOTICE:  column "row_count" of relation "log_input" already exists, skipping

NOTICE:  column "row_count_estimated" of relation "log_input" already exists, skipping

NOTICE:  column "size_bytes" of relation "log_input" already exists, skipping

NOTICE:  column "last_analyze" of relation "log_input" already exists, skipping

NOTICE:  column "source" of relation "log_input" already exists, skipping

NOTICE:  column "source_at" of relation "log_input" already exists, skipping

NOTICE:  relation "log_parameters_fresh" already exists, skipping

NOTICE:  column "config_hash" of relation "log_parameters_fresh" already exists, skipping

NOTICE:  column "species_code" of relation "log_parameters_fresh" already exists, skipping

NOTICE:  column "access_gradient_max" of relation "log_parameters_fresh" already exists, skipping

NOTICE:  column "spawn_gradient_min" of relation "log_parameters_fresh" already exists, skipping

NOTICE:  column "rear_gradient_min" of relation "log_parameters_fresh" already exists, skipping

NOTICE:  column "cluster_rearing" of relation "log_parameters_fresh" already exists, skipping

NOTICE:  column "cluster_direction" of relation "log_parameters_fresh" already exists, skipping

NOTICE:  column "cluster_bridge_gradient" of relation "log_parameters_fresh" already exists, skipping

NOTICE:  column "cluster_bridge_distance" of relation "log_parameters_fresh" already exists, skipping

NOTICE:  column "cluster_confluence_m" of relation "log_parameters_fresh" already exists, skipping

NOTICE:  column "cluster_spawning" of relation "log_parameters_fresh" already exists, skipping

NOTICE:  column "cluster_spawn_direction" of relation "log_parameters_fresh" already exists, skipping

NOTICE:  column "cluster_spawn_bridge_gradient" of relation "log_parameters_fresh" already exists, skipping

NOTICE:  column "cluster_spawn_bridge_distance" of relation "log_parameters_fresh" already exists, skipping

NOTICE:  column "cluster_spawn_confluence_m" of relation "log_parameters_fresh" already exists, skipping

NOTICE:  column "observation_threshold" of relation "log_parameters_fresh" already exists, skipping

NOTICE:  column "observation_date_min" of relation "log_parameters_fresh" already exists, skipping

NOTICE:  column "observation_buffer_m" of relation "log_parameters_fresh" already exists, skipping

NOTICE:  column "observation_species" of relation "log_parameters_fresh" already exists, skipping

NOTICE:  column "observation_control_apply" of relation "log_parameters_fresh" already exists, skipping

NOTICE:  relation "log_parameters_habitat_thresholds" already exists, skipping

NOTICE:  column "config_hash" of relation "log_parameters_habitat_thresholds" already exists, skipping

NOTICE:  column "species_code" of relation "log_parameters_habitat_thresholds" already exists, skipping

NOTICE:  column "spawn_gradient_max" of relation "log_parameters_habitat_thresholds" already exists, skipping

NOTICE:  column "spawn_channel_width_min" of relation "log_parameters_habitat_thresholds" already exists, skipping

NOTICE:  column "spawn_channel_width_max" of relation "log_parameters_habitat_thresholds" already exists, skipping

NOTICE:  column "spawn_mad_min" of relation "log_parameters_habitat_thresholds" already exists, skipping

NOTICE:  column "spawn_mad_max" of relation "log_parameters_habitat_thresholds" already exists, skipping

NOTICE:  column "rear_gradient_max" of relation "log_parameters_habitat_thresholds" already exists, skipping

NOTICE:  column "rear_channel_width_min" of relation "log_parameters_habitat_thresholds" already exists, skipping

NOTICE:  column "rear_channel_width_max" of relation "log_parameters_habitat_thresholds" already exists, skipping

NOTICE:  column "rear_mad_min" of relation "log_parameters_habitat_thresholds" already exists, skipping

NOTICE:  column "rear_mad_max" of relation "log_parameters_habitat_thresholds" already exists, skipping

NOTICE:  column "rear_lake_ha_min" of relation "log_parameters_habitat_thresholds" already exists, skipping

NOTICE:  column "spawn_edge_types" of relation "log_parameters_habitat_thresholds" already exists, skipping

NOTICE:  column "rear_edge_types" of relation "log_parameters_habitat_thresholds" already exists, skipping

NOTICE:  relation "log_dimensions" already exists, skipping

NOTICE:  column "config_hash" of relation "log_dimensions" already exists, skipping

NOTICE:  column "species" of relation "log_dimensions" already exists, skipping

NOTICE:  column "spawn_lake" of relation "log_dimensions" already exists, skipping

NOTICE:  column "spawn_stream" of relation "log_dimensions" already exists, skipping

NOTICE:  column "spawn_stream_in_waterbody" of relation "log_dimensions" already exists, skipping

NOTICE:  column "rear_lake" of relation "log_dimensions" already exists, skipping

NOTICE:  column "rear_lake_only" of relation "log_dimensions" already exists, skipping

NOTICE:  column "rear_lake_area_only" of relation "log_dimensions" already exists, skipping

NOTICE:  column "rear_no_fw" of relation "log_dimensions" already exists, skipping

NOTICE:  column "rear_stream" of relation "log_dimensions" already exists, skipping

NOTICE:  column "rear_stream_in_waterbody" of relation "log_dimensions" already exists, skipping

NOTICE:  column "rear_wetland" of relation "log_dimensions" already exists, skipping

NOTICE:  column "rear_wetland_polygon" of relation "log_dimensions" already exists, skipping

NOTICE:  column "rear_wetland_area_only" of relation "log_dimensions" already exists, skipping

NOTICE:  column "rear_all_edges" of relation "log_dimensions" already exists, skipping

NOTICE:  column "river_skip_cw_min" of relation "log_dimensions" already exists, skipping

NOTICE:  column "rear_stream_order_bypass" of relation "log_dimensions" already exists, skipping

NOTICE:  column "rear_stream_order_parent_min" of relation "log_dimensions" already exists, skipping

NOTICE:  column "rear_stream_order_child_min" of relation "log_dimensions" already exists, skipping

NOTICE:  column "rear_stream_order_child_max" of relation "log_dimensions" already exists, skipping

NOTICE:  column "rear_stream_order_distance_max" of relation "log_dimensions" already exists, skipping

NOTICE:  column "spawn_requires_connected" of relation "log_dimensions" already exists, skipping

NOTICE:  column "spawn_connected_distance_max" of relation "log_dimensions" already exists, skipping

NOTICE:  column "spawn_connected_direction" of relation "log_dimensions" already exists, skipping

NOTICE:  column "spawn_connected_gradient_max" of relation "log_dimensions" already exists, skipping

NOTICE:  column "spawn_connected_cw_min" of relation "log_dimensions" already exists, skipping

NOTICE:  column "spawn_connected_edge_types" of relation "log_dimensions" already exists, skipping

NOTICE:  column "spawn_connected_lake_adjacent" of relation "log_dimensions" already exists, skipping

NOTICE:  column "rear_requires_connected" of relation "log_dimensions" already exists, skipping

NOTICE:  column "rear_connected_distance_max" of relation "log_dimensions" already exists, skipping

NOTICE:  column "rear_lake_ha_min" of relation "log_dimensions" already exists, skipping

NOTICE:  column "rear_wetland_ha_min" of relation "log_dimensions" already exists, skipping

NOTICE:  column "notes" of relation "log_dimensions" already exists, skipping

NOTICE:  relation "log_wsg_date_idx" already exists, skipping

NOTICE:  relation "log_config_idx" already exists, skipping

NOTICE:  relation "log_input_rn_idx" already exists, skipping

NOTICE:  relation "log_run_uid_idx" already exists, skipping

NOTICE:  relation "log_rc_run_uid_idx" already exists, skipping

NOTICE:  relation "log_rc_wsg_date_idx" already exists, skipping

NOTICE:  schema "working_score300_lbtn" does not exist, skipping

NOTICE:  schema "working_score300_lbtn" does not exist, skipping

NOTICE:  schema "working_score300_lbtn" does not exist, skipping

NOTICE:  schema "working_score300_lbtn" does not exist, skipping

NOTICE:  schema "fresh" already exists, skipping

NOTICE:  table "barriers_definite" does not exist, skipping

NOTICE:  table "barriers_definite_control" does not exist, skipping

NOTICE:  table "observations" does not exist, skipping

NOTICE:  table "streams_blk" does not exist, skipping

NOTICE:  table "gradient_barriers_raw" does not exist, skipping

NOTICE:  table "natural_barriers" does not exist, skipping

NOTICE:  table "barrier_overrides" does not exist, skipping

NOTICE:  table "barriers_bt" does not exist, skipping

NOTICE:  table "barriers_ch" does not exist, skipping

NOTICE:  table "barriers_cm" does not exist, skipping

NOTICE:  table "barriers_co" does not exist, skipping

NOTICE:  table "barriers_pk" does not exist, skipping

NOTICE:  table "barriers_sk" does not exist, skipping

NOTICE:  table "barriers_st" does not exist, skipping

NOTICE:  table "barriers_wct" does not exist, skipping

NOTICE:  table "barriers_ko" does not exist, skipping

NOTICE:  table "barriers_rb" does not exist, skipping

NOTICE:  table "barriers_gr" does not exist, skipping

NOTICE:  table "gradient_barriers_minimal" does not exist, skipping

NOTICE:  table "streams" does not exist, skipping

NOTICE:  table "streams_habitat" does not exist, skipping

NOTICE:  table "cabd_exclusions" does not exist, skipping

NOTICE:  table "cabd_blkey_xref" does not exist, skipping

NOTICE:  table "cabd_passability_status_updates" does not exist, skipping

NOTICE:  table "cabd_additions" does not exist, skipping

NOTICE:  table "cabd_dams_raw" does not exist, skipping

NOTICE:  table "dams" does not exist, skipping

NOTICE:  table "pscis_modelledcrossings_streams_xref" does not exist, skipping

NOTICE:  table "pscis_stream_candidates" does not exist, skipping

NOTICE:  table "pscis_streams_150m" does not exist, skipping

NOTICE:  table "pscis_picked" does not exist, skipping

NOTICE:  table "pscis" does not exist, skipping

NOTICE:  table "crossings_lookup" does not exist, skipping

NOTICE:  table "barriers_anthropogenic" does not exist, skipping

NOTICE:  table "barriers_pscis" does not exist, skipping

NOTICE:  table "barriers_dams" does not exist, skipping

NOTICE:  table "barriers_remediations" does not exist, skipping

NOTICE:  table "observations_breaks" does not exist, skipping

NOTICE:  table "habitat_endpoints" does not exist, skipping

NOTICE:  table "crossings_breaks" does not exist, skipping

NOTICE:  table "streams_breaks" does not exist, skipping

NOTICE:  relation "streams_id_segment_idx" already exists, skipping

NOTICE:  table "streams_acc_015" does not exist, skipping

NOTICE:  table "streams_acc_025" does not exist, skipping

NOTICE:  table "frs_clusters_bt" does not exist, skipping

NOTICE:  table "frs_clusters_gr" does not exist, skipping

NOTICE:  schema "score300_default_tuned" already exists, skipping

NOTICE:  relation "streams" already exists, skipping

NOTICE:  relation "streams_wsg_idx" already exists, skipping

NOTICE:  relation "streams_blk_idx" already exists, skipping

NOTICE:  relation "streams_geom_idx" already exists, skipping

NOTICE:  relation "streams_wbk_idx" already exists, skipping

NOTICE:  relation "streams_wscode_gist_idx" already exists, skipping

NOTICE:  relation "streams_wscode_btree_idx" already exists, skipping

NOTICE:  relation "streams_localcode_gist_idx" already exists, skipping

NOTICE:  relation "streams_localcode_btree_idx" already exists, skipping

NOTICE:  relation "streams_habitat_bt" already exists, skipping

NOTICE:  relation "streams_habitat_bt_wsg_idx" already exists, skipping

NOTICE:  relation "streams_habitat_ch" already exists, skipping

NOTICE:  relation "streams_habitat_ch_wsg_idx" already exists, skipping

NOTICE:  relation "streams_habitat_cm" already exists, skipping

NOTICE:  relation "streams_habitat_cm_wsg_idx" already exists, skipping

NOTICE:  relation "streams_habitat_co" already exists, skipping

NOTICE:  relation "streams_habitat_co_wsg_idx" already exists, skipping

NOTICE:  relation "streams_habitat_pk" already exists, skipping

NOTICE:  relation "streams_habitat_pk_wsg_idx" already exists, skipping

NOTICE:  relation "streams_habitat_sk" already exists, skipping

NOTICE:  relation "streams_habitat_sk_wsg_idx" already exists, skipping

NOTICE:  relation "streams_habitat_st" already exists, skipping

NOTICE:  relation "streams_habitat_st_wsg_idx" already exists, skipping

NOTICE:  relation "streams_habitat_wct" already exists, skipping

NOTICE:  relation "streams_habitat_wct_wsg_idx" already exists, skipping

NOTICE:  relation "streams_habitat_ko" already exists, skipping

NOTICE:  relation "streams_habitat_ko_wsg_idx" already exists, skipping

NOTICE:  relation "streams_habitat_rb" already exists, skipping

NOTICE:  relation "streams_habitat_rb_wsg_idx" already exists, skipping

NOTICE:  relation "streams_habitat_gr" already exists, skipping

NOTICE:  relation "streams_habitat_gr_wsg_idx" already exists, skipping

NOTICE:  relation "barriers" already exists, skipping

NOTICE:  relation "barriers_wsg_idx" already exists, skipping

NOTICE:  relation "barriers_blocks_idx" already exists, skipping

NOTICE:  relation "barriers_source_idx" already exists, skipping

NOTICE:  relation "barriers_blk_drm_idx" already exists, skipping

NOTICE:  relation "barriers_geom_idx" already exists, skipping

NOTICE:  relation "barriers_wscode_gist_idx" already exists, skipping

NOTICE:  relation "barriers_wscode_btree_idx" already exists, skipping

NOTICE:  relation "barriers_localcode_gist_idx" already exists, skipping

NOTICE:  relation "barriers_localcode_btree_idx" already exists, skipping

NOTICE:  relation "barrier_overrides" already exists, skipping

NOTICE:  relation "barrier_overrides_wsg_idx" already exists, skipping

NOTICE:  relation "barrier_overrides_blk_drm_idx" already exists, skipping

NOTICE:  relation "streams_access" already exists, skipping

NOTICE:  relation "streams_access_wsg_idx" already exists, skipping

NOTICE:  relation "streams_mapping_code" already exists, skipping

NOTICE:  relation "streams_mapping_code_wsg_idx" already exists, skipping

NOTICE:  schema "score300_default_tuned" already exists, skipping

NOTICE:  relation "log" already exists, skipping

NOTICE:  column "run_id" of relation "log" already exists, skipping

NOTICE:  column "watershed_group_code" of relation "log" already exists, skipping

NOTICE:  column "date_start" of relation "log" already exists, skipping

NOTICE:  column "date_end" of relation "log" already exists, skipping

NOTICE:  column "run_uid" of relation "log" already exists, skipping

NOTICE:  column "run_label" of relation "log" already exists, skipping

NOTICE:  column "host" of relation "log" already exists, skipping

NOTICE:  column "config_name" of relation "log" already exists, skipping

NOTICE:  column "config_hash" of relation "log" already exists, skipping

NOTICE:  column "config_drift" of relation "log" already exists, skipping

NOTICE:  column "link_version" of relation "log" already exists, skipping

NOTICE:  column "link_sha" of relation "log" already exists, skipping

NOTICE:  column "link_dirty" of relation "log" already exists, skipping

NOTICE:  column "fresh_version" of relation "log" already exists, skipping

NOTICE:  column "fresh_sha" of relation "log" already exists, skipping

NOTICE:  column "fresh_dirty" of relation "log" already exists, skipping

NOTICE:  column "fresh_sha_source" of relation "log" already exists, skipping

NOTICE:  column "crate_version" of relation "log" already exists, skipping

NOTICE:  column "fwapg_sha" of relation "log" already exists, skipping

NOTICE:  column "bcfishobs_sha" of relation "log" already exists, skipping

NOTICE:  column "arg_dams" of relation "log" already exists, skipping

NOTICE:  column "arg_mapping_code" of relation "log" already exists, skipping

NOTICE:  column "arg_cleanup_working" of relation "log" already exists, skipping

NOTICE:  column "schema_persist" of relation "log" already exists, skipping

NOTICE:  column "species" of relation "log" already exists, skipping

NOTICE:  column "wsg_upstream" of relation "log" already exists, skipping

NOTICE:  column "bcfp_model_run_id" of relation "log" already exists, skipping

NOTICE:  column "bcfp_model_version" of relation "log" already exists, skipping

NOTICE:  column "bcfp_pin_source" of relation "log" already exists, skipping

NOTICE:  column "notes" of relation "log" already exists, skipping

NOTICE:  relation "log_recompute" already exists, skipping

NOTICE:  column "recompute_id" of relation "log_recompute" already exists, skipping

NOTICE:  column "watershed_group_code" of relation "log_recompute" already exists, skipping

NOTICE:  column "date_start" of relation "log_recompute" already exists, skipping

NOTICE:  column "date_end" of relation "log_recompute" already exists, skipping

NOTICE:  column "run_uid" of relation "log_recompute" already exists, skipping

NOTICE:  column "run_label" of relation "log_recompute" already exists, skipping

NOTICE:  column "host" of relation "log_recompute" already exists, skipping

NOTICE:  column "config_name" of relation "log_recompute" already exists, skipping

NOTICE:  column "config_hash" of relation "log_recompute" already exists, skipping

NOTICE:  column "link_version" of relation "log_recompute" already exists, skipping

NOTICE:  column "link_sha" of relation "log_recompute" already exists, skipping

NOTICE:  column "link_dirty" of relation "log_recompute" already exists, skipping

NOTICE:  column "fresh_version" of relation "log_recompute" already exists, skipping

NOTICE:  column "fresh_sha" of relation "log_recompute" already exists, skipping

NOTICE:  column "fresh_dirty" of relation "log_recompute" already exists, skipping

NOTICE:  column "fresh_sha_source" of relation "log_recompute" already exists, skipping

NOTICE:  column "crate_version" of relation "log_recompute" already exists, skipping

NOTICE:  column "fwapg_sha" of relation "log_recompute" already exists, skipping

NOTICE:  column "bcfishobs_sha" of relation "log_recompute" already exists, skipping

NOTICE:  column "schema_persist" of relation "log_recompute" already exists, skipping

NOTICE:  column "species" of relation "log_recompute" already exists, skipping

NOTICE:  column "views_prebuilt" of relation "log_recompute" already exists, skipping

NOTICE:  column "notes" of relation "log_recompute" already exists, skipping

NOTICE:  relation "log_input" already exists, skipping

NOTICE:  column "run_id" of relation "log_input" already exists, skipping

NOTICE:  column "watershed_group_code" of relation "log_input" already exists, skipping

NOTICE:  column "table_name" of relation "log_input" already exists, skipping

NOTICE:  column "row_count" of relation "log_input" already exists, skipping

NOTICE:  column "row_count_estimated" of relation "log_input" already exists, skipping

NOTICE:  column "size_bytes" of relation "log_input" already exists, skipping

NOTICE:  column "last_analyze" of relation "log_input" already exists, skipping

NOTICE:  column "source" of relation "log_input" already exists, skipping

NOTICE:  column "source_at" of relation "log_input" already exists, skipping

NOTICE:  relation "log_parameters_fresh" already exists, skipping

NOTICE:  column "config_hash" of relation "log_parameters_fresh" already exists, skipping

NOTICE:  column "species_code" of relation "log_parameters_fresh" already exists, skipping

NOTICE:  column "access_gradient_max" of relation "log_parameters_fresh" already exists, skipping

NOTICE:  column "spawn_gradient_min" of relation "log_parameters_fresh" already exists, skipping

NOTICE:  column "rear_gradient_min" of relation "log_parameters_fresh" already exists, skipping

NOTICE:  column "cluster_rearing" of relation "log_parameters_fresh" already exists, skipping

NOTICE:  column "cluster_direction" of relation "log_parameters_fresh" already exists, skipping

NOTICE:  column "cluster_bridge_gradient" of relation "log_parameters_fresh" already exists, skipping

NOTICE:  column "cluster_bridge_distance" of relation "log_parameters_fresh" already exists, skipping

NOTICE:  column "cluster_confluence_m" of relation "log_parameters_fresh" already exists, skipping

NOTICE:  column "cluster_spawning" of relation "log_parameters_fresh" already exists, skipping

NOTICE:  column "cluster_spawn_direction" of relation "log_parameters_fresh" already exists, skipping

NOTICE:  column "cluster_spawn_bridge_gradient" of relation "log_parameters_fresh" already exists, skipping

NOTICE:  column "cluster_spawn_bridge_distance" of relation "log_parameters_fresh" already exists, skipping

NOTICE:  column "cluster_spawn_confluence_m" of relation "log_parameters_fresh" already exists, skipping

NOTICE:  column "observation_threshold" of relation "log_parameters_fresh" already exists, skipping

NOTICE:  column "observation_date_min" of relation "log_parameters_fresh" already exists, skipping

NOTICE:  column "observation_buffer_m" of relation "log_parameters_fresh" already exists, skipping

NOTICE:  column "observation_species" of relation "log_parameters_fresh" already exists, skipping

NOTICE:  column "observation_control_apply" of relation "log_parameters_fresh" already exists, skipping

NOTICE:  relation "log_parameters_habitat_thresholds" already exists, skipping

NOTICE:  column "config_hash" of relation "log_parameters_habitat_thresholds" already exists, skipping

NOTICE:  column "species_code" of relation "log_parameters_habitat_thresholds" already exists, skipping

NOTICE:  column "spawn_gradient_max" of relation "log_parameters_habitat_thresholds" already exists, skipping

NOTICE:  column "spawn_channel_width_min" of relation "log_parameters_habitat_thresholds" already exists, skipping

NOTICE:  column "spawn_channel_width_max" of relation "log_parameters_habitat_thresholds" already exists, skipping

NOTICE:  column "spawn_mad_min" of relation "log_parameters_habitat_thresholds" already exists, skipping

NOTICE:  column "spawn_mad_max" of relation "log_parameters_habitat_thresholds" already exists, skipping

NOTICE:  column "rear_gradient_max" of relation "log_parameters_habitat_thresholds" already exists, skipping

NOTICE:  column "rear_channel_width_min" of relation "log_parameters_habitat_thresholds" already exists, skipping

NOTICE:  column "rear_channel_width_max" of relation "log_parameters_habitat_thresholds" already exists, skipping

NOTICE:  column "rear_mad_min" of relation "log_parameters_habitat_thresholds" already exists, skipping

NOTICE:  column "rear_mad_max" of relation "log_parameters_habitat_thresholds" already exists, skipping

NOTICE:  column "rear_lake_ha_min" of relation "log_parameters_habitat_thresholds" already exists, skipping

NOTICE:  column "spawn_edge_types" of relation "log_parameters_habitat_thresholds" already exists, skipping

NOTICE:  column "rear_edge_types" of relation "log_parameters_habitat_thresholds" already exists, skipping

NOTICE:  relation "log_dimensions" already exists, skipping

NOTICE:  column "config_hash" of relation "log_dimensions" already exists, skipping

NOTICE:  column "species" of relation "log_dimensions" already exists, skipping

NOTICE:  column "spawn_lake" of relation "log_dimensions" already exists, skipping

NOTICE:  column "spawn_stream" of relation "log_dimensions" already exists, skipping

NOTICE:  column "spawn_stream_in_waterbody" of relation "log_dimensions" already exists, skipping

NOTICE:  column "rear_lake" of relation "log_dimensions" already exists, skipping

NOTICE:  column "rear_lake_only" of relation "log_dimensions" already exists, skipping

NOTICE:  column "rear_lake_area_only" of relation "log_dimensions" already exists, skipping

NOTICE:  column "rear_no_fw" of relation "log_dimensions" already exists, skipping

NOTICE:  column "rear_stream" of relation "log_dimensions" already exists, skipping

NOTICE:  column "rear_stream_in_waterbody" of relation "log_dimensions" already exists, skipping

NOTICE:  column "rear_wetland" of relation "log_dimensions" already exists, skipping

NOTICE:  column "rear_wetland_polygon" of relation "log_dimensions" already exists, skipping

NOTICE:  column "rear_wetland_area_only" of relation "log_dimensions" already exists, skipping

NOTICE:  column "rear_all_edges" of relation "log_dimensions" already exists, skipping

NOTICE:  column "river_skip_cw_min" of relation "log_dimensions" already exists, skipping

NOTICE:  column "rear_stream_order_bypass" of relation "log_dimensions" already exists, skipping

NOTICE:  column "rear_stream_order_parent_min" of relation "log_dimensions" already exists, skipping

NOTICE:  column "rear_stream_order_child_min" of relation "log_dimensions" already exists, skipping

NOTICE:  column "rear_stream_order_child_max" of relation "log_dimensions" already exists, skipping

NOTICE:  column "rear_stream_order_distance_max" of relation "log_dimensions" already exists, skipping

NOTICE:  column "spawn_requires_connected" of relation "log_dimensions" already exists, skipping

NOTICE:  column "spawn_connected_distance_max" of relation "log_dimensions" already exists, skipping

NOTICE:  column "spawn_connected_direction" of relation "log_dimensions" already exists, skipping

NOTICE:  column "spawn_connected_gradient_max" of relation "log_dimensions" already exists, skipping

NOTICE:  column "spawn_connected_cw_min" of relation "log_dimensions" already exists, skipping

NOTICE:  column "spawn_connected_edge_types" of relation "log_dimensions" already exists, skipping

NOTICE:  column "spawn_connected_lake_adjacent" of relation "log_dimensions" already exists, skipping

NOTICE:  column "rear_requires_connected" of relation "log_dimensions" already exists, skipping

NOTICE:  column "rear_connected_distance_max" of relation "log_dimensions" already exists, skipping

NOTICE:  column "rear_lake_ha_min" of relation "log_dimensions" already exists, skipping

NOTICE:  column "rear_wetland_ha_min" of relation "log_dimensions" already exists, skipping

NOTICE:  column "notes" of relation "log_dimensions" already exists, skipping

NOTICE:  relation "log_wsg_date_idx" already exists, skipping

NOTICE:  relation "log_config_idx" already exists, skipping

NOTICE:  relation "log_input_rn_idx" already exists, skipping

NOTICE:  relation "log_run_uid_idx" already exists, skipping

NOTICE:  relation "log_rc_run_uid_idx" already exists, skipping

NOTICE:  relation "log_rc_wsg_date_idx" already exists, skipping

NOTICE:  table "barriers" does not exist, skipping

10:18:31 base LBTN done in 1.7 min
NOTICE:  schema "score300_default_tuned" already exists, skipping

NOTICE:  relation "log" already exists, skipping

NOTICE:  column "run_id" of relation "log" already exists, skipping

NOTICE:  column "watershed_group_code" of relation "log" already exists, skipping

NOTICE:  column "date_start" of relation "log" already exists, skipping

NOTICE:  column "date_end" of relation "log" already exists, skipping

NOTICE:  column "run_uid" of relation "log" already exists, skipping

NOTICE:  column "run_label" of relation "log" already exists, skipping

NOTICE:  column "host" of relation "log" already exists, skipping

NOTICE:  column "config_name" of relation "log" already exists, skipping

NOTICE:  column "config_hash" of relation "log" already exists, skipping

NOTICE:  column "config_drift" of relation "log" already exists, skipping

NOTICE:  column "link_version" of relation "log" already exists, skipping

NOTICE:  column "link_sha" of relation "log" already exists, skipping

NOTICE:  column "link_dirty" of relation "log" already exists, skipping

NOTICE:  column "fresh_version" of relation "log" already exists, skipping

NOTICE:  column "fresh_sha" of relation "log" already exists, skipping

NOTICE:  column "fresh_dirty" of relation "log" already exists, skipping

NOTICE:  column "fresh_sha_source" of relation "log" already exists, skipping

NOTICE:  column "crate_version" of relation "log" already exists, skipping

NOTICE:  column "fwapg_sha" of relation "log" already exists, skipping

NOTICE:  column "bcfishobs_sha" of relation "log" already exists, skipping

NOTICE:  column "arg_dams" of relation "log" already exists, skipping

NOTICE:  column "arg_mapping_code" of relation "log" already exists, skipping

NOTICE:  column "arg_cleanup_working" of relation "log" already exists, skipping

NOTICE:  column "schema_persist" of relation "log" already exists, skipping

NOTICE:  column "species" of relation "log" already exists, skipping

NOTICE:  column "wsg_upstream" of relation "log" already exists, skipping

NOTICE:  column "bcfp_model_run_id" of relation "log" already exists, skipping

NOTICE:  column "bcfp_model_version" of relation "log" already exists, skipping

NOTICE:  column "bcfp_pin_source" of relation "log" already exists, skipping

NOTICE:  column "notes" of relation "log" already exists, skipping

NOTICE:  relation "log_recompute" already exists, skipping

NOTICE:  column "recompute_id" of relation "log_recompute" already exists, skipping

NOTICE:  column "watershed_group_code" of relation "log_recompute" already exists, skipping

NOTICE:  column "date_start" of relation "log_recompute" already exists, skipping

NOTICE:  column "date_end" of relation "log_recompute" already exists, skipping

NOTICE:  column "run_uid" of relation "log_recompute" already exists, skipping

NOTICE:  column "run_label" of relation "log_recompute" already exists, skipping

NOTICE:  column "host" of relation "log_recompute" already exists, skipping

NOTICE:  column "config_name" of relation "log_recompute" already exists, skipping

NOTICE:  column "config_hash" of relation "log_recompute" already exists, skipping

NOTICE:  column "link_version" of relation "log_recompute" already exists, skipping

NOTICE:  column "link_sha" of relation "log_recompute" already exists, skipping

NOTICE:  column "link_dirty" of relation "log_recompute" already exists, skipping

NOTICE:  column "fresh_version" of relation "log_recompute" already exists, skipping

NOTICE:  column "fresh_sha" of relation "log_recompute" already exists, skipping

NOTICE:  column "fresh_dirty" of relation "log_recompute" already exists, skipping

NOTICE:  column "fresh_sha_source" of relation "log_recompute" already exists, skipping

NOTICE:  column "crate_version" of relation "log_recompute" already exists, skipping

NOTICE:  column "fwapg_sha" of relation "log_recompute" already exists, skipping

NOTICE:  column "bcfishobs_sha" of relation "log_recompute" already exists, skipping

NOTICE:  column "schema_persist" of relation "log_recompute" already exists, skipping

NOTICE:  column "species" of relation "log_recompute" already exists, skipping

NOTICE:  column "views_prebuilt" of relation "log_recompute" already exists, skipping

NOTICE:  column "notes" of relation "log_recompute" already exists, skipping

NOTICE:  relation "log_input" already exists, skipping

NOTICE:  column "run_id" of relation "log_input" already exists, skipping

NOTICE:  column "watershed_group_code" of relation "log_input" already exists, skipping

NOTICE:  column "table_name" of relation "log_input" already exists, skipping

NOTICE:  column "row_count" of relation "log_input" already exists, skipping

NOTICE:  column "row_count_estimated" of relation "log_input" already exists, skipping

NOTICE:  column "size_bytes" of relation "log_input" already exists, skipping

NOTICE:  column "last_analyze" of relation "log_input" already exists, skipping

NOTICE:  column "source" of relation "log_input" already exists, skipping

NOTICE:  column "source_at" of relation "log_input" already exists, skipping

NOTICE:  relation "log_parameters_fresh" already exists, skipping

NOTICE:  column "config_hash" of relation "log_parameters_fresh" already exists, skipping

NOTICE:  column "species_code" of relation "log_parameters_fresh" already exists, skipping

NOTICE:  column "access_gradient_max" of relation "log_parameters_fresh" already exists, skipping

NOTICE:  column "spawn_gradient_min" of relation "log_parameters_fresh" already exists, skipping

NOTICE:  column "rear_gradient_min" of relation "log_parameters_fresh" already exists, skipping

NOTICE:  column "cluster_rearing" of relation "log_parameters_fresh" already exists, skipping

NOTICE:  column "cluster_direction" of relation "log_parameters_fresh" already exists, skipping

NOTICE:  column "cluster_bridge_gradient" of relation "log_parameters_fresh" already exists, skipping

NOTICE:  column "cluster_bridge_distance" of relation "log_parameters_fresh" already exists, skipping

NOTICE:  column "cluster_confluence_m" of relation "log_parameters_fresh" already exists, skipping

NOTICE:  column "cluster_spawning" of relation "log_parameters_fresh" already exists, skipping

NOTICE:  column "cluster_spawn_direction" of relation "log_parameters_fresh" already exists, skipping

NOTICE:  column "cluster_spawn_bridge_gradient" of relation "log_parameters_fresh" already exists, skipping

NOTICE:  column "cluster_spawn_bridge_distance" of relation "log_parameters_fresh" already exists, skipping

NOTICE:  column "cluster_spawn_confluence_m" of relation "log_parameters_fresh" already exists, skipping

NOTICE:  column "observation_threshold" of relation "log_parameters_fresh" already exists, skipping

NOTICE:  column "observation_date_min" of relation "log_parameters_fresh" already exists, skipping

NOTICE:  column "observation_buffer_m" of relation "log_parameters_fresh" already exists, skipping

NOTICE:  column "observation_species" of relation "log_parameters_fresh" already exists, skipping

NOTICE:  column "observation_control_apply" of relation "log_parameters_fresh" already exists, skipping

NOTICE:  relation "log_parameters_habitat_thresholds" already exists, skipping

NOTICE:  column "config_hash" of relation "log_parameters_habitat_thresholds" already exists, skipping

NOTICE:  column "species_code" of relation "log_parameters_habitat_thresholds" already exists, skipping

NOTICE:  column "spawn_gradient_max" of relation "log_parameters_habitat_thresholds" already exists, skipping

NOTICE:  column "spawn_channel_width_min" of relation "log_parameters_habitat_thresholds" already exists, skipping

NOTICE:  column "spawn_channel_width_max" of relation "log_parameters_habitat_thresholds" already exists, skipping

NOTICE:  column "spawn_mad_min" of relation "log_parameters_habitat_thresholds" already exists, skipping

NOTICE:  column "spawn_mad_max" of relation "log_parameters_habitat_thresholds" already exists, skipping

NOTICE:  column "rear_gradient_max" of relation "log_parameters_habitat_thresholds" already exists, skipping

NOTICE:  column "rear_channel_width_min" of relation "log_parameters_habitat_thresholds" already exists, skipping

NOTICE:  column "rear_channel_width_max" of relation "log_parameters_habitat_thresholds" already exists, skipping

NOTICE:  column "rear_mad_min" of relation "log_parameters_habitat_thresholds" already exists, skipping

NOTICE:  column "rear_mad_max" of relation "log_parameters_habitat_thresholds" already exists, skipping

NOTICE:  column "rear_lake_ha_min" of relation "log_parameters_habitat_thresholds" already exists, skipping

NOTICE:  column "spawn_edge_types" of relation "log_parameters_habitat_thresholds" already exists, skipping

NOTICE:  column "rear_edge_types" of relation "log_parameters_habitat_thresholds" already exists, skipping

NOTICE:  relation "log_dimensions" already exists, skipping

NOTICE:  column "config_hash" of relation "log_dimensions" already exists, skipping

NOTICE:  column "species" of relation "log_dimensions" already exists, skipping

NOTICE:  column "spawn_lake" of relation "log_dimensions" already exists, skipping

NOTICE:  column "spawn_stream" of relation "log_dimensions" already exists, skipping

NOTICE:  column "spawn_stream_in_waterbody" of relation "log_dimensions" already exists, skipping

NOTICE:  column "rear_lake" of relation "log_dimensions" already exists, skipping

NOTICE:  column "rear_lake_only" of relation "log_dimensions" already exists, skipping

NOTICE:  column "rear_lake_area_only" of relation "log_dimensions" already exists, skipping

NOTICE:  column "rear_no_fw" of relation "log_dimensions" already exists, skipping

NOTICE:  column "rear_stream" of relation "log_dimensions" already exists, skipping

NOTICE:  column "rear_stream_in_waterbody" of relation "log_dimensions" already exists, skipping

NOTICE:  column "rear_wetland" of relation "log_dimensions" already exists, skipping

NOTICE:  column "rear_wetland_polygon" of relation "log_dimensions" already exists, skipping

NOTICE:  column "rear_wetland_area_only" of relation "log_dimensions" already exists, skipping

NOTICE:  column "rear_all_edges" of relation "log_dimensions" already exists, skipping

NOTICE:  column "river_skip_cw_min" of relation "log_dimensions" already exists, skipping

NOTICE:  column "rear_stream_order_bypass" of relation "log_dimensions" already exists, skipping

NOTICE:  column "rear_stream_order_parent_min" of relation "log_dimensions" already exists, skipping

NOTICE:  column "rear_stream_order_child_min" of relation "log_dimensions" already exists, skipping

NOTICE:  column "rear_stream_order_child_max" of relation "log_dimensions" already exists, skipping

NOTICE:  column "rear_stream_order_distance_max" of relation "log_dimensions" already exists, skipping

NOTICE:  column "spawn_requires_connected" of relation "log_dimensions" already exists, skipping

NOTICE:  column "spawn_connected_distance_max" of relation "log_dimensions" already exists, skipping

NOTICE:  column "spawn_connected_direction" of relation "log_dimensions" already exists, skipping

NOTICE:  column "spawn_connected_gradient_max" of relation "log_dimensions" already exists, skipping

NOTICE:  column "spawn_connected_cw_min" of relation "log_dimensions" already exists, skipping

NOTICE:  column "spawn_connected_edge_types" of relation "log_dimensions" already exists, skipping

NOTICE:  column "spawn_connected_lake_adjacent" of relation "log_dimensions" already exists, skipping

NOTICE:  column "rear_requires_connected" of relation "log_dimensions" already exists, skipping

NOTICE:  column "rear_connected_distance_max" of relation "log_dimensions" already exists, skipping

NOTICE:  column "rear_lake_ha_min" of relation "log_dimensions" already exists, skipping

NOTICE:  column "rear_wetland_ha_min" of relation "log_dimensions" already exists, skipping

NOTICE:  column "notes" of relation "log_dimensions" already exists, skipping

NOTICE:  relation "log_wsg_date_idx" already exists, skipping

NOTICE:  relation "log_config_idx" already exists, skipping

NOTICE:  relation "log_input_rn_idx" already exists, skipping

NOTICE:  relation "log_run_uid_idx" already exists, skipping

NOTICE:  relation "log_rc_run_uid_idx" already exists, skipping

NOTICE:  relation "log_rc_wsg_date_idx" already exists, skipping

NOTICE:  schema "working_score300_murr" does not exist, skipping

NOTICE:  schema "working_score300_murr" does not exist, skipping

NOTICE:  schema "working_score300_murr" does not exist, skipping

NOTICE:  schema "working_score300_murr" does not exist, skipping

NOTICE:  schema "fresh" already exists, skipping

NOTICE:  table "barriers_definite" does not exist, skipping

NOTICE:  table "barriers_definite_control" does not exist, skipping

NOTICE:  table "observations" does not exist, skipping

NOTICE:  table "streams_blk" does not exist, skipping

NOTICE:  table "gradient_barriers_raw" does not exist, skipping

NOTICE:  table "natural_barriers" does not exist, skipping

NOTICE:  table "barrier_overrides" does not exist, skipping

NOTICE:  table "barriers_bt" does not exist, skipping

NOTICE:  table "barriers_ch" does not exist, skipping

NOTICE:  table "barriers_cm" does not exist, skipping

NOTICE:  table "barriers_co" does not exist, skipping

NOTICE:  table "barriers_pk" does not exist, skipping

NOTICE:  table "barriers_sk" does not exist, skipping

NOTICE:  table "barriers_st" does not exist, skipping

NOTICE:  table "barriers_wct" does not exist, skipping

NOTICE:  table "barriers_ko" does not exist, skipping

NOTICE:  table "barriers_rb" does not exist, skipping

NOTICE:  table "barriers_gr" does not exist, skipping

NOTICE:  table "gradient_barriers_minimal" does not exist, skipping

NOTICE:  table "streams" does not exist, skipping

NOTICE:  table "streams_habitat" does not exist, skipping

NOTICE:  table "cabd_exclusions" does not exist, skipping

NOTICE:  table "cabd_blkey_xref" does not exist, skipping

NOTICE:  table "cabd_passability_status_updates" does not exist, skipping

NOTICE:  table "cabd_additions" does not exist, skipping

NOTICE:  table "cabd_dams_raw" does not exist, skipping

NOTICE:  table "dams" does not exist, skipping

NOTICE:  table "pscis_modelledcrossings_streams_xref" does not exist, skipping

NOTICE:  table "pscis_stream_candidates" does not exist, skipping

NOTICE:  table "pscis_streams_150m" does not exist, skipping

NOTICE:  table "pscis_picked" does not exist, skipping

NOTICE:  table "pscis" does not exist, skipping

NOTICE:  table "crossings_lookup" does not exist, skipping

NOTICE:  table "barriers_anthropogenic" does not exist, skipping

NOTICE:  table "barriers_pscis" does not exist, skipping

NOTICE:  table "barriers_dams" does not exist, skipping

NOTICE:  table "barriers_remediations" does not exist, skipping

NOTICE:  table "observations_breaks" does not exist, skipping

NOTICE:  table "habitat_endpoints" does not exist, skipping

NOTICE:  table "crossings_breaks" does not exist, skipping

NOTICE:  table "streams_breaks" does not exist, skipping

NOTICE:  relation "streams_id_segment_idx" already exists, skipping

NOTICE:  table "streams_acc_015" does not exist, skipping

NOTICE:  table "streams_acc_025" does not exist, skipping

NOTICE:  table "streams_acc_025_ovr_bt" does not exist, skipping

NOTICE:  table "frs_clusters_bt" does not exist, skipping

NOTICE:  table "frs_clusters_gr" does not exist, skipping

NOTICE:  schema "score300_default_tuned" already exists, skipping

NOTICE:  relation "streams" already exists, skipping

NOTICE:  relation "streams_wsg_idx" already exists, skipping

NOTICE:  relation "streams_blk_idx" already exists, skipping

NOTICE:  relation "streams_geom_idx" already exists, skipping

NOTICE:  relation "streams_wbk_idx" already exists, skipping

NOTICE:  relation "streams_wscode_gist_idx" already exists, skipping

NOTICE:  relation "streams_wscode_btree_idx" already exists, skipping

NOTICE:  relation "streams_localcode_gist_idx" already exists, skipping

NOTICE:  relation "streams_localcode_btree_idx" already exists, skipping

NOTICE:  relation "streams_habitat_bt" already exists, skipping

NOTICE:  relation "streams_habitat_bt_wsg_idx" already exists, skipping

NOTICE:  relation "streams_habitat_ch" already exists, skipping

NOTICE:  relation "streams_habitat_ch_wsg_idx" already exists, skipping

NOTICE:  relation "streams_habitat_cm" already exists, skipping

NOTICE:  relation "streams_habitat_cm_wsg_idx" already exists, skipping

NOTICE:  relation "streams_habitat_co" already exists, skipping

NOTICE:  relation "streams_habitat_co_wsg_idx" already exists, skipping

NOTICE:  relation "streams_habitat_pk" already exists, skipping

NOTICE:  relation "streams_habitat_pk_wsg_idx" already exists, skipping

NOTICE:  relation "streams_habitat_sk" already exists, skipping

NOTICE:  relation "streams_habitat_sk_wsg_idx" already exists, skipping

NOTICE:  relation "streams_habitat_st" already exists, skipping

NOTICE:  relation "streams_habitat_st_wsg_idx" already exists, skipping

NOTICE:  relation "streams_habitat_wct" already exists, skipping

NOTICE:  relation "streams_habitat_wct_wsg_idx" already exists, skipping

NOTICE:  relation "streams_habitat_ko" already exists, skipping

NOTICE:  relation "streams_habitat_ko_wsg_idx" already exists, skipping

NOTICE:  relation "streams_habitat_rb" already exists, skipping

NOTICE:  relation "streams_habitat_rb_wsg_idx" already exists, skipping

NOTICE:  relation "streams_habitat_gr" already exists, skipping

NOTICE:  relation "streams_habitat_gr_wsg_idx" already exists, skipping

NOTICE:  relation "barriers" already exists, skipping

NOTICE:  relation "barriers_wsg_idx" already exists, skipping

NOTICE:  relation "barriers_blocks_idx" already exists, skipping

NOTICE:  relation "barriers_source_idx" already exists, skipping

NOTICE:  relation "barriers_blk_drm_idx" already exists, skipping

NOTICE:  relation "barriers_geom_idx" already exists, skipping

NOTICE:  relation "barriers_wscode_gist_idx" already exists, skipping

NOTICE:  relation "barriers_wscode_btree_idx" already exists, skipping

NOTICE:  relation "barriers_localcode_gist_idx" already exists, skipping

NOTICE:  relation "barriers_localcode_btree_idx" already exists, skipping

NOTICE:  relation "barrier_overrides" already exists, skipping

NOTICE:  relation "barrier_overrides_wsg_idx" already exists, skipping

NOTICE:  relation "barrier_overrides_blk_drm_idx" already exists, skipping

NOTICE:  relation "streams_access" already exists, skipping

NOTICE:  relation "streams_access_wsg_idx" already exists, skipping

NOTICE:  relation "streams_mapping_code" already exists, skipping

NOTICE:  relation "streams_mapping_code_wsg_idx" already exists, skipping

NOTICE:  schema "score300_default_tuned" already exists, skipping

NOTICE:  relation "log" already exists, skipping

NOTICE:  column "run_id" of relation "log" already exists, skipping

NOTICE:  column "watershed_group_code" of relation "log" already exists, skipping

NOTICE:  column "date_start" of relation "log" already exists, skipping

NOTICE:  column "date_end" of relation "log" already exists, skipping

NOTICE:  column "run_uid" of relation "log" already exists, skipping

NOTICE:  column "run_label" of relation "log" already exists, skipping

NOTICE:  column "host" of relation "log" already exists, skipping

NOTICE:  column "config_name" of relation "log" already exists, skipping

NOTICE:  column "config_hash" of relation "log" already exists, skipping

NOTICE:  column "config_drift" of relation "log" already exists, skipping

NOTICE:  column "link_version" of relation "log" already exists, skipping

NOTICE:  column "link_sha" of relation "log" already exists, skipping

NOTICE:  column "link_dirty" of relation "log" already exists, skipping

NOTICE:  column "fresh_version" of relation "log" already exists, skipping

NOTICE:  column "fresh_sha" of relation "log" already exists, skipping

NOTICE:  column "fresh_dirty" of relation "log" already exists, skipping

NOTICE:  column "fresh_sha_source" of relation "log" already exists, skipping

NOTICE:  column "crate_version" of relation "log" already exists, skipping

NOTICE:  column "fwapg_sha" of relation "log" already exists, skipping

NOTICE:  column "bcfishobs_sha" of relation "log" already exists, skipping

NOTICE:  column "arg_dams" of relation "log" already exists, skipping

NOTICE:  column "arg_mapping_code" of relation "log" already exists, skipping

NOTICE:  column "arg_cleanup_working" of relation "log" already exists, skipping

NOTICE:  column "schema_persist" of relation "log" already exists, skipping

NOTICE:  column "species" of relation "log" already exists, skipping

NOTICE:  column "wsg_upstream" of relation "log" already exists, skipping

NOTICE:  column "bcfp_model_run_id" of relation "log" already exists, skipping

NOTICE:  column "bcfp_model_version" of relation "log" already exists, skipping

NOTICE:  column "bcfp_pin_source" of relation "log" already exists, skipping

NOTICE:  column "notes" of relation "log" already exists, skipping

NOTICE:  relation "log_recompute" already exists, skipping

NOTICE:  column "recompute_id" of relation "log_recompute" already exists, skipping

NOTICE:  column "watershed_group_code" of relation "log_recompute" already exists, skipping

NOTICE:  column "date_start" of relation "log_recompute" already exists, skipping

NOTICE:  column "date_end" of relation "log_recompute" already exists, skipping

NOTICE:  column "run_uid" of relation "log_recompute" already exists, skipping

NOTICE:  column "run_label" of relation "log_recompute" already exists, skipping

NOTICE:  column "host" of relation "log_recompute" already exists, skipping

NOTICE:  column "config_name" of relation "log_recompute" already exists, skipping

NOTICE:  column "config_hash" of relation "log_recompute" already exists, skipping

NOTICE:  column "link_version" of relation "log_recompute" already exists, skipping

NOTICE:  column "link_sha" of relation "log_recompute" already exists, skipping

NOTICE:  column "link_dirty" of relation "log_recompute" already exists, skipping

NOTICE:  column "fresh_version" of relation "log_recompute" already exists, skipping

NOTICE:  column "fresh_sha" of relation "log_recompute" already exists, skipping

NOTICE:  column "fresh_dirty" of relation "log_recompute" already exists, skipping

NOTICE:  column "fresh_sha_source" of relation "log_recompute" already exists, skipping

NOTICE:  column "crate_version" of relation "log_recompute" already exists, skipping

NOTICE:  column "fwapg_sha" of relation "log_recompute" already exists, skipping

NOTICE:  column "bcfishobs_sha" of relation "log_recompute" already exists, skipping

NOTICE:  column "schema_persist" of relation "log_recompute" already exists, skipping

NOTICE:  column "species" of relation "log_recompute" already exists, skipping

NOTICE:  column "views_prebuilt" of relation "log_recompute" already exists, skipping

NOTICE:  column "notes" of relation "log_recompute" already exists, skipping

NOTICE:  relation "log_input" already exists, skipping

NOTICE:  column "run_id" of relation "log_input" already exists, skipping

NOTICE:  column "watershed_group_code" of relation "log_input" already exists, skipping

NOTICE:  column "table_name" of relation "log_input" already exists, skipping

NOTICE:  column "row_count" of relation "log_input" already exists, skipping

NOTICE:  column "row_count_estimated" of relation "log_input" already exists, skipping

NOTICE:  column "size_bytes" of relation "log_input" already exists, skipping

NOTICE:  column "last_analyze" of relation "log_input" already exists, skipping

NOTICE:  column "source" of relation "log_input" already exists, skipping

NOTICE:  column "source_at" of relation "log_input" already exists, skipping

NOTICE:  relation "log_parameters_fresh" already exists, skipping

NOTICE:  column "config_hash" of relation "log_parameters_fresh" already exists, skipping

NOTICE:  column "species_code" of relation "log_parameters_fresh" already exists, skipping

NOTICE:  column "access_gradient_max" of relation "log_parameters_fresh" already exists, skipping

NOTICE:  column "spawn_gradient_min" of relation "log_parameters_fresh" already exists, skipping

NOTICE:  column "rear_gradient_min" of relation "log_parameters_fresh" already exists, skipping

NOTICE:  column "cluster_rearing" of relation "log_parameters_fresh" already exists, skipping

NOTICE:  column "cluster_direction" of relation "log_parameters_fresh" already exists, skipping

NOTICE:  column "cluster_bridge_gradient" of relation "log_parameters_fresh" already exists, skipping

NOTICE:  column "cluster_bridge_distance" of relation "log_parameters_fresh" already exists, skipping

NOTICE:  column "cluster_confluence_m" of relation "log_parameters_fresh" already exists, skipping

NOTICE:  column "cluster_spawning" of relation "log_parameters_fresh" already exists, skipping

NOTICE:  column "cluster_spawn_direction" of relation "log_parameters_fresh" already exists, skipping

NOTICE:  column "cluster_spawn_bridge_gradient" of relation "log_parameters_fresh" already exists, skipping

NOTICE:  column "cluster_spawn_bridge_distance" of relation "log_parameters_fresh" already exists, skipping

NOTICE:  column "cluster_spawn_confluence_m" of relation "log_parameters_fresh" already exists, skipping

NOTICE:  column "observation_threshold" of relation "log_parameters_fresh" already exists, skipping

NOTICE:  column "observation_date_min" of relation "log_parameters_fresh" already exists, skipping

NOTICE:  column "observation_buffer_m" of relation "log_parameters_fresh" already exists, skipping

NOTICE:  column "observation_species" of relation "log_parameters_fresh" already exists, skipping

NOTICE:  column "observation_control_apply" of relation "log_parameters_fresh" already exists, skipping

NOTICE:  relation "log_parameters_habitat_thresholds" already exists, skipping

NOTICE:  column "config_hash" of relation "log_parameters_habitat_thresholds" already exists, skipping

NOTICE:  column "species_code" of relation "log_parameters_habitat_thresholds" already exists, skipping

NOTICE:  column "spawn_gradient_max" of relation "log_parameters_habitat_thresholds" already exists, skipping

NOTICE:  column "spawn_channel_width_min" of relation "log_parameters_habitat_thresholds" already exists, skipping

NOTICE:  column "spawn_channel_width_max" of relation "log_parameters_habitat_thresholds" already exists, skipping

NOTICE:  column "spawn_mad_min" of relation "log_parameters_habitat_thresholds" already exists, skipping

NOTICE:  column "spawn_mad_max" of relation "log_parameters_habitat_thresholds" already exists, skipping

NOTICE:  column "rear_gradient_max" of relation "log_parameters_habitat_thresholds" already exists, skipping

NOTICE:  column "rear_channel_width_min" of relation "log_parameters_habitat_thresholds" already exists, skipping

NOTICE:  column "rear_channel_width_max" of relation "log_parameters_habitat_thresholds" already exists, skipping

NOTICE:  column "rear_mad_min" of relation "log_parameters_habitat_thresholds" already exists, skipping

NOTICE:  column "rear_mad_max" of relation "log_parameters_habitat_thresholds" already exists, skipping

NOTICE:  column "rear_lake_ha_min" of relation "log_parameters_habitat_thresholds" already exists, skipping

NOTICE:  column "spawn_edge_types" of relation "log_parameters_habitat_thresholds" already exists, skipping

NOTICE:  column "rear_edge_types" of relation "log_parameters_habitat_thresholds" already exists, skipping

NOTICE:  relation "log_dimensions" already exists, skipping

NOTICE:  column "config_hash" of relation "log_dimensions" already exists, skipping

NOTICE:  column "species" of relation "log_dimensions" already exists, skipping

NOTICE:  column "spawn_lake" of relation "log_dimensions" already exists, skipping

NOTICE:  column "spawn_stream" of relation "log_dimensions" already exists, skipping

NOTICE:  column "spawn_stream_in_waterbody" of relation "log_dimensions" already exists, skipping

NOTICE:  column "rear_lake" of relation "log_dimensions" already exists, skipping

NOTICE:  column "rear_lake_only" of relation "log_dimensions" already exists, skipping

NOTICE:  column "rear_lake_area_only" of relation "log_dimensions" already exists, skipping

NOTICE:  column "rear_no_fw" of relation "log_dimensions" already exists, skipping

NOTICE:  column "rear_stream" of relation "log_dimensions" already exists, skipping

NOTICE:  column "rear_stream_in_waterbody" of relation "log_dimensions" already exists, skipping

NOTICE:  column "rear_wetland" of relation "log_dimensions" already exists, skipping

NOTICE:  column "rear_wetland_polygon" of relation "log_dimensions" already exists, skipping

NOTICE:  column "rear_wetland_area_only" of relation "log_dimensions" already exists, skipping

NOTICE:  column "rear_all_edges" of relation "log_dimensions" already exists, skipping

NOTICE:  column "river_skip_cw_min" of relation "log_dimensions" already exists, skipping

NOTICE:  column "rear_stream_order_bypass" of relation "log_dimensions" already exists, skipping

NOTICE:  column "rear_stream_order_parent_min" of relation "log_dimensions" already exists, skipping

NOTICE:  column "rear_stream_order_child_min" of relation "log_dimensions" already exists, skipping

NOTICE:  column "rear_stream_order_child_max" of relation "log_dimensions" already exists, skipping

NOTICE:  column "rear_stream_order_distance_max" of relation "log_dimensions" already exists, skipping

NOTICE:  column "spawn_requires_connected" of relation "log_dimensions" already exists, skipping

NOTICE:  column "spawn_connected_distance_max" of relation "log_dimensions" already exists, skipping

NOTICE:  column "spawn_connected_direction" of relation "log_dimensions" already exists, skipping

NOTICE:  column "spawn_connected_gradient_max" of relation "log_dimensions" already exists, skipping

NOTICE:  column "spawn_connected_cw_min" of relation "log_dimensions" already exists, skipping

NOTICE:  column "spawn_connected_edge_types" of relation "log_dimensions" already exists, skipping

NOTICE:  column "spawn_connected_lake_adjacent" of relation "log_dimensions" already exists, skipping

NOTICE:  column "rear_requires_connected" of relation "log_dimensions" already exists, skipping

NOTICE:  column "rear_connected_distance_max" of relation "log_dimensions" already exists, skipping

NOTICE:  column "rear_lake_ha_min" of relation "log_dimensions" already exists, skipping

NOTICE:  column "rear_wetland_ha_min" of relation "log_dimensions" already exists, skipping

NOTICE:  column "notes" of relation "log_dimensions" already exists, skipping

NOTICE:  relation "log_wsg_date_idx" already exists, skipping

NOTICE:  relation "log_config_idx" already exists, skipping

NOTICE:  relation "log_input_rn_idx" already exists, skipping

NOTICE:  relation "log_run_uid_idx" already exists, skipping

NOTICE:  relation "log_rc_run_uid_idx" already exists, skipping

NOTICE:  relation "log_rc_wsg_date_idx" already exists, skipping

NOTICE:  table "barriers" does not exist, skipping

10:21:18 base MURR done in 2.8 min
NOTICE:  schema "score300_default_tuned" already exists, skipping

NOTICE:  relation "log" already exists, skipping

NOTICE:  column "run_id" of relation "log" already exists, skipping

NOTICE:  column "watershed_group_code" of relation "log" already exists, skipping

NOTICE:  column "date_start" of relation "log" already exists, skipping

NOTICE:  column "date_end" of relation "log" already exists, skipping

NOTICE:  column "run_uid" of relation "log" already exists, skipping

NOTICE:  column "run_label" of relation "log" already exists, skipping

NOTICE:  column "host" of relation "log" already exists, skipping

NOTICE:  column "config_name" of relation "log" already exists, skipping

NOTICE:  column "config_hash" of relation "log" already exists, skipping

NOTICE:  column "config_drift" of relation "log" already exists, skipping

NOTICE:  column "link_version" of relation "log" already exists, skipping

NOTICE:  column "link_sha" of relation "log" already exists, skipping

NOTICE:  column "link_dirty" of relation "log" already exists, skipping

NOTICE:  column "fresh_version" of relation "log" already exists, skipping

NOTICE:  column "fresh_sha" of relation "log" already exists, skipping

NOTICE:  column "fresh_dirty" of relation "log" already exists, skipping

NOTICE:  column "fresh_sha_source" of relation "log" already exists, skipping

NOTICE:  column "crate_version" of relation "log" already exists, skipping

NOTICE:  column "fwapg_sha" of relation "log" already exists, skipping

NOTICE:  column "bcfishobs_sha" of relation "log" already exists, skipping

NOTICE:  column "arg_dams" of relation "log" already exists, skipping

NOTICE:  column "arg_mapping_code" of relation "log" already exists, skipping

NOTICE:  column "arg_cleanup_working" of relation "log" already exists, skipping

NOTICE:  column "schema_persist" of relation "log" already exists, skipping

NOTICE:  column "species" of relation "log" already exists, skipping

NOTICE:  column "wsg_upstream" of relation "log" already exists, skipping

NOTICE:  column "bcfp_model_run_id" of relation "log" already exists, skipping

NOTICE:  column "bcfp_model_version" of relation "log" already exists, skipping

NOTICE:  column "bcfp_pin_source" of relation "log" already exists, skipping

NOTICE:  column "notes" of relation "log" already exists, skipping

NOTICE:  relation "log_recompute" already exists, skipping

NOTICE:  column "recompute_id" of relation "log_recompute" already exists, skipping

NOTICE:  column "watershed_group_code" of relation "log_recompute" already exists, skipping

NOTICE:  column "date_start" of relation "log_recompute" already exists, skipping

NOTICE:  column "date_end" of relation "log_recompute" already exists, skipping

NOTICE:  column "run_uid" of relation "log_recompute" already exists, skipping

NOTICE:  column "run_label" of relation "log_recompute" already exists, skipping

NOTICE:  column "host" of relation "log_recompute" already exists, skipping

NOTICE:  column "config_name" of relation "log_recompute" already exists, skipping

NOTICE:  column "config_hash" of relation "log_recompute" already exists, skipping

NOTICE:  column "link_version" of relation "log_recompute" already exists, skipping

NOTICE:  column "link_sha" of relation "log_recompute" already exists, skipping

NOTICE:  column "link_dirty" of relation "log_recompute" already exists, skipping

NOTICE:  column "fresh_version" of relation "log_recompute" already exists, skipping

NOTICE:  column "fresh_sha" of relation "log_recompute" already exists, skipping

NOTICE:  column "fresh_dirty" of relation "log_recompute" already exists, skipping

NOTICE:  column "fresh_sha_source" of relation "log_recompute" already exists, skipping

NOTICE:  column "crate_version" of relation "log_recompute" already exists, skipping

NOTICE:  column "fwapg_sha" of relation "log_recompute" already exists, skipping

NOTICE:  column "bcfishobs_sha" of relation "log_recompute" already exists, skipping

NOTICE:  column "schema_persist" of relation "log_recompute" already exists, skipping

NOTICE:  column "species" of relation "log_recompute" already exists, skipping

NOTICE:  column "views_prebuilt" of relation "log_recompute" already exists, skipping

NOTICE:  column "notes" of relation "log_recompute" already exists, skipping

NOTICE:  relation "log_input" already exists, skipping

NOTICE:  column "run_id" of relation "log_input" already exists, skipping

NOTICE:  column "watershed_group_code" of relation "log_input" already exists, skipping

NOTICE:  column "table_name" of relation "log_input" already exists, skipping

NOTICE:  column "row_count" of relation "log_input" already exists, skipping

NOTICE:  column "row_count_estimated" of relation "log_input" already exists, skipping

NOTICE:  column "size_bytes" of relation "log_input" already exists, skipping

NOTICE:  column "last_analyze" of relation "log_input" already exists, skipping

NOTICE:  column "source" of relation "log_input" already exists, skipping

NOTICE:  column "source_at" of relation "log_input" already exists, skipping

NOTICE:  relation "log_parameters_fresh" already exists, skipping

NOTICE:  column "config_hash" of relation "log_parameters_fresh" already exists, skipping

NOTICE:  column "species_code" of relation "log_parameters_fresh" already exists, skipping

NOTICE:  column "access_gradient_max" of relation "log_parameters_fresh" already exists, skipping

NOTICE:  column "spawn_gradient_min" of relation "log_parameters_fresh" already exists, skipping

NOTICE:  column "rear_gradient_min" of relation "log_parameters_fresh" already exists, skipping

NOTICE:  column "cluster_rearing" of relation "log_parameters_fresh" already exists, skipping

NOTICE:  column "cluster_direction" of relation "log_parameters_fresh" already exists, skipping

NOTICE:  column "cluster_bridge_gradient" of relation "log_parameters_fresh" already exists, skipping

NOTICE:  column "cluster_bridge_distance" of relation "log_parameters_fresh" already exists, skipping

NOTICE:  column "cluster_confluence_m" of relation "log_parameters_fresh" already exists, skipping

NOTICE:  column "cluster_spawning" of relation "log_parameters_fresh" already exists, skipping

NOTICE:  column "cluster_spawn_direction" of relation "log_parameters_fresh" already exists, skipping

NOTICE:  column "cluster_spawn_bridge_gradient" of relation "log_parameters_fresh" already exists, skipping

NOTICE:  column "cluster_spawn_bridge_distance" of relation "log_parameters_fresh" already exists, skipping

NOTICE:  column "cluster_spawn_confluence_m" of relation "log_parameters_fresh" already exists, skipping

NOTICE:  column "observation_threshold" of relation "log_parameters_fresh" already exists, skipping

NOTICE:  column "observation_date_min" of relation "log_parameters_fresh" already exists, skipping

NOTICE:  column "observation_buffer_m" of relation "log_parameters_fresh" already exists, skipping

NOTICE:  column "observation_species" of relation "log_parameters_fresh" already exists, skipping

NOTICE:  column "observation_control_apply" of relation "log_parameters_fresh" already exists, skipping

NOTICE:  relation "log_parameters_habitat_thresholds" already exists, skipping

NOTICE:  column "config_hash" of relation "log_parameters_habitat_thresholds" already exists, skipping

NOTICE:  column "species_code" of relation "log_parameters_habitat_thresholds" already exists, skipping

NOTICE:  column "spawn_gradient_max" of relation "log_parameters_habitat_thresholds" already exists, skipping

NOTICE:  column "spawn_channel_width_min" of relation "log_parameters_habitat_thresholds" already exists, skipping

NOTICE:  column "spawn_channel_width_max" of relation "log_parameters_habitat_thresholds" already exists, skipping

NOTICE:  column "spawn_mad_min" of relation "log_parameters_habitat_thresholds" already exists, skipping

NOTICE:  column "spawn_mad_max" of relation "log_parameters_habitat_thresholds" already exists, skipping

NOTICE:  column "rear_gradient_max" of relation "log_parameters_habitat_thresholds" already exists, skipping

NOTICE:  column "rear_channel_width_min" of relation "log_parameters_habitat_thresholds" already exists, skipping

NOTICE:  column "rear_channel_width_max" of relation "log_parameters_habitat_thresholds" already exists, skipping

NOTICE:  column "rear_mad_min" of relation "log_parameters_habitat_thresholds" already exists, skipping

NOTICE:  column "rear_mad_max" of relation "log_parameters_habitat_thresholds" already exists, skipping

NOTICE:  column "rear_lake_ha_min" of relation "log_parameters_habitat_thresholds" already exists, skipping

NOTICE:  column "spawn_edge_types" of relation "log_parameters_habitat_thresholds" already exists, skipping

NOTICE:  column "rear_edge_types" of relation "log_parameters_habitat_thresholds" already exists, skipping

NOTICE:  relation "log_dimensions" already exists, skipping

NOTICE:  column "config_hash" of relation "log_dimensions" already exists, skipping

NOTICE:  column "species" of relation "log_dimensions" already exists, skipping

NOTICE:  column "spawn_lake" of relation "log_dimensions" already exists, skipping

NOTICE:  column "spawn_stream" of relation "log_dimensions" already exists, skipping

NOTICE:  column "spawn_stream_in_waterbody" of relation "log_dimensions" already exists, skipping

NOTICE:  column "rear_lake" of relation "log_dimensions" already exists, skipping

NOTICE:  column "rear_lake_only" of relation "log_dimensions" already exists, skipping

NOTICE:  column "rear_lake_area_only" of relation "log_dimensions" already exists, skipping

NOTICE:  column "rear_no_fw" of relation "log_dimensions" already exists, skipping

NOTICE:  column "rear_stream" of relation "log_dimensions" already exists, skipping

NOTICE:  column "rear_stream_in_waterbody" of relation "log_dimensions" already exists, skipping

NOTICE:  column "rear_wetland" of relation "log_dimensions" already exists, skipping

NOTICE:  column "rear_wetland_polygon" of relation "log_dimensions" already exists, skipping

NOTICE:  column "rear_wetland_area_only" of relation "log_dimensions" already exists, skipping

NOTICE:  column "rear_all_edges" of relation "log_dimensions" already exists, skipping

NOTICE:  column "river_skip_cw_min" of relation "log_dimensions" already exists, skipping

NOTICE:  column "rear_stream_order_bypass" of relation "log_dimensions" already exists, skipping

NOTICE:  column "rear_stream_order_parent_min" of relation "log_dimensions" already exists, skipping

NOTICE:  column "rear_stream_order_child_min" of relation "log_dimensions" already exists, skipping

NOTICE:  column "rear_stream_order_child_max" of relation "log_dimensions" already exists, skipping

NOTICE:  column "rear_stream_order_distance_max" of relation "log_dimensions" already exists, skipping

NOTICE:  column "spawn_requires_connected" of relation "log_dimensions" already exists, skipping

NOTICE:  column "spawn_connected_distance_max" of relation "log_dimensions" already exists, skipping

NOTICE:  column "spawn_connected_direction" of relation "log_dimensions" already exists, skipping

NOTICE:  column "spawn_connected_gradient_max" of relation "log_dimensions" already exists, skipping

NOTICE:  column "spawn_connected_cw_min" of relation "log_dimensions" already exists, skipping

NOTICE:  column "spawn_connected_edge_types" of relation "log_dimensions" already exists, skipping

NOTICE:  column "spawn_connected_lake_adjacent" of relation "log_dimensions" already exists, skipping

NOTICE:  column "rear_requires_connected" of relation "log_dimensions" already exists, skipping

NOTICE:  column "rear_connected_distance_max" of relation "log_dimensions" already exists, skipping

NOTICE:  column "rear_lake_ha_min" of relation "log_dimensions" already exists, skipping

NOTICE:  column "rear_wetland_ha_min" of relation "log_dimensions" already exists, skipping

NOTICE:  column "notes" of relation "log_dimensions" already exists, skipping

NOTICE:  relation "log_wsg_date_idx" already exists, skipping

NOTICE:  relation "log_config_idx" already exists, skipping

NOTICE:  relation "log_input_rn_idx" already exists, skipping

NOTICE:  relation "log_run_uid_idx" already exists, skipping

NOTICE:  relation "log_rc_run_uid_idx" already exists, skipping

NOTICE:  relation "log_rc_wsg_date_idx" already exists, skipping

NOTICE:  schema "working_score300_uarl" does not exist, skipping

NOTICE:  schema "working_score300_uarl" does not exist, skipping

NOTICE:  schema "working_score300_uarl" does not exist, skipping

NOTICE:  schema "working_score300_uarl" does not exist, skipping

NOTICE:  schema "fresh" already exists, skipping

NOTICE:  table "barriers_definite" does not exist, skipping

NOTICE:  table "barriers_definite_control" does not exist, skipping

NOTICE:  table "observations" does not exist, skipping

NOTICE:  table "streams_blk" does not exist, skipping

NOTICE:  table "gradient_barriers_raw" does not exist, skipping

NOTICE:  table "natural_barriers" does not exist, skipping

NOTICE:  table "barrier_overrides" does not exist, skipping

NOTICE:  table "barriers_bt" does not exist, skipping

NOTICE:  table "barriers_ch" does not exist, skipping

NOTICE:  table "barriers_cm" does not exist, skipping

NOTICE:  table "barriers_co" does not exist, skipping

NOTICE:  table "barriers_pk" does not exist, skipping

NOTICE:  table "barriers_sk" does not exist, skipping

NOTICE:  table "barriers_st" does not exist, skipping

NOTICE:  table "barriers_wct" does not exist, skipping

NOTICE:  table "barriers_ko" does not exist, skipping

NOTICE:  table "barriers_rb" does not exist, skipping

NOTICE:  table "barriers_gr" does not exist, skipping

NOTICE:  table "gradient_barriers_minimal" does not exist, skipping

NOTICE:  table "streams" does not exist, skipping

NOTICE:  table "streams_habitat" does not exist, skipping

NOTICE:  table "cabd_exclusions" does not exist, skipping

NOTICE:  table "cabd_blkey_xref" does not exist, skipping

NOTICE:  table "cabd_passability_status_updates" does not exist, skipping

NOTICE:  table "cabd_additions" does not exist, skipping

NOTICE:  table "cabd_dams_raw" does not exist, skipping

NOTICE:  table "dams" does not exist, skipping

NOTICE:  table "pscis_modelledcrossings_streams_xref" does not exist, skipping

NOTICE:  table "pscis_stream_candidates" does not exist, skipping

NOTICE:  table "pscis_streams_150m" does not exist, skipping

NOTICE:  table "pscis_picked" does not exist, skipping

NOTICE:  table "pscis" does not exist, skipping

NOTICE:  table "crossings_lookup" does not exist, skipping

NOTICE:  table "barriers_anthropogenic" does not exist, skipping

NOTICE:  table "barriers_pscis" does not exist, skipping

NOTICE:  table "barriers_dams" does not exist, skipping

NOTICE:  table "barriers_remediations" does not exist, skipping

NOTICE:  table "observations_breaks" does not exist, skipping

NOTICE:  table "habitat_endpoints" does not exist, skipping

NOTICE:  table "crossings_breaks" does not exist, skipping

NOTICE:  table "streams_breaks" does not exist, skipping

NOTICE:  relation "streams_id_segment_idx" already exists, skipping

NOTICE:  table "streams_acc_02" does not exist, skipping

NOTICE:  table "streams_acc_025" does not exist, skipping

NOTICE:  table "streams_acc_025_ovr_bt" does not exist, skipping

NOTICE:  table "streams_acc_02_ovr_wct" does not exist, skipping

NOTICE:  table "frs_clusters_bt" does not exist, skipping

NOTICE:  table "frs_clusters_wct" does not exist, skipping

NOTICE:  schema "score300_default_tuned" already exists, skipping

NOTICE:  relation "streams" already exists, skipping

NOTICE:  relation "streams_wsg_idx" already exists, skipping

NOTICE:  relation "streams_blk_idx" already exists, skipping

NOTICE:  relation "streams_geom_idx" already exists, skipping

NOTICE:  relation "streams_wbk_idx" already exists, skipping

NOTICE:  relation "streams_wscode_gist_idx" already exists, skipping

NOTICE:  relation "streams_wscode_btree_idx" already exists, skipping

NOTICE:  relation "streams_localcode_gist_idx" already exists, skipping

NOTICE:  relation "streams_localcode_btree_idx" already exists, skipping

NOTICE:  relation "streams_habitat_bt" already exists, skipping

NOTICE:  relation "streams_habitat_bt_wsg_idx" already exists, skipping

NOTICE:  relation "streams_habitat_ch" already exists, skipping

NOTICE:  relation "streams_habitat_ch_wsg_idx" already exists, skipping

NOTICE:  relation "streams_habitat_cm" already exists, skipping

NOTICE:  relation "streams_habitat_cm_wsg_idx" already exists, skipping

NOTICE:  relation "streams_habitat_co" already exists, skipping

NOTICE:  relation "streams_habitat_co_wsg_idx" already exists, skipping

NOTICE:  relation "streams_habitat_pk" already exists, skipping

NOTICE:  relation "streams_habitat_pk_wsg_idx" already exists, skipping

NOTICE:  relation "streams_habitat_sk" already exists, skipping

NOTICE:  relation "streams_habitat_sk_wsg_idx" already exists, skipping

NOTICE:  relation "streams_habitat_st" already exists, skipping

NOTICE:  relation "streams_habitat_st_wsg_idx" already exists, skipping

NOTICE:  relation "streams_habitat_wct" already exists, skipping

NOTICE:  relation "streams_habitat_wct_wsg_idx" already exists, skipping

NOTICE:  relation "streams_habitat_ko" already exists, skipping

NOTICE:  relation "streams_habitat_ko_wsg_idx" already exists, skipping

NOTICE:  relation "streams_habitat_rb" already exists, skipping

NOTICE:  relation "streams_habitat_rb_wsg_idx" already exists, skipping

NOTICE:  relation "streams_habitat_gr" already exists, skipping

NOTICE:  relation "streams_habitat_gr_wsg_idx" already exists, skipping

NOTICE:  relation "barriers" already exists, skipping

NOTICE:  relation "barriers_wsg_idx" already exists, skipping

NOTICE:  relation "barriers_blocks_idx" already exists, skipping

NOTICE:  relation "barriers_source_idx" already exists, skipping

NOTICE:  relation "barriers_blk_drm_idx" already exists, skipping

NOTICE:  relation "barriers_geom_idx" already exists, skipping

NOTICE:  relation "barriers_wscode_gist_idx" already exists, skipping

NOTICE:  relation "barriers_wscode_btree_idx" already exists, skipping

NOTICE:  relation "barriers_localcode_gist_idx" already exists, skipping

NOTICE:  relation "barriers_localcode_btree_idx" already exists, skipping

NOTICE:  relation "barrier_overrides" already exists, skipping

NOTICE:  relation "barrier_overrides_wsg_idx" already exists, skipping

NOTICE:  relation "barrier_overrides_blk_drm_idx" already exists, skipping

NOTICE:  relation "streams_access" already exists, skipping

NOTICE:  relation "streams_access_wsg_idx" already exists, skipping

NOTICE:  relation "streams_mapping_code" already exists, skipping

NOTICE:  relation "streams_mapping_code_wsg_idx" already exists, skipping

NOTICE:  schema "score300_default_tuned" already exists, skipping

NOTICE:  relation "log" already exists, skipping

NOTICE:  column "run_id" of relation "log" already exists, skipping

NOTICE:  column "watershed_group_code" of relation "log" already exists, skipping

NOTICE:  column "date_start" of relation "log" already exists, skipping

NOTICE:  column "date_end" of relation "log" already exists, skipping

NOTICE:  column "run_uid" of relation "log" already exists, skipping

NOTICE:  column "run_label" of relation "log" already exists, skipping

NOTICE:  column "host" of relation "log" already exists, skipping

NOTICE:  column "config_name" of relation "log" already exists, skipping

NOTICE:  column "config_hash" of relation "log" already exists, skipping

NOTICE:  column "config_drift" of relation "log" already exists, skipping

NOTICE:  column "link_version" of relation "log" already exists, skipping

NOTICE:  column "link_sha" of relation "log" already exists, skipping

NOTICE:  column "link_dirty" of relation "log" already exists, skipping

NOTICE:  column "fresh_version" of relation "log" already exists, skipping

NOTICE:  column "fresh_sha" of relation "log" already exists, skipping

NOTICE:  column "fresh_dirty" of relation "log" already exists, skipping

NOTICE:  column "fresh_sha_source" of relation "log" already exists, skipping

NOTICE:  column "crate_version" of relation "log" already exists, skipping

NOTICE:  column "fwapg_sha" of relation "log" already exists, skipping

NOTICE:  column "bcfishobs_sha" of relation "log" already exists, skipping

NOTICE:  column "arg_dams" of relation "log" already exists, skipping

NOTICE:  column "arg_mapping_code" of relation "log" already exists, skipping

NOTICE:  column "arg_cleanup_working" of relation "log" already exists, skipping

NOTICE:  column "schema_persist" of relation "log" already exists, skipping

NOTICE:  column "species" of relation "log" already exists, skipping

NOTICE:  column "wsg_upstream" of relation "log" already exists, skipping

NOTICE:  column "bcfp_model_run_id" of relation "log" already exists, skipping

NOTICE:  column "bcfp_model_version" of relation "log" already exists, skipping

NOTICE:  column "bcfp_pin_source" of relation "log" already exists, skipping

NOTICE:  column "notes" of relation "log" already exists, skipping

NOTICE:  relation "log_recompute" already exists, skipping

NOTICE:  column "recompute_id" of relation "log_recompute" already exists, skipping

NOTICE:  column "watershed_group_code" of relation "log_recompute" already exists, skipping

NOTICE:  column "date_start" of relation "log_recompute" already exists, skipping

NOTICE:  column "date_end" of relation "log_recompute" already exists, skipping

NOTICE:  column "run_uid" of relation "log_recompute" already exists, skipping

NOTICE:  column "run_label" of relation "log_recompute" already exists, skipping

NOTICE:  column "host" of relation "log_recompute" already exists, skipping

NOTICE:  column "config_name" of relation "log_recompute" already exists, skipping

NOTICE:  column "config_hash" of relation "log_recompute" already exists, skipping

NOTICE:  column "link_version" of relation "log_recompute" already exists, skipping

NOTICE:  column "link_sha" of relation "log_recompute" already exists, skipping

NOTICE:  column "link_dirty" of relation "log_recompute" already exists, skipping

NOTICE:  column "fresh_version" of relation "log_recompute" already exists, skipping

NOTICE:  column "fresh_sha" of relation "log_recompute" already exists, skipping

NOTICE:  column "fresh_dirty" of relation "log_recompute" already exists, skipping

NOTICE:  column "fresh_sha_source" of relation "log_recompute" already exists, skipping

NOTICE:  column "crate_version" of relation "log_recompute" already exists, skipping

NOTICE:  column "fwapg_sha" of relation "log_recompute" already exists, skipping

NOTICE:  column "bcfishobs_sha" of relation "log_recompute" already exists, skipping

NOTICE:  column "schema_persist" of relation "log_recompute" already exists, skipping

NOTICE:  column "species" of relation "log_recompute" already exists, skipping

NOTICE:  column "views_prebuilt" of relation "log_recompute" already exists, skipping

NOTICE:  column "notes" of relation "log_recompute" already exists, skipping

NOTICE:  relation "log_input" already exists, skipping

NOTICE:  column "run_id" of relation "log_input" already exists, skipping

NOTICE:  column "watershed_group_code" of relation "log_input" already exists, skipping

NOTICE:  column "table_name" of relation "log_input" already exists, skipping

NOTICE:  column "row_count" of relation "log_input" already exists, skipping

NOTICE:  column "row_count_estimated" of relation "log_input" already exists, skipping

NOTICE:  column "size_bytes" of relation "log_input" already exists, skipping

NOTICE:  column "last_analyze" of relation "log_input" already exists, skipping

NOTICE:  column "source" of relation "log_input" already exists, skipping

NOTICE:  column "source_at" of relation "log_input" already exists, skipping

NOTICE:  relation "log_parameters_fresh" already exists, skipping

NOTICE:  column "config_hash" of relation "log_parameters_fresh" already exists, skipping

NOTICE:  column "species_code" of relation "log_parameters_fresh" already exists, skipping

NOTICE:  column "access_gradient_max" of relation "log_parameters_fresh" already exists, skipping

NOTICE:  column "spawn_gradient_min" of relation "log_parameters_fresh" already exists, skipping

NOTICE:  column "rear_gradient_min" of relation "log_parameters_fresh" already exists, skipping

NOTICE:  column "cluster_rearing" of relation "log_parameters_fresh" already exists, skipping

NOTICE:  column "cluster_direction" of relation "log_parameters_fresh" already exists, skipping

NOTICE:  column "cluster_bridge_gradient" of relation "log_parameters_fresh" already exists, skipping

NOTICE:  column "cluster_bridge_distance" of relation "log_parameters_fresh" already exists, skipping

NOTICE:  column "cluster_confluence_m" of relation "log_parameters_fresh" already exists, skipping

NOTICE:  column "cluster_spawning" of relation "log_parameters_fresh" already exists, skipping

NOTICE:  column "cluster_spawn_direction" of relation "log_parameters_fresh" already exists, skipping

NOTICE:  column "cluster_spawn_bridge_gradient" of relation "log_parameters_fresh" already exists, skipping

NOTICE:  column "cluster_spawn_bridge_distance" of relation "log_parameters_fresh" already exists, skipping

NOTICE:  column "cluster_spawn_confluence_m" of relation "log_parameters_fresh" already exists, skipping

NOTICE:  column "observation_threshold" of relation "log_parameters_fresh" already exists, skipping

NOTICE:  column "observation_date_min" of relation "log_parameters_fresh" already exists, skipping

NOTICE:  column "observation_buffer_m" of relation "log_parameters_fresh" already exists, skipping

NOTICE:  column "observation_species" of relation "log_parameters_fresh" already exists, skipping

NOTICE:  column "observation_control_apply" of relation "log_parameters_fresh" already exists, skipping

NOTICE:  relation "log_parameters_habitat_thresholds" already exists, skipping

NOTICE:  column "config_hash" of relation "log_parameters_habitat_thresholds" already exists, skipping

NOTICE:  column "species_code" of relation "log_parameters_habitat_thresholds" already exists, skipping

NOTICE:  column "spawn_gradient_max" of relation "log_parameters_habitat_thresholds" already exists, skipping

NOTICE:  column "spawn_channel_width_min" of relation "log_parameters_habitat_thresholds" already exists, skipping

NOTICE:  column "spawn_channel_width_max" of relation "log_parameters_habitat_thresholds" already exists, skipping

NOTICE:  column "spawn_mad_min" of relation "log_parameters_habitat_thresholds" already exists, skipping

NOTICE:  column "spawn_mad_max" of relation "log_parameters_habitat_thresholds" already exists, skipping

NOTICE:  column "rear_gradient_max" of relation "log_parameters_habitat_thresholds" already exists, skipping

NOTICE:  column "rear_channel_width_min" of relation "log_parameters_habitat_thresholds" already exists, skipping

NOTICE:  column "rear_channel_width_max" of relation "log_parameters_habitat_thresholds" already exists, skipping

NOTICE:  column "rear_mad_min" of relation "log_parameters_habitat_thresholds" already exists, skipping

NOTICE:  column "rear_mad_max" of relation "log_parameters_habitat_thresholds" already exists, skipping

NOTICE:  column "rear_lake_ha_min" of relation "log_parameters_habitat_thresholds" already exists, skipping

NOTICE:  column "spawn_edge_types" of relation "log_parameters_habitat_thresholds" already exists, skipping

NOTICE:  column "rear_edge_types" of relation "log_parameters_habitat_thresholds" already exists, skipping

NOTICE:  relation "log_dimensions" already exists, skipping

NOTICE:  column "config_hash" of relation "log_dimensions" already exists, skipping

NOTICE:  column "species" of relation "log_dimensions" already exists, skipping

NOTICE:  column "spawn_lake" of relation "log_dimensions" already exists, skipping

NOTICE:  column "spawn_stream" of relation "log_dimensions" already exists, skipping

NOTICE:  column "spawn_stream_in_waterbody" of relation "log_dimensions" already exists, skipping

NOTICE:  column "rear_lake" of relation "log_dimensions" already exists, skipping

NOTICE:  column "rear_lake_only" of relation "log_dimensions" already exists, skipping

NOTICE:  column "rear_lake_area_only" of relation "log_dimensions" already exists, skipping

NOTICE:  column "rear_no_fw" of relation "log_dimensions" already exists, skipping

NOTICE:  column "rear_stream" of relation "log_dimensions" already exists, skipping

NOTICE:  column "rear_stream_in_waterbody" of relation "log_dimensions" already exists, skipping

NOTICE:  column "rear_wetland" of relation "log_dimensions" already exists, skipping

NOTICE:  column "rear_wetland_polygon" of relation "log_dimensions" already exists, skipping

NOTICE:  column "rear_wetland_area_only" of relation "log_dimensions" already exists, skipping

NOTICE:  column "rear_all_edges" of relation "log_dimensions" already exists, skipping

NOTICE:  column "river_skip_cw_min" of relation "log_dimensions" already exists, skipping

NOTICE:  column "rear_stream_order_bypass" of relation "log_dimensions" already exists, skipping

NOTICE:  column "rear_stream_order_parent_min" of relation "log_dimensions" already exists, skipping

NOTICE:  column "rear_stream_order_child_min" of relation "log_dimensions" already exists, skipping

NOTICE:  column "rear_stream_order_child_max" of relation "log_dimensions" already exists, skipping

NOTICE:  column "rear_stream_order_distance_max" of relation "log_dimensions" already exists, skipping

NOTICE:  column "spawn_requires_connected" of relation "log_dimensions" already exists, skipping

NOTICE:  column "spawn_connected_distance_max" of relation "log_dimensions" already exists, skipping

NOTICE:  column "spawn_connected_direction" of relation "log_dimensions" already exists, skipping

NOTICE:  column "spawn_connected_gradient_max" of relation "log_dimensions" already exists, skipping

NOTICE:  column "spawn_connected_cw_min" of relation "log_dimensions" already exists, skipping

NOTICE:  column "spawn_connected_edge_types" of relation "log_dimensions" already exists, skipping

NOTICE:  column "spawn_connected_lake_adjacent" of relation "log_dimensions" already exists, skipping

NOTICE:  column "rear_requires_connected" of relation "log_dimensions" already exists, skipping

NOTICE:  column "rear_connected_distance_max" of relation "log_dimensions" already exists, skipping

NOTICE:  column "rear_lake_ha_min" of relation "log_dimensions" already exists, skipping

NOTICE:  column "rear_wetland_ha_min" of relation "log_dimensions" already exists, skipping

NOTICE:  column "notes" of relation "log_dimensions" already exists, skipping

NOTICE:  relation "log_wsg_date_idx" already exists, skipping

NOTICE:  relation "log_config_idx" already exists, skipping

NOTICE:  relation "log_input_rn_idx" already exists, skipping

NOTICE:  relation "log_run_uid_idx" already exists, skipping

NOTICE:  relation "log_rc_run_uid_idx" already exists, skipping

NOTICE:  relation "log_rc_wsg_date_idx" already exists, skipping

NOTICE:  table "barriers" does not exist, skipping

10:23:31 base UARL done in 2.2 min
10:23:31 base UPCE: already persisted, skipped
NOTICE:  schema "score300_default_tuned" already exists, skipping

NOTICE:  relation "log" already exists, skipping

NOTICE:  column "run_id" of relation "log" already exists, skipping

NOTICE:  column "watershed_group_code" of relation "log" already exists, skipping

NOTICE:  column "date_start" of relation "log" already exists, skipping

NOTICE:  column "date_end" of relation "log" already exists, skipping

NOTICE:  column "run_uid" of relation "log" already exists, skipping

NOTICE:  column "run_label" of relation "log" already exists, skipping

NOTICE:  column "host" of relation "log" already exists, skipping

NOTICE:  column "config_name" of relation "log" already exists, skipping

NOTICE:  column "config_hash" of relation "log" already exists, skipping

NOTICE:  column "config_drift" of relation "log" already exists, skipping

NOTICE:  column "link_version" of relation "log" already exists, skipping

NOTICE:  column "link_sha" of relation "log" already exists, skipping

NOTICE:  column "link_dirty" of relation "log" already exists, skipping

NOTICE:  column "fresh_version" of relation "log" already exists, skipping

NOTICE:  column "fresh_sha" of relation "log" already exists, skipping

NOTICE:  column "fresh_dirty" of relation "log" already exists, skipping

NOTICE:  column "fresh_sha_source" of relation "log" already exists, skipping

NOTICE:  column "crate_version" of relation "log" already exists, skipping

NOTICE:  column "fwapg_sha" of relation "log" already exists, skipping

NOTICE:  column "bcfishobs_sha" of relation "log" already exists, skipping

NOTICE:  column "arg_dams" of relation "log" already exists, skipping

NOTICE:  column "arg_mapping_code" of relation "log" already exists, skipping

NOTICE:  column "arg_cleanup_working" of relation "log" already exists, skipping

NOTICE:  column "schema_persist" of relation "log" already exists, skipping

NOTICE:  column "species" of relation "log" already exists, skipping

NOTICE:  column "wsg_upstream" of relation "log" already exists, skipping

NOTICE:  column "bcfp_model_run_id" of relation "log" already exists, skipping

NOTICE:  column "bcfp_model_version" of relation "log" already exists, skipping

NOTICE:  column "bcfp_pin_source" of relation "log" already exists, skipping

NOTICE:  column "notes" of relation "log" already exists, skipping

NOTICE:  relation "log_recompute" already exists, skipping

NOTICE:  column "recompute_id" of relation "log_recompute" already exists, skipping

NOTICE:  column "watershed_group_code" of relation "log_recompute" already exists, skipping

NOTICE:  column "date_start" of relation "log_recompute" already exists, skipping

NOTICE:  column "date_end" of relation "log_recompute" already exists, skipping

NOTICE:  column "run_uid" of relation "log_recompute" already exists, skipping

NOTICE:  column "run_label" of relation "log_recompute" already exists, skipping

NOTICE:  column "host" of relation "log_recompute" already exists, skipping

NOTICE:  column "config_name" of relation "log_recompute" already exists, skipping

NOTICE:  column "config_hash" of relation "log_recompute" already exists, skipping

NOTICE:  column "link_version" of relation "log_recompute" already exists, skipping

NOTICE:  column "link_sha" of relation "log_recompute" already exists, skipping

NOTICE:  column "link_dirty" of relation "log_recompute" already exists, skipping

NOTICE:  column "fresh_version" of relation "log_recompute" already exists, skipping

NOTICE:  column "fresh_sha" of relation "log_recompute" already exists, skipping

NOTICE:  column "fresh_dirty" of relation "log_recompute" already exists, skipping

NOTICE:  column "fresh_sha_source" of relation "log_recompute" already exists, skipping

NOTICE:  column "crate_version" of relation "log_recompute" already exists, skipping

NOTICE:  column "fwapg_sha" of relation "log_recompute" already exists, skipping

NOTICE:  column "bcfishobs_sha" of relation "log_recompute" already exists, skipping

NOTICE:  column "schema_persist" of relation "log_recompute" already exists, skipping

NOTICE:  column "species" of relation "log_recompute" already exists, skipping

NOTICE:  column "views_prebuilt" of relation "log_recompute" already exists, skipping

NOTICE:  column "notes" of relation "log_recompute" already exists, skipping

NOTICE:  relation "log_input" already exists, skipping

NOTICE:  column "run_id" of relation "log_input" already exists, skipping

NOTICE:  column "watershed_group_code" of relation "log_input" already exists, skipping

NOTICE:  column "table_name" of relation "log_input" already exists, skipping

NOTICE:  column "row_count" of relation "log_input" already exists, skipping

NOTICE:  column "row_count_estimated" of relation "log_input" already exists, skipping

NOTICE:  column "size_bytes" of relation "log_input" already exists, skipping

NOTICE:  column "last_analyze" of relation "log_input" already exists, skipping

NOTICE:  column "source" of relation "log_input" already exists, skipping

NOTICE:  column "source_at" of relation "log_input" already exists, skipping

NOTICE:  relation "log_parameters_fresh" already exists, skipping

NOTICE:  column "config_hash" of relation "log_parameters_fresh" already exists, skipping

NOTICE:  column "species_code" of relation "log_parameters_fresh" already exists, skipping

NOTICE:  column "access_gradient_max" of relation "log_parameters_fresh" already exists, skipping

NOTICE:  column "spawn_gradient_min" of relation "log_parameters_fresh" already exists, skipping

NOTICE:  column "rear_gradient_min" of relation "log_parameters_fresh" already exists, skipping

NOTICE:  column "cluster_rearing" of relation "log_parameters_fresh" already exists, skipping

NOTICE:  column "cluster_direction" of relation "log_parameters_fresh" already exists, skipping

NOTICE:  column "cluster_bridge_gradient" of relation "log_parameters_fresh" already exists, skipping

NOTICE:  column "cluster_bridge_distance" of relation "log_parameters_fresh" already exists, skipping

NOTICE:  column "cluster_confluence_m" of relation "log_parameters_fresh" already exists, skipping

NOTICE:  column "cluster_spawning" of relation "log_parameters_fresh" already exists, skipping

NOTICE:  column "cluster_spawn_direction" of relation "log_parameters_fresh" already exists, skipping

NOTICE:  column "cluster_spawn_bridge_gradient" of relation "log_parameters_fresh" already exists, skipping

NOTICE:  column "cluster_spawn_bridge_distance" of relation "log_parameters_fresh" already exists, skipping

NOTICE:  column "cluster_spawn_confluence_m" of relation "log_parameters_fresh" already exists, skipping

NOTICE:  column "observation_threshold" of relation "log_parameters_fresh" already exists, skipping

NOTICE:  column "observation_date_min" of relation "log_parameters_fresh" already exists, skipping

NOTICE:  column "observation_buffer_m" of relation "log_parameters_fresh" already exists, skipping

NOTICE:  column "observation_species" of relation "log_parameters_fresh" already exists, skipping

NOTICE:  column "observation_control_apply" of relation "log_parameters_fresh" already exists, skipping

NOTICE:  relation "log_parameters_habitat_thresholds" already exists, skipping

NOTICE:  column "config_hash" of relation "log_parameters_habitat_thresholds" already exists, skipping

NOTICE:  column "species_code" of relation "log_parameters_habitat_thresholds" already exists, skipping

NOTICE:  column "spawn_gradient_max" of relation "log_parameters_habitat_thresholds" already exists, skipping

NOTICE:  column "spawn_channel_width_min" of relation "log_parameters_habitat_thresholds" already exists, skipping

NOTICE:  column "spawn_channel_width_max" of relation "log_parameters_habitat_thresholds" already exists, skipping

NOTICE:  column "spawn_mad_min" of relation "log_parameters_habitat_thresholds" already exists, skipping

NOTICE:  column "spawn_mad_max" of relation "log_parameters_habitat_thresholds" already exists, skipping

NOTICE:  column "rear_gradient_max" of relation "log_parameters_habitat_thresholds" already exists, skipping

NOTICE:  column "rear_channel_width_min" of relation "log_parameters_habitat_thresholds" already exists, skipping

NOTICE:  column "rear_channel_width_max" of relation "log_parameters_habitat_thresholds" already exists, skipping

NOTICE:  column "rear_mad_min" of relation "log_parameters_habitat_thresholds" already exists, skipping

NOTICE:  column "rear_mad_max" of relation "log_parameters_habitat_thresholds" already exists, skipping

NOTICE:  column "rear_lake_ha_min" of relation "log_parameters_habitat_thresholds" already exists, skipping

NOTICE:  column "spawn_edge_types" of relation "log_parameters_habitat_thresholds" already exists, skipping

NOTICE:  column "rear_edge_types" of relation "log_parameters_habitat_thresholds" already exists, skipping

NOTICE:  relation "log_dimensions" already exists, skipping

NOTICE:  column "config_hash" of relation "log_dimensions" already exists, skipping

NOTICE:  column "species" of relation "log_dimensions" already exists, skipping

NOTICE:  column "spawn_lake" of relation "log_dimensions" already exists, skipping

NOTICE:  column "spawn_stream" of relation "log_dimensions" already exists, skipping

NOTICE:  column "spawn_stream_in_waterbody" of relation "log_dimensions" already exists, skipping

NOTICE:  column "rear_lake" of relation "log_dimensions" already exists, skipping

NOTICE:  column "rear_lake_only" of relation "log_dimensions" already exists, skipping

NOTICE:  column "rear_lake_area_only" of relation "log_dimensions" already exists, skipping

NOTICE:  column "rear_no_fw" of relation "log_dimensions" already exists, skipping

NOTICE:  column "rear_stream" of relation "log_dimensions" already exists, skipping

NOTICE:  column "rear_stream_in_waterbody" of relation "log_dimensions" already exists, skipping

NOTICE:  column "rear_wetland" of relation "log_dimensions" already exists, skipping

NOTICE:  column "rear_wetland_polygon" of relation "log_dimensions" already exists, skipping

NOTICE:  column "rear_wetland_area_only" of relation "log_dimensions" already exists, skipping

NOTICE:  column "rear_all_edges" of relation "log_dimensions" already exists, skipping

NOTICE:  column "river_skip_cw_min" of relation "log_dimensions" already exists, skipping

NOTICE:  column "rear_stream_order_bypass" of relation "log_dimensions" already exists, skipping

NOTICE:  column "rear_stream_order_parent_min" of relation "log_dimensions" already exists, skipping

NOTICE:  column "rear_stream_order_child_min" of relation "log_dimensions" already exists, skipping

NOTICE:  column "rear_stream_order_child_max" of relation "log_dimensions" already exists, skipping

NOTICE:  column "rear_stream_order_distance_max" of relation "log_dimensions" already exists, skipping

NOTICE:  column "spawn_requires_connected" of relation "log_dimensions" already exists, skipping

NOTICE:  column "spawn_connected_distance_max" of relation "log_dimensions" already exists, skipping

NOTICE:  column "spawn_connected_direction" of relation "log_dimensions" already exists, skipping

NOTICE:  column "spawn_connected_gradient_max" of relation "log_dimensions" already exists, skipping

NOTICE:  column "spawn_connected_cw_min" of relation "log_dimensions" already exists, skipping

NOTICE:  column "spawn_connected_edge_types" of relation "log_dimensions" already exists, skipping

NOTICE:  column "spawn_connected_lake_adjacent" of relation "log_dimensions" already exists, skipping

NOTICE:  column "rear_requires_connected" of relation "log_dimensions" already exists, skipping

NOTICE:  column "rear_connected_distance_max" of relation "log_dimensions" already exists, skipping

NOTICE:  column "rear_lake_ha_min" of relation "log_dimensions" already exists, skipping

NOTICE:  column "rear_wetland_ha_min" of relation "log_dimensions" already exists, skipping

NOTICE:  column "notes" of relation "log_dimensions" already exists, skipping

NOTICE:  relation "log_wsg_date_idx" already exists, skipping

NOTICE:  relation "log_config_idx" already exists, skipping

NOTICE:  relation "log_input_rn_idx" already exists, skipping

NOTICE:  relation "log_run_uid_idx" already exists, skipping

NOTICE:  relation "log_rc_run_uid_idx" already exists, skipping

NOTICE:  relation "log_rc_wsg_date_idx" already exists, skipping

NOTICE:  schema "working_score300_bull" does not exist, skipping

NOTICE:  schema "working_score300_bull" does not exist, skipping

NOTICE:  schema "working_score300_bull" does not exist, skipping

NOTICE:  schema "working_score300_bull" does not exist, skipping

NOTICE:  schema "fresh" already exists, skipping

NOTICE:  table "barriers_definite" does not exist, skipping

NOTICE:  table "barriers_definite_control" does not exist, skipping

NOTICE:  table "observations" does not exist, skipping

NOTICE:  table "streams_blk" does not exist, skipping

NOTICE:  table "gradient_barriers_raw" does not exist, skipping

NOTICE:  table "natural_barriers" does not exist, skipping

NOTICE:  table "barrier_overrides" does not exist, skipping

NOTICE:  table "barriers_bt" does not exist, skipping

NOTICE:  table "barriers_ch" does not exist, skipping

NOTICE:  table "barriers_cm" does not exist, skipping

NOTICE:  table "barriers_co" does not exist, skipping

NOTICE:  table "barriers_pk" does not exist, skipping

NOTICE:  table "barriers_sk" does not exist, skipping

NOTICE:  table "barriers_st" does not exist, skipping

NOTICE:  table "barriers_wct" does not exist, skipping

NOTICE:  table "barriers_ko" does not exist, skipping

NOTICE:  table "barriers_rb" does not exist, skipping

NOTICE:  table "barriers_gr" does not exist, skipping

NOTICE:  table "gradient_barriers_minimal" does not exist, skipping

NOTICE:  table "streams" does not exist, skipping

NOTICE:  table "streams_habitat" does not exist, skipping

NOTICE:  table "cabd_exclusions" does not exist, skipping

NOTICE:  table "cabd_blkey_xref" does not exist, skipping

NOTICE:  table "cabd_passability_status_updates" does not exist, skipping

NOTICE:  table "cabd_additions" does not exist, skipping

NOTICE:  table "cabd_dams_raw" does not exist, skipping

NOTICE:  table "dams" does not exist, skipping

NOTICE:  table "pscis_modelledcrossings_streams_xref" does not exist, skipping

NOTICE:  table "pscis_stream_candidates" does not exist, skipping

NOTICE:  table "pscis_streams_150m" does not exist, skipping

NOTICE:  table "pscis_picked" does not exist, skipping

NOTICE:  table "pscis" does not exist, skipping

NOTICE:  table "crossings_lookup" does not exist, skipping

NOTICE:  table "barriers_anthropogenic" does not exist, skipping

NOTICE:  table "barriers_pscis" does not exist, skipping

NOTICE:  table "barriers_dams" does not exist, skipping

NOTICE:  table "barriers_remediations" does not exist, skipping

NOTICE:  table "observations_breaks" does not exist, skipping

NOTICE:  table "habitat_endpoints" does not exist, skipping

NOTICE:  table "crossings_breaks" does not exist, skipping

NOTICE:  table "streams_breaks" does not exist, skipping

NOTICE:  relation "streams_id_segment_idx" already exists, skipping

NOTICE:  table "streams_acc_015" does not exist, skipping

NOTICE:  table "streams_acc_02" does not exist, skipping

NOTICE:  table "streams_acc_025" does not exist, skipping

NOTICE:  table "streams_acc_025_ovr_bt" does not exist, skipping

NOTICE:  table "streams_acc_02_ovr_wct" does not exist, skipping

NOTICE:  table "frs_clusters_bt" does not exist, skipping

NOTICE:  table "frs_clusters_wct" does not exist, skipping

NOTICE:  table "frs_clusters_gr" does not exist, skipping

NOTICE:  schema "score300_default_tuned" already exists, skipping

NOTICE:  relation "streams" already exists, skipping

NOTICE:  relation "streams_wsg_idx" already exists, skipping

NOTICE:  relation "streams_blk_idx" already exists, skipping

NOTICE:  relation "streams_geom_idx" already exists, skipping

NOTICE:  relation "streams_wbk_idx" already exists, skipping

NOTICE:  relation "streams_wscode_gist_idx" already exists, skipping

NOTICE:  relation "streams_wscode_btree_idx" already exists, skipping

NOTICE:  relation "streams_localcode_gist_idx" already exists, skipping

NOTICE:  relation "streams_localcode_btree_idx" already exists, skipping

NOTICE:  relation "streams_habitat_bt" already exists, skipping

NOTICE:  relation "streams_habitat_bt_wsg_idx" already exists, skipping

NOTICE:  relation "streams_habitat_ch" already exists, skipping

NOTICE:  relation "streams_habitat_ch_wsg_idx" already exists, skipping

NOTICE:  relation "streams_habitat_cm" already exists, skipping

NOTICE:  relation "streams_habitat_cm_wsg_idx" already exists, skipping

NOTICE:  relation "streams_habitat_co" already exists, skipping

NOTICE:  relation "streams_habitat_co_wsg_idx" already exists, skipping

NOTICE:  relation "streams_habitat_pk" already exists, skipping

NOTICE:  relation "streams_habitat_pk_wsg_idx" already exists, skipping

NOTICE:  relation "streams_habitat_sk" already exists, skipping

NOTICE:  relation "streams_habitat_sk_wsg_idx" already exists, skipping

NOTICE:  relation "streams_habitat_st" already exists, skipping

NOTICE:  relation "streams_habitat_st_wsg_idx" already exists, skipping

NOTICE:  relation "streams_habitat_wct" already exists, skipping

NOTICE:  relation "streams_habitat_wct_wsg_idx" already exists, skipping

NOTICE:  relation "streams_habitat_ko" already exists, skipping

NOTICE:  relation "streams_habitat_ko_wsg_idx" already exists, skipping

NOTICE:  relation "streams_habitat_rb" already exists, skipping

NOTICE:  relation "streams_habitat_rb_wsg_idx" already exists, skipping

NOTICE:  relation "streams_habitat_gr" already exists, skipping

NOTICE:  relation "streams_habitat_gr_wsg_idx" already exists, skipping

NOTICE:  relation "barriers" already exists, skipping

NOTICE:  relation "barriers_wsg_idx" already exists, skipping

NOTICE:  relation "barriers_blocks_idx" already exists, skipping

NOTICE:  relation "barriers_source_idx" already exists, skipping

NOTICE:  relation "barriers_blk_drm_idx" already exists, skipping

NOTICE:  relation "barriers_geom_idx" already exists, skipping

NOTICE:  relation "barriers_wscode_gist_idx" already exists, skipping

NOTICE:  relation "barriers_wscode_btree_idx" already exists, skipping

NOTICE:  relation "barriers_localcode_gist_idx" already exists, skipping

NOTICE:  relation "barriers_localcode_btree_idx" already exists, skipping

NOTICE:  relation "barrier_overrides" already exists, skipping

NOTICE:  relation "barrier_overrides_wsg_idx" already exists, skipping

NOTICE:  relation "barrier_overrides_blk_drm_idx" already exists, skipping

NOTICE:  relation "streams_access" already exists, skipping

NOTICE:  relation "streams_access_wsg_idx" already exists, skipping

NOTICE:  relation "streams_mapping_code" already exists, skipping

NOTICE:  relation "streams_mapping_code_wsg_idx" already exists, skipping

NOTICE:  schema "score300_default_tuned" already exists, skipping

NOTICE:  relation "log" already exists, skipping

NOTICE:  column "run_id" of relation "log" already exists, skipping

NOTICE:  column "watershed_group_code" of relation "log" already exists, skipping

NOTICE:  column "date_start" of relation "log" already exists, skipping

NOTICE:  column "date_end" of relation "log" already exists, skipping

NOTICE:  column "run_uid" of relation "log" already exists, skipping

NOTICE:  column "run_label" of relation "log" already exists, skipping

NOTICE:  column "host" of relation "log" already exists, skipping

NOTICE:  column "config_name" of relation "log" already exists, skipping

NOTICE:  column "config_hash" of relation "log" already exists, skipping

NOTICE:  column "config_drift" of relation "log" already exists, skipping

NOTICE:  column "link_version" of relation "log" already exists, skipping

NOTICE:  column "link_sha" of relation "log" already exists, skipping

NOTICE:  column "link_dirty" of relation "log" already exists, skipping

NOTICE:  column "fresh_version" of relation "log" already exists, skipping

NOTICE:  column "fresh_sha" of relation "log" already exists, skipping

NOTICE:  column "fresh_dirty" of relation "log" already exists, skipping

NOTICE:  column "fresh_sha_source" of relation "log" already exists, skipping

NOTICE:  column "crate_version" of relation "log" already exists, skipping

NOTICE:  column "fwapg_sha" of relation "log" already exists, skipping

NOTICE:  column "bcfishobs_sha" of relation "log" already exists, skipping

NOTICE:  column "arg_dams" of relation "log" already exists, skipping

NOTICE:  column "arg_mapping_code" of relation "log" already exists, skipping

NOTICE:  column "arg_cleanup_working" of relation "log" already exists, skipping

NOTICE:  column "schema_persist" of relation "log" already exists, skipping

NOTICE:  column "species" of relation "log" already exists, skipping

NOTICE:  column "wsg_upstream" of relation "log" already exists, skipping

NOTICE:  column "bcfp_model_run_id" of relation "log" already exists, skipping

NOTICE:  column "bcfp_model_version" of relation "log" already exists, skipping

NOTICE:  column "bcfp_pin_source" of relation "log" already exists, skipping

NOTICE:  column "notes" of relation "log" already exists, skipping

NOTICE:  relation "log_recompute" already exists, skipping

NOTICE:  column "recompute_id" of relation "log_recompute" already exists, skipping

NOTICE:  column "watershed_group_code" of relation "log_recompute" already exists, skipping

NOTICE:  column "date_start" of relation "log_recompute" already exists, skipping

NOTICE:  column "date_end" of relation "log_recompute" already exists, skipping

NOTICE:  column "run_uid" of relation "log_recompute" already exists, skipping

NOTICE:  column "run_label" of relation "log_recompute" already exists, skipping

NOTICE:  column "host" of relation "log_recompute" already exists, skipping

NOTICE:  column "config_name" of relation "log_recompute" already exists, skipping

NOTICE:  column "config_hash" of relation "log_recompute" already exists, skipping

NOTICE:  column "link_version" of relation "log_recompute" already exists, skipping

NOTICE:  column "link_sha" of relation "log_recompute" already exists, skipping

NOTICE:  column "link_dirty" of relation "log_recompute" already exists, skipping

NOTICE:  column "fresh_version" of relation "log_recompute" already exists, skipping

NOTICE:  column "fresh_sha" of relation "log_recompute" already exists, skipping

NOTICE:  column "fresh_dirty" of relation "log_recompute" already exists, skipping

NOTICE:  column "fresh_sha_source" of relation "log_recompute" already exists, skipping

NOTICE:  column "crate_version" of relation "log_recompute" already exists, skipping

NOTICE:  column "fwapg_sha" of relation "log_recompute" already exists, skipping

NOTICE:  column "bcfishobs_sha" of relation "log_recompute" already exists, skipping

NOTICE:  column "schema_persist" of relation "log_recompute" already exists, skipping

NOTICE:  column "species" of relation "log_recompute" already exists, skipping

NOTICE:  column "views_prebuilt" of relation "log_recompute" already exists, skipping

NOTICE:  column "notes" of relation "log_recompute" already exists, skipping

NOTICE:  relation "log_input" already exists, skipping

NOTICE:  column "run_id" of relation "log_input" already exists, skipping

NOTICE:  column "watershed_group_code" of relation "log_input" already exists, skipping

NOTICE:  column "table_name" of relation "log_input" already exists, skipping

NOTICE:  column "row_count" of relation "log_input" already exists, skipping

NOTICE:  column "row_count_estimated" of relation "log_input" already exists, skipping

NOTICE:  column "size_bytes" of relation "log_input" already exists, skipping

NOTICE:  column "last_analyze" of relation "log_input" already exists, skipping

NOTICE:  column "source" of relation "log_input" already exists, skipping

NOTICE:  column "source_at" of relation "log_input" already exists, skipping

NOTICE:  relation "log_parameters_fresh" already exists, skipping

NOTICE:  column "config_hash" of relation "log_parameters_fresh" already exists, skipping

NOTICE:  column "species_code" of relation "log_parameters_fresh" already exists, skipping

NOTICE:  column "access_gradient_max" of relation "log_parameters_fresh" already exists, skipping

NOTICE:  column "spawn_gradient_min" of relation "log_parameters_fresh" already exists, skipping

NOTICE:  column "rear_gradient_min" of relation "log_parameters_fresh" already exists, skipping

NOTICE:  column "cluster_rearing" of relation "log_parameters_fresh" already exists, skipping

NOTICE:  column "cluster_direction" of relation "log_parameters_fresh" already exists, skipping

NOTICE:  column "cluster_bridge_gradient" of relation "log_parameters_fresh" already exists, skipping

NOTICE:  column "cluster_bridge_distance" of relation "log_parameters_fresh" already exists, skipping

NOTICE:  column "cluster_confluence_m" of relation "log_parameters_fresh" already exists, skipping

NOTICE:  column "cluster_spawning" of relation "log_parameters_fresh" already exists, skipping

NOTICE:  column "cluster_spawn_direction" of relation "log_parameters_fresh" already exists, skipping

NOTICE:  column "cluster_spawn_bridge_gradient" of relation "log_parameters_fresh" already exists, skipping

NOTICE:  column "cluster_spawn_bridge_distance" of relation "log_parameters_fresh" already exists, skipping

NOTICE:  column "cluster_spawn_confluence_m" of relation "log_parameters_fresh" already exists, skipping

NOTICE:  column "observation_threshold" of relation "log_parameters_fresh" already exists, skipping

NOTICE:  column "observation_date_min" of relation "log_parameters_fresh" already exists, skipping

NOTICE:  column "observation_buffer_m" of relation "log_parameters_fresh" already exists, skipping

NOTICE:  column "observation_species" of relation "log_parameters_fresh" already exists, skipping

NOTICE:  column "observation_control_apply" of relation "log_parameters_fresh" already exists, skipping

NOTICE:  relation "log_parameters_habitat_thresholds" already exists, skipping

NOTICE:  column "config_hash" of relation "log_parameters_habitat_thresholds" already exists, skipping

NOTICE:  column "species_code" of relation "log_parameters_habitat_thresholds" already exists, skipping

NOTICE:  column "spawn_gradient_max" of relation "log_parameters_habitat_thresholds" already exists, skipping

NOTICE:  column "spawn_channel_width_min" of relation "log_parameters_habitat_thresholds" already exists, skipping

NOTICE:  column "spawn_channel_width_max" of relation "log_parameters_habitat_thresholds" already exists, skipping

NOTICE:  column "spawn_mad_min" of relation "log_parameters_habitat_thresholds" already exists, skipping

NOTICE:  column "spawn_mad_max" of relation "log_parameters_habitat_thresholds" already exists, skipping

NOTICE:  column "rear_gradient_max" of relation "log_parameters_habitat_thresholds" already exists, skipping

NOTICE:  column "rear_channel_width_min" of relation "log_parameters_habitat_thresholds" already exists, skipping

NOTICE:  column "rear_channel_width_max" of relation "log_parameters_habitat_thresholds" already exists, skipping

NOTICE:  column "rear_mad_min" of relation "log_parameters_habitat_thresholds" already exists, skipping

NOTICE:  column "rear_mad_max" of relation "log_parameters_habitat_thresholds" already exists, skipping

NOTICE:  column "rear_lake_ha_min" of relation "log_parameters_habitat_thresholds" already exists, skipping

NOTICE:  column "spawn_edge_types" of relation "log_parameters_habitat_thresholds" already exists, skipping

NOTICE:  column "rear_edge_types" of relation "log_parameters_habitat_thresholds" already exists, skipping

NOTICE:  relation "log_dimensions" already exists, skipping

NOTICE:  column "config_hash" of relation "log_dimensions" already exists, skipping

NOTICE:  column "species" of relation "log_dimensions" already exists, skipping

NOTICE:  column "spawn_lake" of relation "log_dimensions" already exists, skipping

NOTICE:  column "spawn_stream" of relation "log_dimensions" already exists, skipping

NOTICE:  column "spawn_stream_in_waterbody" of relation "log_dimensions" already exists, skipping

NOTICE:  column "rear_lake" of relation "log_dimensions" already exists, skipping

NOTICE:  column "rear_lake_only" of relation "log_dimensions" already exists, skipping

NOTICE:  column "rear_lake_area_only" of relation "log_dimensions" already exists, skipping

NOTICE:  column "rear_no_fw" of relation "log_dimensions" already exists, skipping

NOTICE:  column "rear_stream" of relation "log_dimensions" already exists, skipping

NOTICE:  column "rear_stream_in_waterbody" of relation "log_dimensions" already exists, skipping

NOTICE:  column "rear_wetland" of relation "log_dimensions" already exists, skipping

NOTICE:  column "rear_wetland_polygon" of relation "log_dimensions" already exists, skipping

NOTICE:  column "rear_wetland_area_only" of relation "log_dimensions" already exists, skipping

NOTICE:  column "rear_all_edges" of relation "log_dimensions" already exists, skipping

NOTICE:  column "river_skip_cw_min" of relation "log_dimensions" already exists, skipping

NOTICE:  column "rear_stream_order_bypass" of relation "log_dimensions" already exists, skipping

NOTICE:  column "rear_stream_order_parent_min" of relation "log_dimensions" already exists, skipping

NOTICE:  column "rear_stream_order_child_min" of relation "log_dimensions" already exists, skipping

NOTICE:  column "rear_stream_order_child_max" of relation "log_dimensions" already exists, skipping

NOTICE:  column "rear_stream_order_distance_max" of relation "log_dimensions" already exists, skipping

NOTICE:  column "spawn_requires_connected" of relation "log_dimensions" already exists, skipping

NOTICE:  column "spawn_connected_distance_max" of relation "log_dimensions" already exists, skipping

NOTICE:  column "spawn_connected_direction" of relation "log_dimensions" already exists, skipping

NOTICE:  column "spawn_connected_gradient_max" of relation "log_dimensions" already exists, skipping

NOTICE:  column "spawn_connected_cw_min" of relation "log_dimensions" already exists, skipping

NOTICE:  column "spawn_connected_edge_types" of relation "log_dimensions" already exists, skipping

NOTICE:  column "spawn_connected_lake_adjacent" of relation "log_dimensions" already exists, skipping

NOTICE:  column "rear_requires_connected" of relation "log_dimensions" already exists, skipping

NOTICE:  column "rear_connected_distance_max" of relation "log_dimensions" already exists, skipping

NOTICE:  column "rear_lake_ha_min" of relation "log_dimensions" already exists, skipping

NOTICE:  column "rear_wetland_ha_min" of relation "log_dimensions" already exists, skipping

NOTICE:  column "notes" of relation "log_dimensions" already exists, skipping

NOTICE:  relation "log_wsg_date_idx" already exists, skipping

NOTICE:  relation "log_config_idx" already exists, skipping

NOTICE:  relation "log_input_rn_idx" already exists, skipping

NOTICE:  relation "log_run_uid_idx" already exists, skipping

NOTICE:  relation "log_rc_run_uid_idx" already exists, skipping

NOTICE:  relation "log_rc_wsg_date_idx" already exists, skipping

NOTICE:  table "barriers" does not exist, skipping

10:25:30 base BULL done in 2.0 min
NOTICE:  schema "score300_default_tuned" already exists, skipping

NOTICE:  relation "log" already exists, skipping

NOTICE:  column "run_id" of relation "log" already exists, skipping

NOTICE:  column "watershed_group_code" of relation "log" already exists, skipping

NOTICE:  column "date_start" of relation "log" already exists, skipping

NOTICE:  column "date_end" of relation "log" already exists, skipping

NOTICE:  column "run_uid" of relation "log" already exists, skipping

NOTICE:  column "run_label" of relation "log" already exists, skipping

NOTICE:  column "host" of relation "log" already exists, skipping

NOTICE:  column "config_name" of relation "log" already exists, skipping

NOTICE:  column "config_hash" of relation "log" already exists, skipping

NOTICE:  column "config_drift" of relation "log" already exists, skipping

NOTICE:  column "link_version" of relation "log" already exists, skipping

NOTICE:  column "link_sha" of relation "log" already exists, skipping

NOTICE:  column "link_dirty" of relation "log" already exists, skipping

NOTICE:  column "fresh_version" of relation "log" already exists, skipping

NOTICE:  column "fresh_sha" of relation "log" already exists, skipping

NOTICE:  column "fresh_dirty" of relation "log" already exists, skipping

NOTICE:  column "fresh_sha_source" of relation "log" already exists, skipping

NOTICE:  column "crate_version" of relation "log" already exists, skipping

NOTICE:  column "fwapg_sha" of relation "log" already exists, skipping

NOTICE:  column "bcfishobs_sha" of relation "log" already exists, skipping

NOTICE:  column "arg_dams" of relation "log" already exists, skipping

NOTICE:  column "arg_mapping_code" of relation "log" already exists, skipping

NOTICE:  column "arg_cleanup_working" of relation "log" already exists, skipping

NOTICE:  column "schema_persist" of relation "log" already exists, skipping

NOTICE:  column "species" of relation "log" already exists, skipping

NOTICE:  column "wsg_upstream" of relation "log" already exists, skipping

NOTICE:  column "bcfp_model_run_id" of relation "log" already exists, skipping

NOTICE:  column "bcfp_model_version" of relation "log" already exists, skipping

NOTICE:  column "bcfp_pin_source" of relation "log" already exists, skipping

NOTICE:  column "notes" of relation "log" already exists, skipping

NOTICE:  relation "log_recompute" already exists, skipping

NOTICE:  column "recompute_id" of relation "log_recompute" already exists, skipping

NOTICE:  column "watershed_group_code" of relation "log_recompute" already exists, skipping

NOTICE:  column "date_start" of relation "log_recompute" already exists, skipping

NOTICE:  column "date_end" of relation "log_recompute" already exists, skipping

NOTICE:  column "run_uid" of relation "log_recompute" already exists, skipping

NOTICE:  column "run_label" of relation "log_recompute" already exists, skipping

NOTICE:  column "host" of relation "log_recompute" already exists, skipping

NOTICE:  column "config_name" of relation "log_recompute" already exists, skipping

NOTICE:  column "config_hash" of relation "log_recompute" already exists, skipping

NOTICE:  column "link_version" of relation "log_recompute" already exists, skipping

NOTICE:  column "link_sha" of relation "log_recompute" already exists, skipping

NOTICE:  column "link_dirty" of relation "log_recompute" already exists, skipping

NOTICE:  column "fresh_version" of relation "log_recompute" already exists, skipping

NOTICE:  column "fresh_sha" of relation "log_recompute" already exists, skipping

NOTICE:  column "fresh_dirty" of relation "log_recompute" already exists, skipping

NOTICE:  column "fresh_sha_source" of relation "log_recompute" already exists, skipping

NOTICE:  column "crate_version" of relation "log_recompute" already exists, skipping

NOTICE:  column "fwapg_sha" of relation "log_recompute" already exists, skipping

NOTICE:  column "bcfishobs_sha" of relation "log_recompute" already exists, skipping

NOTICE:  column "schema_persist" of relation "log_recompute" already exists, skipping

NOTICE:  column "species" of relation "log_recompute" already exists, skipping

NOTICE:  column "views_prebuilt" of relation "log_recompute" already exists, skipping

NOTICE:  column "notes" of relation "log_recompute" already exists, skipping

NOTICE:  relation "log_input" already exists, skipping

NOTICE:  column "run_id" of relation "log_input" already exists, skipping

NOTICE:  column "watershed_group_code" of relation "log_input" already exists, skipping

NOTICE:  column "table_name" of relation "log_input" already exists, skipping

NOTICE:  column "row_count" of relation "log_input" already exists, skipping

NOTICE:  column "row_count_estimated" of relation "log_input" already exists, skipping

NOTICE:  column "size_bytes" of relation "log_input" already exists, skipping

NOTICE:  column "last_analyze" of relation "log_input" already exists, skipping

NOTICE:  column "source" of relation "log_input" already exists, skipping

NOTICE:  column "source_at" of relation "log_input" already exists, skipping

NOTICE:  relation "log_parameters_fresh" already exists, skipping

NOTICE:  column "config_hash" of relation "log_parameters_fresh" already exists, skipping

NOTICE:  column "species_code" of relation "log_parameters_fresh" already exists, skipping

NOTICE:  column "access_gradient_max" of relation "log_parameters_fresh" already exists, skipping

NOTICE:  column "spawn_gradient_min" of relation "log_parameters_fresh" already exists, skipping

NOTICE:  column "rear_gradient_min" of relation "log_parameters_fresh" already exists, skipping

NOTICE:  column "cluster_rearing" of relation "log_parameters_fresh" already exists, skipping

NOTICE:  column "cluster_direction" of relation "log_parameters_fresh" already exists, skipping

NOTICE:  column "cluster_bridge_gradient" of relation "log_parameters_fresh" already exists, skipping

NOTICE:  column "cluster_bridge_distance" of relation "log_parameters_fresh" already exists, skipping

NOTICE:  column "cluster_confluence_m" of relation "log_parameters_fresh" already exists, skipping

NOTICE:  column "cluster_spawning" of relation "log_parameters_fresh" already exists, skipping

NOTICE:  column "cluster_spawn_direction" of relation "log_parameters_fresh" already exists, skipping

NOTICE:  column "cluster_spawn_bridge_gradient" of relation "log_parameters_fresh" already exists, skipping

NOTICE:  column "cluster_spawn_bridge_distance" of relation "log_parameters_fresh" already exists, skipping

NOTICE:  column "cluster_spawn_confluence_m" of relation "log_parameters_fresh" already exists, skipping

NOTICE:  column "observation_threshold" of relation "log_parameters_fresh" already exists, skipping

NOTICE:  column "observation_date_min" of relation "log_parameters_fresh" already exists, skipping

NOTICE:  column "observation_buffer_m" of relation "log_parameters_fresh" already exists, skipping

NOTICE:  column "observation_species" of relation "log_parameters_fresh" already exists, skipping

NOTICE:  column "observation_control_apply" of relation "log_parameters_fresh" already exists, skipping

NOTICE:  relation "log_parameters_habitat_thresholds" already exists, skipping

NOTICE:  column "config_hash" of relation "log_parameters_habitat_thresholds" already exists, skipping

NOTICE:  column "species_code" of relation "log_parameters_habitat_thresholds" already exists, skipping

NOTICE:  column "spawn_gradient_max" of relation "log_parameters_habitat_thresholds" already exists, skipping

NOTICE:  column "spawn_channel_width_min" of relation "log_parameters_habitat_thresholds" already exists, skipping

NOTICE:  column "spawn_channel_width_max" of relation "log_parameters_habitat_thresholds" already exists, skipping

NOTICE:  column "spawn_mad_min" of relation "log_parameters_habitat_thresholds" already exists, skipping

NOTICE:  column "spawn_mad_max" of relation "log_parameters_habitat_thresholds" already exists, skipping

NOTICE:  column "rear_gradient_max" of relation "log_parameters_habitat_thresholds" already exists, skipping

NOTICE:  column "rear_channel_width_min" of relation "log_parameters_habitat_thresholds" already exists, skipping

NOTICE:  column "rear_channel_width_max" of relation "log_parameters_habitat_thresholds" already exists, skipping

NOTICE:  column "rear_mad_min" of relation "log_parameters_habitat_thresholds" already exists, skipping

NOTICE:  column "rear_mad_max" of relation "log_parameters_habitat_thresholds" already exists, skipping

NOTICE:  column "rear_lake_ha_min" of relation "log_parameters_habitat_thresholds" already exists, skipping

NOTICE:  column "spawn_edge_types" of relation "log_parameters_habitat_thresholds" already exists, skipping

NOTICE:  column "rear_edge_types" of relation "log_parameters_habitat_thresholds" already exists, skipping

NOTICE:  relation "log_dimensions" already exists, skipping

NOTICE:  column "config_hash" of relation "log_dimensions" already exists, skipping

NOTICE:  column "species" of relation "log_dimensions" already exists, skipping

NOTICE:  column "spawn_lake" of relation "log_dimensions" already exists, skipping

NOTICE:  column "spawn_stream" of relation "log_dimensions" already exists, skipping

NOTICE:  column "spawn_stream_in_waterbody" of relation "log_dimensions" already exists, skipping

NOTICE:  column "rear_lake" of relation "log_dimensions" already exists, skipping

NOTICE:  column "rear_lake_only" of relation "log_dimensions" already exists, skipping

NOTICE:  column "rear_lake_area_only" of relation "log_dimensions" already exists, skipping

NOTICE:  column "rear_no_fw" of relation "log_dimensions" already exists, skipping

NOTICE:  column "rear_stream" of relation "log_dimensions" already exists, skipping

NOTICE:  column "rear_stream_in_waterbody" of relation "log_dimensions" already exists, skipping

NOTICE:  column "rear_wetland" of relation "log_dimensions" already exists, skipping

NOTICE:  column "rear_wetland_polygon" of relation "log_dimensions" already exists, skipping

NOTICE:  column "rear_wetland_area_only" of relation "log_dimensions" already exists, skipping

NOTICE:  column "rear_all_edges" of relation "log_dimensions" already exists, skipping

NOTICE:  column "river_skip_cw_min" of relation "log_dimensions" already exists, skipping

NOTICE:  column "rear_stream_order_bypass" of relation "log_dimensions" already exists, skipping

NOTICE:  column "rear_stream_order_parent_min" of relation "log_dimensions" already exists, skipping

NOTICE:  column "rear_stream_order_child_min" of relation "log_dimensions" already exists, skipping

NOTICE:  column "rear_stream_order_child_max" of relation "log_dimensions" already exists, skipping

NOTICE:  column "rear_stream_order_distance_max" of relation "log_dimensions" already exists, skipping

NOTICE:  column "spawn_requires_connected" of relation "log_dimensions" already exists, skipping

NOTICE:  column "spawn_connected_distance_max" of relation "log_dimensions" already exists, skipping

NOTICE:  column "spawn_connected_direction" of relation "log_dimensions" already exists, skipping

NOTICE:  column "spawn_connected_gradient_max" of relation "log_dimensions" already exists, skipping

NOTICE:  column "spawn_connected_cw_min" of relation "log_dimensions" already exists, skipping

NOTICE:  column "spawn_connected_edge_types" of relation "log_dimensions" already exists, skipping

NOTICE:  column "spawn_connected_lake_adjacent" of relation "log_dimensions" already exists, skipping

NOTICE:  column "rear_requires_connected" of relation "log_dimensions" already exists, skipping

NOTICE:  column "rear_connected_distance_max" of relation "log_dimensions" already exists, skipping

NOTICE:  column "rear_lake_ha_min" of relation "log_dimensions" already exists, skipping

NOTICE:  column "rear_wetland_ha_min" of relation "log_dimensions" already exists, skipping

NOTICE:  column "notes" of relation "log_dimensions" already exists, skipping

NOTICE:  relation "log_wsg_date_idx" already exists, skipping

NOTICE:  relation "log_config_idx" already exists, skipping

NOTICE:  relation "log_input_rn_idx" already exists, skipping

NOTICE:  relation "log_run_uid_idx" already exists, skipping

NOTICE:  relation "log_rc_run_uid_idx" already exists, skipping

NOTICE:  relation "log_rc_wsg_date_idx" already exists, skipping

NOTICE:  schema "working_score300_lhaf" does not exist, skipping

NOTICE:  schema "working_score300_lhaf" does not exist, skipping

NOTICE:  schema "working_score300_lhaf" does not exist, skipping

NOTICE:  schema "working_score300_lhaf" does not exist, skipping

NOTICE:  schema "fresh" already exists, skipping

NOTICE:  table "barriers_definite" does not exist, skipping

NOTICE:  table "barriers_definite_control" does not exist, skipping

NOTICE:  table "observations" does not exist, skipping

NOTICE:  table "streams_blk" does not exist, skipping

NOTICE:  table "gradient_barriers_raw" does not exist, skipping

NOTICE:  table "natural_barriers" does not exist, skipping

NOTICE:  table "barrier_overrides" does not exist, skipping

NOTICE:  table "barriers_bt" does not exist, skipping

NOTICE:  table "barriers_ch" does not exist, skipping

NOTICE:  table "barriers_cm" does not exist, skipping

NOTICE:  table "barriers_co" does not exist, skipping

NOTICE:  table "barriers_pk" does not exist, skipping

NOTICE:  table "barriers_sk" does not exist, skipping

NOTICE:  table "barriers_st" does not exist, skipping

NOTICE:  table "barriers_wct" does not exist, skipping

NOTICE:  table "barriers_ko" does not exist, skipping

NOTICE:  table "barriers_rb" does not exist, skipping

NOTICE:  table "barriers_gr" does not exist, skipping

NOTICE:  table "gradient_barriers_minimal" does not exist, skipping

NOTICE:  table "streams" does not exist, skipping

NOTICE:  table "streams_habitat" does not exist, skipping

NOTICE:  table "cabd_exclusions" does not exist, skipping

NOTICE:  table "cabd_blkey_xref" does not exist, skipping

NOTICE:  table "cabd_passability_status_updates" does not exist, skipping

NOTICE:  table "cabd_additions" does not exist, skipping

NOTICE:  table "cabd_dams_raw" does not exist, skipping

NOTICE:  table "dams" does not exist, skipping

NOTICE:  table "pscis_modelledcrossings_streams_xref" does not exist, skipping

NOTICE:  table "pscis_stream_candidates" does not exist, skipping

NOTICE:  table "pscis_streams_150m" does not exist, skipping

NOTICE:  table "pscis_picked" does not exist, skipping

NOTICE:  table "pscis" does not exist, skipping

NOTICE:  table "crossings_lookup" does not exist, skipping

NOTICE:  table "barriers_anthropogenic" does not exist, skipping

NOTICE:  table "barriers_pscis" does not exist, skipping

NOTICE:  table "barriers_dams" does not exist, skipping

NOTICE:  table "barriers_remediations" does not exist, skipping

NOTICE:  table "observations_breaks" does not exist, skipping

NOTICE:  table "habitat_endpoints" does not exist, skipping

NOTICE:  table "crossings_breaks" does not exist, skipping

NOTICE:  table "streams_breaks" does not exist, skipping

NOTICE:  relation "streams_id_segment_idx" already exists, skipping

NOTICE:  table "streams_acc_015" does not exist, skipping

NOTICE:  table "streams_acc_025" does not exist, skipping

NOTICE:  table "streams_acc_025_ovr_bt" does not exist, skipping

NOTICE:  table "frs_clusters_bt" does not exist, skipping

NOTICE:  table "frs_clusters_gr" does not exist, skipping

NOTICE:  schema "score300_default_tuned" already exists, skipping

NOTICE:  relation "streams" already exists, skipping

NOTICE:  relation "streams_wsg_idx" already exists, skipping

NOTICE:  relation "streams_blk_idx" already exists, skipping

NOTICE:  relation "streams_geom_idx" already exists, skipping

NOTICE:  relation "streams_wbk_idx" already exists, skipping

NOTICE:  relation "streams_wscode_gist_idx" already exists, skipping

NOTICE:  relation "streams_wscode_btree_idx" already exists, skipping

NOTICE:  relation "streams_localcode_gist_idx" already exists, skipping

NOTICE:  relation "streams_localcode_btree_idx" already exists, skipping

NOTICE:  relation "streams_habitat_bt" already exists, skipping

NOTICE:  relation "streams_habitat_bt_wsg_idx" already exists, skipping

NOTICE:  relation "streams_habitat_ch" already exists, skipping

NOTICE:  relation "streams_habitat_ch_wsg_idx" already exists, skipping

NOTICE:  relation "streams_habitat_cm" already exists, skipping

NOTICE:  relation "streams_habitat_cm_wsg_idx" already exists, skipping

NOTICE:  relation "streams_habitat_co" already exists, skipping

NOTICE:  relation "streams_habitat_co_wsg_idx" already exists, skipping

NOTICE:  relation "streams_habitat_pk" already exists, skipping

NOTICE:  relation "streams_habitat_pk_wsg_idx" already exists, skipping

NOTICE:  relation "streams_habitat_sk" already exists, skipping

NOTICE:  relation "streams_habitat_sk_wsg_idx" already exists, skipping

NOTICE:  relation "streams_habitat_st" already exists, skipping

NOTICE:  relation "streams_habitat_st_wsg_idx" already exists, skipping

NOTICE:  relation "streams_habitat_wct" already exists, skipping

NOTICE:  relation "streams_habitat_wct_wsg_idx" already exists, skipping

NOTICE:  relation "streams_habitat_ko" already exists, skipping

NOTICE:  relation "streams_habitat_ko_wsg_idx" already exists, skipping

NOTICE:  relation "streams_habitat_rb" already exists, skipping

NOTICE:  relation "streams_habitat_rb_wsg_idx" already exists, skipping

NOTICE:  relation "streams_habitat_gr" already exists, skipping

NOTICE:  relation "streams_habitat_gr_wsg_idx" already exists, skipping

NOTICE:  relation "barriers" already exists, skipping

NOTICE:  relation "barriers_wsg_idx" already exists, skipping

NOTICE:  relation "barriers_blocks_idx" already exists, skipping

NOTICE:  relation "barriers_source_idx" already exists, skipping

NOTICE:  relation "barriers_blk_drm_idx" already exists, skipping

NOTICE:  relation "barriers_geom_idx" already exists, skipping

NOTICE:  relation "barriers_wscode_gist_idx" already exists, skipping

NOTICE:  relation "barriers_wscode_btree_idx" already exists, skipping

NOTICE:  relation "barriers_localcode_gist_idx" already exists, skipping

NOTICE:  relation "barriers_localcode_btree_idx" already exists, skipping

NOTICE:  relation "barrier_overrides" already exists, skipping

NOTICE:  relation "barrier_overrides_wsg_idx" already exists, skipping

NOTICE:  relation "barrier_overrides_blk_drm_idx" already exists, skipping

NOTICE:  relation "streams_access" already exists, skipping

NOTICE:  relation "streams_access_wsg_idx" already exists, skipping

NOTICE:  relation "streams_mapping_code" already exists, skipping

NOTICE:  relation "streams_mapping_code_wsg_idx" already exists, skipping

NOTICE:  schema "score300_default_tuned" already exists, skipping

NOTICE:  relation "log" already exists, skipping

NOTICE:  column "run_id" of relation "log" already exists, skipping

NOTICE:  column "watershed_group_code" of relation "log" already exists, skipping

NOTICE:  column "date_start" of relation "log" already exists, skipping

NOTICE:  column "date_end" of relation "log" already exists, skipping

NOTICE:  column "run_uid" of relation "log" already exists, skipping

NOTICE:  column "run_label" of relation "log" already exists, skipping

NOTICE:  column "host" of relation "log" already exists, skipping

NOTICE:  column "config_name" of relation "log" already exists, skipping

NOTICE:  column "config_hash" of relation "log" already exists, skipping

NOTICE:  column "config_drift" of relation "log" already exists, skipping

NOTICE:  column "link_version" of relation "log" already exists, skipping

NOTICE:  column "link_sha" of relation "log" already exists, skipping

NOTICE:  column "link_dirty" of relation "log" already exists, skipping

NOTICE:  column "fresh_version" of relation "log" already exists, skipping

NOTICE:  column "fresh_sha" of relation "log" already exists, skipping

NOTICE:  column "fresh_dirty" of relation "log" already exists, skipping

NOTICE:  column "fresh_sha_source" of relation "log" already exists, skipping

NOTICE:  column "crate_version" of relation "log" already exists, skipping

NOTICE:  column "fwapg_sha" of relation "log" already exists, skipping

NOTICE:  column "bcfishobs_sha" of relation "log" already exists, skipping

NOTICE:  column "arg_dams" of relation "log" already exists, skipping

NOTICE:  column "arg_mapping_code" of relation "log" already exists, skipping

NOTICE:  column "arg_cleanup_working" of relation "log" already exists, skipping

NOTICE:  column "schema_persist" of relation "log" already exists, skipping

NOTICE:  column "species" of relation "log" already exists, skipping

NOTICE:  column "wsg_upstream" of relation "log" already exists, skipping

NOTICE:  column "bcfp_model_run_id" of relation "log" already exists, skipping

NOTICE:  column "bcfp_model_version" of relation "log" already exists, skipping

NOTICE:  column "bcfp_pin_source" of relation "log" already exists, skipping

NOTICE:  column "notes" of relation "log" already exists, skipping

NOTICE:  relation "log_recompute" already exists, skipping

NOTICE:  column "recompute_id" of relation "log_recompute" already exists, skipping

NOTICE:  column "watershed_group_code" of relation "log_recompute" already exists, skipping

NOTICE:  column "date_start" of relation "log_recompute" already exists, skipping

NOTICE:  column "date_end" of relation "log_recompute" already exists, skipping

NOTICE:  column "run_uid" of relation "log_recompute" already exists, skipping

NOTICE:  column "run_label" of relation "log_recompute" already exists, skipping

NOTICE:  column "host" of relation "log_recompute" already exists, skipping

NOTICE:  column "config_name" of relation "log_recompute" already exists, skipping

NOTICE:  column "config_hash" of relation "log_recompute" already exists, skipping

NOTICE:  column "link_version" of relation "log_recompute" already exists, skipping

NOTICE:  column "link_sha" of relation "log_recompute" already exists, skipping

NOTICE:  column "link_dirty" of relation "log_recompute" already exists, skipping

NOTICE:  column "fresh_version" of relation "log_recompute" already exists, skipping

NOTICE:  column "fresh_sha" of relation "log_recompute" already exists, skipping

NOTICE:  column "fresh_dirty" of relation "log_recompute" already exists, skipping

NOTICE:  column "fresh_sha_source" of relation "log_recompute" already exists, skipping

NOTICE:  column "crate_version" of relation "log_recompute" already exists, skipping

NOTICE:  column "fwapg_sha" of relation "log_recompute" already exists, skipping

NOTICE:  column "bcfishobs_sha" of relation "log_recompute" already exists, skipping

NOTICE:  column "schema_persist" of relation "log_recompute" already exists, skipping

NOTICE:  column "species" of relation "log_recompute" already exists, skipping

NOTICE:  column "views_prebuilt" of relation "log_recompute" already exists, skipping

NOTICE:  column "notes" of relation "log_recompute" already exists, skipping

NOTICE:  relation "log_input" already exists, skipping

NOTICE:  column "run_id" of relation "log_input" already exists, skipping

NOTICE:  column "watershed_group_code" of relation "log_input" already exists, skipping

NOTICE:  column "table_name" of relation "log_input" already exists, skipping

NOTICE:  column "row_count" of relation "log_input" already exists, skipping

NOTICE:  column "row_count_estimated" of relation "log_input" already exists, skipping

NOTICE:  column "size_bytes" of relation "log_input" already exists, skipping

NOTICE:  column "last_analyze" of relation "log_input" already exists, skipping

NOTICE:  column "source" of relation "log_input" already exists, skipping

NOTICE:  column "source_at" of relation "log_input" already exists, skipping

NOTICE:  relation "log_parameters_fresh" already exists, skipping

NOTICE:  column "config_hash" of relation "log_parameters_fresh" already exists, skipping

NOTICE:  column "species_code" of relation "log_parameters_fresh" already exists, skipping

NOTICE:  column "access_gradient_max" of relation "log_parameters_fresh" already exists, skipping

NOTICE:  column "spawn_gradient_min" of relation "log_parameters_fresh" already exists, skipping

NOTICE:  column "rear_gradient_min" of relation "log_parameters_fresh" already exists, skipping

NOTICE:  column "cluster_rearing" of relation "log_parameters_fresh" already exists, skipping

NOTICE:  column "cluster_direction" of relation "log_parameters_fresh" already exists, skipping

NOTICE:  column "cluster_bridge_gradient" of relation "log_parameters_fresh" already exists, skipping

NOTICE:  column "cluster_bridge_distance" of relation "log_parameters_fresh" already exists, skipping

NOTICE:  column "cluster_confluence_m" of relation "log_parameters_fresh" already exists, skipping

NOTICE:  column "cluster_spawning" of relation "log_parameters_fresh" already exists, skipping

NOTICE:  column "cluster_spawn_direction" of relation "log_parameters_fresh" already exists, skipping

NOTICE:  column "cluster_spawn_bridge_gradient" of relation "log_parameters_fresh" already exists, skipping

NOTICE:  column "cluster_spawn_bridge_distance" of relation "log_parameters_fresh" already exists, skipping

NOTICE:  column "cluster_spawn_confluence_m" of relation "log_parameters_fresh" already exists, skipping

NOTICE:  column "observation_threshold" of relation "log_parameters_fresh" already exists, skipping

NOTICE:  column "observation_date_min" of relation "log_parameters_fresh" already exists, skipping

NOTICE:  column "observation_buffer_m" of relation "log_parameters_fresh" already exists, skipping

NOTICE:  column "observation_species" of relation "log_parameters_fresh" already exists, skipping

NOTICE:  column "observation_control_apply" of relation "log_parameters_fresh" already exists, skipping

NOTICE:  relation "log_parameters_habitat_thresholds" already exists, skipping

NOTICE:  column "config_hash" of relation "log_parameters_habitat_thresholds" already exists, skipping

NOTICE:  column "species_code" of relation "log_parameters_habitat_thresholds" already exists, skipping

NOTICE:  column "spawn_gradient_max" of relation "log_parameters_habitat_thresholds" already exists, skipping

NOTICE:  column "spawn_channel_width_min" of relation "log_parameters_habitat_thresholds" already exists, skipping

NOTICE:  column "spawn_channel_width_max" of relation "log_parameters_habitat_thresholds" already exists, skipping

NOTICE:  column "spawn_mad_min" of relation "log_parameters_habitat_thresholds" already exists, skipping

NOTICE:  column "spawn_mad_max" of relation "log_parameters_habitat_thresholds" already exists, skipping

NOTICE:  column "rear_gradient_max" of relation "log_parameters_habitat_thresholds" already exists, skipping

NOTICE:  column "rear_channel_width_min" of relation "log_parameters_habitat_thresholds" already exists, skipping

NOTICE:  column "rear_channel_width_max" of relation "log_parameters_habitat_thresholds" already exists, skipping

NOTICE:  column "rear_mad_min" of relation "log_parameters_habitat_thresholds" already exists, skipping

NOTICE:  column "rear_mad_max" of relation "log_parameters_habitat_thresholds" already exists, skipping

NOTICE:  column "rear_lake_ha_min" of relation "log_parameters_habitat_thresholds" already exists, skipping

NOTICE:  column "spawn_edge_types" of relation "log_parameters_habitat_thresholds" already exists, skipping

NOTICE:  column "rear_edge_types" of relation "log_parameters_habitat_thresholds" already exists, skipping

NOTICE:  relation "log_dimensions" already exists, skipping

NOTICE:  column "config_hash" of relation "log_dimensions" already exists, skipping

NOTICE:  column "species" of relation "log_dimensions" already exists, skipping

NOTICE:  column "spawn_lake" of relation "log_dimensions" already exists, skipping

NOTICE:  column "spawn_stream" of relation "log_dimensions" already exists, skipping

NOTICE:  column "spawn_stream_in_waterbody" of relation "log_dimensions" already exists, skipping

NOTICE:  column "rear_lake" of relation "log_dimensions" already exists, skipping

NOTICE:  column "rear_lake_only" of relation "log_dimensions" already exists, skipping

NOTICE:  column "rear_lake_area_only" of relation "log_dimensions" already exists, skipping

NOTICE:  column "rear_no_fw" of relation "log_dimensions" already exists, skipping

NOTICE:  column "rear_stream" of relation "log_dimensions" already exists, skipping

NOTICE:  column "rear_stream_in_waterbody" of relation "log_dimensions" already exists, skipping

NOTICE:  column "rear_wetland" of relation "log_dimensions" already exists, skipping

NOTICE:  column "rear_wetland_polygon" of relation "log_dimensions" already exists, skipping

NOTICE:  column "rear_wetland_area_only" of relation "log_dimensions" already exists, skipping

NOTICE:  column "rear_all_edges" of relation "log_dimensions" already exists, skipping

NOTICE:  column "river_skip_cw_min" of relation "log_dimensions" already exists, skipping

NOTICE:  column "rear_stream_order_bypass" of relation "log_dimensions" already exists, skipping

NOTICE:  column "rear_stream_order_parent_min" of relation "log_dimensions" already exists, skipping

NOTICE:  column "rear_stream_order_child_min" of relation "log_dimensions" already exists, skipping

NOTICE:  column "rear_stream_order_child_max" of relation "log_dimensions" already exists, skipping

NOTICE:  column "rear_stream_order_distance_max" of relation "log_dimensions" already exists, skipping

NOTICE:  column "spawn_requires_connected" of relation "log_dimensions" already exists, skipping

NOTICE:  column "spawn_connected_distance_max" of relation "log_dimensions" already exists, skipping

NOTICE:  column "spawn_connected_direction" of relation "log_dimensions" already exists, skipping

NOTICE:  column "spawn_connected_gradient_max" of relation "log_dimensions" already exists, skipping

NOTICE:  column "spawn_connected_cw_min" of relation "log_dimensions" already exists, skipping

NOTICE:  column "spawn_connected_edge_types" of relation "log_dimensions" already exists, skipping

NOTICE:  column "spawn_connected_lake_adjacent" of relation "log_dimensions" already exists, skipping

NOTICE:  column "rear_requires_connected" of relation "log_dimensions" already exists, skipping

NOTICE:  column "rear_connected_distance_max" of relation "log_dimensions" already exists, skipping

NOTICE:  column "rear_lake_ha_min" of relation "log_dimensions" already exists, skipping

NOTICE:  column "rear_wetland_ha_min" of relation "log_dimensions" already exists, skipping

NOTICE:  column "notes" of relation "log_dimensions" already exists, skipping

NOTICE:  relation "log_wsg_date_idx" already exists, skipping

NOTICE:  relation "log_config_idx" already exists, skipping

NOTICE:  relation "log_input_rn_idx" already exists, skipping

NOTICE:  relation "log_run_uid_idx" already exists, skipping

NOTICE:  relation "log_rc_run_uid_idx" already exists, skipping

NOTICE:  relation "log_rc_wsg_date_idx" already exists, skipping

NOTICE:  table "barriers" does not exist, skipping

10:27:29 base LHAF done in 2.0 min
10:27:29 base PCEA: already persisted, skipped
NOTICE:  schema "score300_default_tuned" already exists, skipping

NOTICE:  relation "log" already exists, skipping

NOTICE:  column "run_id" of relation "log" already exists, skipping

NOTICE:  column "watershed_group_code" of relation "log" already exists, skipping

NOTICE:  column "date_start" of relation "log" already exists, skipping

NOTICE:  column "date_end" of relation "log" already exists, skipping

NOTICE:  column "run_uid" of relation "log" already exists, skipping

NOTICE:  column "run_label" of relation "log" already exists, skipping

NOTICE:  column "host" of relation "log" already exists, skipping

NOTICE:  column "config_name" of relation "log" already exists, skipping

NOTICE:  column "config_hash" of relation "log" already exists, skipping

NOTICE:  column "config_drift" of relation "log" already exists, skipping

NOTICE:  column "link_version" of relation "log" already exists, skipping

NOTICE:  column "link_sha" of relation "log" already exists, skipping

NOTICE:  column "link_dirty" of relation "log" already exists, skipping

NOTICE:  column "fresh_version" of relation "log" already exists, skipping

NOTICE:  column "fresh_sha" of relation "log" already exists, skipping

NOTICE:  column "fresh_dirty" of relation "log" already exists, skipping

NOTICE:  column "fresh_sha_source" of relation "log" already exists, skipping

NOTICE:  column "crate_version" of relation "log" already exists, skipping

NOTICE:  column "fwapg_sha" of relation "log" already exists, skipping

NOTICE:  column "bcfishobs_sha" of relation "log" already exists, skipping

NOTICE:  column "arg_dams" of relation "log" already exists, skipping

NOTICE:  column "arg_mapping_code" of relation "log" already exists, skipping

NOTICE:  column "arg_cleanup_working" of relation "log" already exists, skipping

NOTICE:  column "schema_persist" of relation "log" already exists, skipping

NOTICE:  column "species" of relation "log" already exists, skipping

NOTICE:  column "wsg_upstream" of relation "log" already exists, skipping

NOTICE:  column "bcfp_model_run_id" of relation "log" already exists, skipping

NOTICE:  column "bcfp_model_version" of relation "log" already exists, skipping

NOTICE:  column "bcfp_pin_source" of relation "log" already exists, skipping

NOTICE:  column "notes" of relation "log" already exists, skipping

NOTICE:  relation "log_recompute" already exists, skipping

NOTICE:  column "recompute_id" of relation "log_recompute" already exists, skipping

NOTICE:  column "watershed_group_code" of relation "log_recompute" already exists, skipping

NOTICE:  column "date_start" of relation "log_recompute" already exists, skipping

NOTICE:  column "date_end" of relation "log_recompute" already exists, skipping

NOTICE:  column "run_uid" of relation "log_recompute" already exists, skipping

NOTICE:  column "run_label" of relation "log_recompute" already exists, skipping

NOTICE:  column "host" of relation "log_recompute" already exists, skipping

NOTICE:  column "config_name" of relation "log_recompute" already exists, skipping

NOTICE:  column "config_hash" of relation "log_recompute" already exists, skipping

NOTICE:  column "link_version" of relation "log_recompute" already exists, skipping

NOTICE:  column "link_sha" of relation "log_recompute" already exists, skipping

NOTICE:  column "link_dirty" of relation "log_recompute" already exists, skipping

NOTICE:  column "fresh_version" of relation "log_recompute" already exists, skipping

NOTICE:  column "fresh_sha" of relation "log_recompute" already exists, skipping

NOTICE:  column "fresh_dirty" of relation "log_recompute" already exists, skipping

NOTICE:  column "fresh_sha_source" of relation "log_recompute" already exists, skipping

NOTICE:  column "crate_version" of relation "log_recompute" already exists, skipping

NOTICE:  column "fwapg_sha" of relation "log_recompute" already exists, skipping

NOTICE:  column "bcfishobs_sha" of relation "log_recompute" already exists, skipping

NOTICE:  column "schema_persist" of relation "log_recompute" already exists, skipping

NOTICE:  column "species" of relation "log_recompute" already exists, skipping

NOTICE:  column "views_prebuilt" of relation "log_recompute" already exists, skipping

NOTICE:  column "notes" of relation "log_recompute" already exists, skipping

NOTICE:  relation "log_input" already exists, skipping

NOTICE:  column "run_id" of relation "log_input" already exists, skipping

NOTICE:  column "watershed_group_code" of relation "log_input" already exists, skipping

NOTICE:  column "table_name" of relation "log_input" already exists, skipping

NOTICE:  column "row_count" of relation "log_input" already exists, skipping

NOTICE:  column "row_count_estimated" of relation "log_input" already exists, skipping

NOTICE:  column "size_bytes" of relation "log_input" already exists, skipping

NOTICE:  column "last_analyze" of relation "log_input" already exists, skipping

NOTICE:  column "source" of relation "log_input" already exists, skipping

NOTICE:  column "source_at" of relation "log_input" already exists, skipping

NOTICE:  relation "log_parameters_fresh" already exists, skipping

NOTICE:  column "config_hash" of relation "log_parameters_fresh" already exists, skipping

NOTICE:  column "species_code" of relation "log_parameters_fresh" already exists, skipping

NOTICE:  column "access_gradient_max" of relation "log_parameters_fresh" already exists, skipping

NOTICE:  column "spawn_gradient_min" of relation "log_parameters_fresh" already exists, skipping

NOTICE:  column "rear_gradient_min" of relation "log_parameters_fresh" already exists, skipping

NOTICE:  column "cluster_rearing" of relation "log_parameters_fresh" already exists, skipping

NOTICE:  column "cluster_direction" of relation "log_parameters_fresh" already exists, skipping

NOTICE:  column "cluster_bridge_gradient" of relation "log_parameters_fresh" already exists, skipping

NOTICE:  column "cluster_bridge_distance" of relation "log_parameters_fresh" already exists, skipping

NOTICE:  column "cluster_confluence_m" of relation "log_parameters_fresh" already exists, skipping

NOTICE:  column "cluster_spawning" of relation "log_parameters_fresh" already exists, skipping

NOTICE:  column "cluster_spawn_direction" of relation "log_parameters_fresh" already exists, skipping

NOTICE:  column "cluster_spawn_bridge_gradient" of relation "log_parameters_fresh" already exists, skipping

NOTICE:  column "cluster_spawn_bridge_distance" of relation "log_parameters_fresh" already exists, skipping

NOTICE:  column "cluster_spawn_confluence_m" of relation "log_parameters_fresh" already exists, skipping

NOTICE:  column "observation_threshold" of relation "log_parameters_fresh" already exists, skipping

NOTICE:  column "observation_date_min" of relation "log_parameters_fresh" already exists, skipping

NOTICE:  column "observation_buffer_m" of relation "log_parameters_fresh" already exists, skipping

NOTICE:  column "observation_species" of relation "log_parameters_fresh" already exists, skipping

NOTICE:  column "observation_control_apply" of relation "log_parameters_fresh" already exists, skipping

NOTICE:  relation "log_parameters_habitat_thresholds" already exists, skipping

NOTICE:  column "config_hash" of relation "log_parameters_habitat_thresholds" already exists, skipping

NOTICE:  column "species_code" of relation "log_parameters_habitat_thresholds" already exists, skipping

NOTICE:  column "spawn_gradient_max" of relation "log_parameters_habitat_thresholds" already exists, skipping

NOTICE:  column "spawn_channel_width_min" of relation "log_parameters_habitat_thresholds" already exists, skipping

NOTICE:  column "spawn_channel_width_max" of relation "log_parameters_habitat_thresholds" already exists, skipping

NOTICE:  column "spawn_mad_min" of relation "log_parameters_habitat_thresholds" already exists, skipping

NOTICE:  column "spawn_mad_max" of relation "log_parameters_habitat_thresholds" already exists, skipping

NOTICE:  column "rear_gradient_max" of relation "log_parameters_habitat_thresholds" already exists, skipping

NOTICE:  column "rear_channel_width_min" of relation "log_parameters_habitat_thresholds" already exists, skipping

NOTICE:  column "rear_channel_width_max" of relation "log_parameters_habitat_thresholds" already exists, skipping

NOTICE:  column "rear_mad_min" of relation "log_parameters_habitat_thresholds" already exists, skipping

NOTICE:  column "rear_mad_max" of relation "log_parameters_habitat_thresholds" already exists, skipping

NOTICE:  column "rear_lake_ha_min" of relation "log_parameters_habitat_thresholds" already exists, skipping

NOTICE:  column "spawn_edge_types" of relation "log_parameters_habitat_thresholds" already exists, skipping

NOTICE:  column "rear_edge_types" of relation "log_parameters_habitat_thresholds" already exists, skipping

NOTICE:  relation "log_dimensions" already exists, skipping

NOTICE:  column "config_hash" of relation "log_dimensions" already exists, skipping

NOTICE:  column "species" of relation "log_dimensions" already exists, skipping

NOTICE:  column "spawn_lake" of relation "log_dimensions" already exists, skipping

NOTICE:  column "spawn_stream" of relation "log_dimensions" already exists, skipping

NOTICE:  column "spawn_stream_in_waterbody" of relation "log_dimensions" already exists, skipping

NOTICE:  column "rear_lake" of relation "log_dimensions" already exists, skipping

NOTICE:  column "rear_lake_only" of relation "log_dimensions" already exists, skipping

NOTICE:  column "rear_lake_area_only" of relation "log_dimensions" already exists, skipping

NOTICE:  column "rear_no_fw" of relation "log_dimensions" already exists, skipping

NOTICE:  column "rear_stream" of relation "log_dimensions" already exists, skipping

NOTICE:  column "rear_stream_in_waterbody" of relation "log_dimensions" already exists, skipping

NOTICE:  column "rear_wetland" of relation "log_dimensions" already exists, skipping

NOTICE:  column "rear_wetland_polygon" of relation "log_dimensions" already exists, skipping

NOTICE:  column "rear_wetland_area_only" of relation "log_dimensions" already exists, skipping

NOTICE:  column "rear_all_edges" of relation "log_dimensions" already exists, skipping

NOTICE:  column "river_skip_cw_min" of relation "log_dimensions" already exists, skipping

NOTICE:  column "rear_stream_order_bypass" of relation "log_dimensions" already exists, skipping

NOTICE:  column "rear_stream_order_parent_min" of relation "log_dimensions" already exists, skipping

NOTICE:  column "rear_stream_order_child_min" of relation "log_dimensions" already exists, skipping

NOTICE:  column "rear_stream_order_child_max" of relation "log_dimensions" already exists, skipping

NOTICE:  column "rear_stream_order_distance_max" of relation "log_dimensions" already exists, skipping

NOTICE:  column "spawn_requires_connected" of relation "log_dimensions" already exists, skipping

NOTICE:  column "spawn_connected_distance_max" of relation "log_dimensions" already exists, skipping

NOTICE:  column "spawn_connected_direction" of relation "log_dimensions" already exists, skipping

NOTICE:  column "spawn_connected_gradient_max" of relation "log_dimensions" already exists, skipping

NOTICE:  column "spawn_connected_cw_min" of relation "log_dimensions" already exists, skipping

NOTICE:  column "spawn_connected_edge_types" of relation "log_dimensions" already exists, skipping

NOTICE:  column "spawn_connected_lake_adjacent" of relation "log_dimensions" already exists, skipping

NOTICE:  column "rear_requires_connected" of relation "log_dimensions" already exists, skipping

NOTICE:  column "rear_connected_distance_max" of relation "log_dimensions" already exists, skipping

NOTICE:  column "rear_lake_ha_min" of relation "log_dimensions" already exists, skipping

NOTICE:  column "rear_wetland_ha_min" of relation "log_dimensions" already exists, skipping

NOTICE:  column "notes" of relation "log_dimensions" already exists, skipping

NOTICE:  relation "log_wsg_date_idx" already exists, skipping

NOTICE:  relation "log_config_idx" already exists, skipping

NOTICE:  relation "log_input_rn_idx" already exists, skipping

NOTICE:  relation "log_run_uid_idx" already exists, skipping

NOTICE:  relation "log_rc_run_uid_idx" already exists, skipping

NOTICE:  relation "log_rc_wsg_date_idx" already exists, skipping

NOTICE:  schema "working_score300_revl" does not exist, skipping

NOTICE:  schema "working_score300_revl" does not exist, skipping

NOTICE:  schema "working_score300_revl" does not exist, skipping

NOTICE:  schema "working_score300_revl" does not exist, skipping

NOTICE:  schema "fresh" already exists, skipping

NOTICE:  table "barriers_definite" does not exist, skipping

NOTICE:  table "barriers_definite_control" does not exist, skipping

NOTICE:  table "observations" does not exist, skipping

NOTICE:  table "streams_blk" does not exist, skipping

NOTICE:  table "gradient_barriers_raw" does not exist, skipping

NOTICE:  table "natural_barriers" does not exist, skipping

NOTICE:  table "barrier_overrides" does not exist, skipping

NOTICE:  table "barriers_bt" does not exist, skipping

NOTICE:  table "barriers_ch" does not exist, skipping

NOTICE:  table "barriers_cm" does not exist, skipping

NOTICE:  table "barriers_co" does not exist, skipping

NOTICE:  table "barriers_pk" does not exist, skipping

NOTICE:  table "barriers_sk" does not exist, skipping

NOTICE:  table "barriers_st" does not exist, skipping

NOTICE:  table "barriers_wct" does not exist, skipping

NOTICE:  table "barriers_ko" does not exist, skipping

NOTICE:  table "barriers_rb" does not exist, skipping

NOTICE:  table "barriers_gr" does not exist, skipping

NOTICE:  table "gradient_barriers_minimal" does not exist, skipping

NOTICE:  table "streams" does not exist, skipping

NOTICE:  table "streams_habitat" does not exist, skipping

NOTICE:  table "cabd_exclusions" does not exist, skipping

NOTICE:  table "cabd_blkey_xref" does not exist, skipping

NOTICE:  table "cabd_passability_status_updates" does not exist, skipping

NOTICE:  table "cabd_additions" does not exist, skipping

NOTICE:  table "cabd_dams_raw" does not exist, skipping

NOTICE:  table "dams" does not exist, skipping

NOTICE:  table "pscis_modelledcrossings_streams_xref" does not exist, skipping

NOTICE:  table "pscis_stream_candidates" does not exist, skipping

NOTICE:  table "pscis_streams_150m" does not exist, skipping

NOTICE:  table "pscis_picked" does not exist, skipping

NOTICE:  table "pscis" does not exist, skipping

NOTICE:  table "crossings_lookup" does not exist, skipping

NOTICE:  table "barriers_anthropogenic" does not exist, skipping

NOTICE:  table "barriers_pscis" does not exist, skipping

NOTICE:  table "barriers_dams" does not exist, skipping

NOTICE:  table "barriers_remediations" does not exist, skipping

NOTICE:  table "observations_breaks" does not exist, skipping

NOTICE:  table "habitat_endpoints" does not exist, skipping

NOTICE:  table "crossings_breaks" does not exist, skipping

NOTICE:  table "streams_breaks" does not exist, skipping

NOTICE:  relation "streams_id_segment_idx" already exists, skipping

NOTICE:  table "streams_acc_02" does not exist, skipping

NOTICE:  table "streams_acc_025" does not exist, skipping

NOTICE:  table "streams_acc_025_ovr_bt" does not exist, skipping

NOTICE:  table "streams_acc_02_ovr_wct" does not exist, skipping

NOTICE:  table "frs_clusters_bt" does not exist, skipping

NOTICE:  table "frs_clusters_wct" does not exist, skipping

NOTICE:  schema "score300_default_tuned" already exists, skipping

NOTICE:  relation "streams" already exists, skipping

NOTICE:  relation "streams_wsg_idx" already exists, skipping

NOTICE:  relation "streams_blk_idx" already exists, skipping

NOTICE:  relation "streams_geom_idx" already exists, skipping

NOTICE:  relation "streams_wbk_idx" already exists, skipping

NOTICE:  relation "streams_wscode_gist_idx" already exists, skipping

NOTICE:  relation "streams_wscode_btree_idx" already exists, skipping

NOTICE:  relation "streams_localcode_gist_idx" already exists, skipping

NOTICE:  relation "streams_localcode_btree_idx" already exists, skipping

NOTICE:  relation "streams_habitat_bt" already exists, skipping

NOTICE:  relation "streams_habitat_bt_wsg_idx" already exists, skipping

NOTICE:  relation "streams_habitat_ch" already exists, skipping

NOTICE:  relation "streams_habitat_ch_wsg_idx" already exists, skipping

NOTICE:  relation "streams_habitat_cm" already exists, skipping

NOTICE:  relation "streams_habitat_cm_wsg_idx" already exists, skipping

NOTICE:  relation "streams_habitat_co" already exists, skipping

NOTICE:  relation "streams_habitat_co_wsg_idx" already exists, skipping

NOTICE:  relation "streams_habitat_pk" already exists, skipping

NOTICE:  relation "streams_habitat_pk_wsg_idx" already exists, skipping

NOTICE:  relation "streams_habitat_sk" already exists, skipping

NOTICE:  relation "streams_habitat_sk_wsg_idx" already exists, skipping

NOTICE:  relation "streams_habitat_st" already exists, skipping

NOTICE:  relation "streams_habitat_st_wsg_idx" already exists, skipping

NOTICE:  relation "streams_habitat_wct" already exists, skipping

NOTICE:  relation "streams_habitat_wct_wsg_idx" already exists, skipping

NOTICE:  relation "streams_habitat_ko" already exists, skipping

NOTICE:  relation "streams_habitat_ko_wsg_idx" already exists, skipping

NOTICE:  relation "streams_habitat_rb" already exists, skipping

NOTICE:  relation "streams_habitat_rb_wsg_idx" already exists, skipping

NOTICE:  relation "streams_habitat_gr" already exists, skipping

NOTICE:  relation "streams_habitat_gr_wsg_idx" already exists, skipping

NOTICE:  relation "barriers" already exists, skipping

NOTICE:  relation "barriers_wsg_idx" already exists, skipping

NOTICE:  relation "barriers_blocks_idx" already exists, skipping

NOTICE:  relation "barriers_source_idx" already exists, skipping

NOTICE:  relation "barriers_blk_drm_idx" already exists, skipping

NOTICE:  relation "barriers_geom_idx" already exists, skipping

NOTICE:  relation "barriers_wscode_gist_idx" already exists, skipping

NOTICE:  relation "barriers_wscode_btree_idx" already exists, skipping

NOTICE:  relation "barriers_localcode_gist_idx" already exists, skipping

NOTICE:  relation "barriers_localcode_btree_idx" already exists, skipping

NOTICE:  relation "barrier_overrides" already exists, skipping

NOTICE:  relation "barrier_overrides_wsg_idx" already exists, skipping

NOTICE:  relation "barrier_overrides_blk_drm_idx" already exists, skipping

NOTICE:  relation "streams_access" already exists, skipping

NOTICE:  relation "streams_access_wsg_idx" already exists, skipping

NOTICE:  relation "streams_mapping_code" already exists, skipping

NOTICE:  relation "streams_mapping_code_wsg_idx" already exists, skipping

NOTICE:  schema "score300_default_tuned" already exists, skipping

NOTICE:  relation "log" already exists, skipping

NOTICE:  column "run_id" of relation "log" already exists, skipping

NOTICE:  column "watershed_group_code" of relation "log" already exists, skipping

NOTICE:  column "date_start" of relation "log" already exists, skipping

NOTICE:  column "date_end" of relation "log" already exists, skipping

NOTICE:  column "run_uid" of relation "log" already exists, skipping

NOTICE:  column "run_label" of relation "log" already exists, skipping

NOTICE:  column "host" of relation "log" already exists, skipping

NOTICE:  column "config_name" of relation "log" already exists, skipping

NOTICE:  column "config_hash" of relation "log" already exists, skipping

NOTICE:  column "config_drift" of relation "log" already exists, skipping

NOTICE:  column "link_version" of relation "log" already exists, skipping

NOTICE:  column "link_sha" of relation "log" already exists, skipping

NOTICE:  column "link_dirty" of relation "log" already exists, skipping

NOTICE:  column "fresh_version" of relation "log" already exists, skipping

NOTICE:  column "fresh_sha" of relation "log" already exists, skipping

NOTICE:  column "fresh_dirty" of relation "log" already exists, skipping

NOTICE:  column "fresh_sha_source" of relation "log" already exists, skipping

NOTICE:  column "crate_version" of relation "log" already exists, skipping

NOTICE:  column "fwapg_sha" of relation "log" already exists, skipping

NOTICE:  column "bcfishobs_sha" of relation "log" already exists, skipping

NOTICE:  column "arg_dams" of relation "log" already exists, skipping

NOTICE:  column "arg_mapping_code" of relation "log" already exists, skipping

NOTICE:  column "arg_cleanup_working" of relation "log" already exists, skipping

NOTICE:  column "schema_persist" of relation "log" already exists, skipping

NOTICE:  column "species" of relation "log" already exists, skipping

NOTICE:  column "wsg_upstream" of relation "log" already exists, skipping

NOTICE:  column "bcfp_model_run_id" of relation "log" already exists, skipping

NOTICE:  column "bcfp_model_version" of relation "log" already exists, skipping

NOTICE:  column "bcfp_pin_source" of relation "log" already exists, skipping

NOTICE:  column "notes" of relation "log" already exists, skipping

NOTICE:  relation "log_recompute" already exists, skipping

NOTICE:  column "recompute_id" of relation "log_recompute" already exists, skipping

NOTICE:  column "watershed_group_code" of relation "log_recompute" already exists, skipping

NOTICE:  column "date_start" of relation "log_recompute" already exists, skipping

NOTICE:  column "date_end" of relation "log_recompute" already exists, skipping

NOTICE:  column "run_uid" of relation "log_recompute" already exists, skipping

NOTICE:  column "run_label" of relation "log_recompute" already exists, skipping

NOTICE:  column "host" of relation "log_recompute" already exists, skipping

NOTICE:  column "config_name" of relation "log_recompute" already exists, skipping

NOTICE:  column "config_hash" of relation "log_recompute" already exists, skipping

NOTICE:  column "link_version" of relation "log_recompute" already exists, skipping

NOTICE:  column "link_sha" of relation "log_recompute" already exists, skipping

NOTICE:  column "link_dirty" of relation "log_recompute" already exists, skipping

NOTICE:  column "fresh_version" of relation "log_recompute" already exists, skipping

NOTICE:  column "fresh_sha" of relation "log_recompute" already exists, skipping

NOTICE:  column "fresh_dirty" of relation "log_recompute" already exists, skipping

NOTICE:  column "fresh_sha_source" of relation "log_recompute" already exists, skipping

NOTICE:  column "crate_version" of relation "log_recompute" already exists, skipping

NOTICE:  column "fwapg_sha" of relation "log_recompute" already exists, skipping

NOTICE:  column "bcfishobs_sha" of relation "log_recompute" already exists, skipping

NOTICE:  column "schema_persist" of relation "log_recompute" already exists, skipping

NOTICE:  column "species" of relation "log_recompute" already exists, skipping

NOTICE:  column "views_prebuilt" of relation "log_recompute" already exists, skipping

NOTICE:  column "notes" of relation "log_recompute" already exists, skipping

NOTICE:  relation "log_input" already exists, skipping

NOTICE:  column "run_id" of relation "log_input" already exists, skipping

NOTICE:  column "watershed_group_code" of relation "log_input" already exists, skipping

NOTICE:  column "table_name" of relation "log_input" already exists, skipping

NOTICE:  column "row_count" of relation "log_input" already exists, skipping

NOTICE:  column "row_count_estimated" of relation "log_input" already exists, skipping

NOTICE:  column "size_bytes" of relation "log_input" already exists, skipping

NOTICE:  column "last_analyze" of relation "log_input" already exists, skipping

NOTICE:  column "source" of relation "log_input" already exists, skipping

NOTICE:  column "source_at" of relation "log_input" already exists, skipping

NOTICE:  relation "log_parameters_fresh" already exists, skipping

NOTICE:  column "config_hash" of relation "log_parameters_fresh" already exists, skipping

NOTICE:  column "species_code" of relation "log_parameters_fresh" already exists, skipping

NOTICE:  column "access_gradient_max" of relation "log_parameters_fresh" already exists, skipping

NOTICE:  column "spawn_gradient_min" of relation "log_parameters_fresh" already exists, skipping

NOTICE:  column "rear_gradient_min" of relation "log_parameters_fresh" already exists, skipping

NOTICE:  column "cluster_rearing" of relation "log_parameters_fresh" already exists, skipping

NOTICE:  column "cluster_direction" of relation "log_parameters_fresh" already exists, skipping

NOTICE:  column "cluster_bridge_gradient" of relation "log_parameters_fresh" already exists, skipping

NOTICE:  column "cluster_bridge_distance" of relation "log_parameters_fresh" already exists, skipping

NOTICE:  column "cluster_confluence_m" of relation "log_parameters_fresh" already exists, skipping

NOTICE:  column "cluster_spawning" of relation "log_parameters_fresh" already exists, skipping

NOTICE:  column "cluster_spawn_direction" of relation "log_parameters_fresh" already exists, skipping

NOTICE:  column "cluster_spawn_bridge_gradient" of relation "log_parameters_fresh" already exists, skipping

NOTICE:  column "cluster_spawn_bridge_distance" of relation "log_parameters_fresh" already exists, skipping

NOTICE:  column "cluster_spawn_confluence_m" of relation "log_parameters_fresh" already exists, skipping

NOTICE:  column "observation_threshold" of relation "log_parameters_fresh" already exists, skipping

NOTICE:  column "observation_date_min" of relation "log_parameters_fresh" already exists, skipping

NOTICE:  column "observation_buffer_m" of relation "log_parameters_fresh" already exists, skipping

NOTICE:  column "observation_species" of relation "log_parameters_fresh" already exists, skipping

NOTICE:  column "observation_control_apply" of relation "log_parameters_fresh" already exists, skipping

NOTICE:  relation "log_parameters_habitat_thresholds" already exists, skipping

NOTICE:  column "config_hash" of relation "log_parameters_habitat_thresholds" already exists, skipping

NOTICE:  column "species_code" of relation "log_parameters_habitat_thresholds" already exists, skipping

NOTICE:  column "spawn_gradient_max" of relation "log_parameters_habitat_thresholds" already exists, skipping

NOTICE:  column "spawn_channel_width_min" of relation "log_parameters_habitat_thresholds" already exists, skipping

NOTICE:  column "spawn_channel_width_max" of relation "log_parameters_habitat_thresholds" already exists, skipping

NOTICE:  column "spawn_mad_min" of relation "log_parameters_habitat_thresholds" already exists, skipping

NOTICE:  column "spawn_mad_max" of relation "log_parameters_habitat_thresholds" already exists, skipping

NOTICE:  column "rear_gradient_max" of relation "log_parameters_habitat_thresholds" already exists, skipping

NOTICE:  column "rear_channel_width_min" of relation "log_parameters_habitat_thresholds" already exists, skipping

NOTICE:  column "rear_channel_width_max" of relation "log_parameters_habitat_thresholds" already exists, skipping

NOTICE:  column "rear_mad_min" of relation "log_parameters_habitat_thresholds" already exists, skipping

NOTICE:  column "rear_mad_max" of relation "log_parameters_habitat_thresholds" already exists, skipping

NOTICE:  column "rear_lake_ha_min" of relation "log_parameters_habitat_thresholds" already exists, skipping

NOTICE:  column "spawn_edge_types" of relation "log_parameters_habitat_thresholds" already exists, skipping

NOTICE:  column "rear_edge_types" of relation "log_parameters_habitat_thresholds" already exists, skipping

NOTICE:  relation "log_dimensions" already exists, skipping

NOTICE:  column "config_hash" of relation "log_dimensions" already exists, skipping

NOTICE:  column "species" of relation "log_dimensions" already exists, skipping

NOTICE:  column "spawn_lake" of relation "log_dimensions" already exists, skipping

NOTICE:  column "spawn_stream" of relation "log_dimensions" already exists, skipping

NOTICE:  column "spawn_stream_in_waterbody" of relation "log_dimensions" already exists, skipping

NOTICE:  column "rear_lake" of relation "log_dimensions" already exists, skipping

NOTICE:  column "rear_lake_only" of relation "log_dimensions" already exists, skipping

NOTICE:  column "rear_lake_area_only" of relation "log_dimensions" already exists, skipping

NOTICE:  column "rear_no_fw" of relation "log_dimensions" already exists, skipping

NOTICE:  column "rear_stream" of relation "log_dimensions" already exists, skipping

NOTICE:  column "rear_stream_in_waterbody" of relation "log_dimensions" already exists, skipping

NOTICE:  column "rear_wetland" of relation "log_dimensions" already exists, skipping

NOTICE:  column "rear_wetland_polygon" of relation "log_dimensions" already exists, skipping

NOTICE:  column "rear_wetland_area_only" of relation "log_dimensions" already exists, skipping

NOTICE:  column "rear_all_edges" of relation "log_dimensions" already exists, skipping

NOTICE:  column "river_skip_cw_min" of relation "log_dimensions" already exists, skipping

NOTICE:  column "rear_stream_order_bypass" of relation "log_dimensions" already exists, skipping

NOTICE:  column "rear_stream_order_parent_min" of relation "log_dimensions" already exists, skipping

NOTICE:  column "rear_stream_order_child_min" of relation "log_dimensions" already exists, skipping

NOTICE:  column "rear_stream_order_child_max" of relation "log_dimensions" already exists, skipping

NOTICE:  column "rear_stream_order_distance_max" of relation "log_dimensions" already exists, skipping

NOTICE:  column "spawn_requires_connected" of relation "log_dimensions" already exists, skipping

NOTICE:  column "spawn_connected_distance_max" of relation "log_dimensions" already exists, skipping

NOTICE:  column "spawn_connected_direction" of relation "log_dimensions" already exists, skipping

NOTICE:  column "spawn_connected_gradient_max" of relation "log_dimensions" already exists, skipping

NOTICE:  column "spawn_connected_cw_min" of relation "log_dimensions" already exists, skipping

NOTICE:  column "spawn_connected_edge_types" of relation "log_dimensions" already exists, skipping

NOTICE:  column "spawn_connected_lake_adjacent" of relation "log_dimensions" already exists, skipping

NOTICE:  column "rear_requires_connected" of relation "log_dimensions" already exists, skipping

NOTICE:  column "rear_connected_distance_max" of relation "log_dimensions" already exists, skipping

NOTICE:  column "rear_lake_ha_min" of relation "log_dimensions" already exists, skipping

NOTICE:  column "rear_wetland_ha_min" of relation "log_dimensions" already exists, skipping

NOTICE:  column "notes" of relation "log_dimensions" already exists, skipping

NOTICE:  relation "log_wsg_date_idx" already exists, skipping

NOTICE:  relation "log_config_idx" already exists, skipping

NOTICE:  relation "log_input_rn_idx" already exists, skipping

NOTICE:  relation "log_run_uid_idx" already exists, skipping

NOTICE:  relation "log_rc_run_uid_idx" already exists, skipping

NOTICE:  relation "log_rc_wsg_date_idx" already exists, skipping

NOTICE:  table "barriers" does not exist, skipping

10:29:48 base REVL done in 2.3 min
NOTICE:  schema "score300_default_tuned" already exists, skipping

NOTICE:  relation "log" already exists, skipping

NOTICE:  column "run_id" of relation "log" already exists, skipping

NOTICE:  column "watershed_group_code" of relation "log" already exists, skipping

NOTICE:  column "date_start" of relation "log" already exists, skipping

NOTICE:  column "date_end" of relation "log" already exists, skipping

NOTICE:  column "run_uid" of relation "log" already exists, skipping

NOTICE:  column "run_label" of relation "log" already exists, skipping

NOTICE:  column "host" of relation "log" already exists, skipping

NOTICE:  column "config_name" of relation "log" already exists, skipping

NOTICE:  column "config_hash" of relation "log" already exists, skipping

NOTICE:  column "config_drift" of relation "log" already exists, skipping

NOTICE:  column "link_version" of relation "log" already exists, skipping

NOTICE:  column "link_sha" of relation "log" already exists, skipping

NOTICE:  column "link_dirty" of relation "log" already exists, skipping

NOTICE:  column "fresh_version" of relation "log" already exists, skipping

NOTICE:  column "fresh_sha" of relation "log" already exists, skipping

NOTICE:  column "fresh_dirty" of relation "log" already exists, skipping

NOTICE:  column "fresh_sha_source" of relation "log" already exists, skipping

NOTICE:  column "crate_version" of relation "log" already exists, skipping

NOTICE:  column "fwapg_sha" of relation "log" already exists, skipping

NOTICE:  column "bcfishobs_sha" of relation "log" already exists, skipping

NOTICE:  column "arg_dams" of relation "log" already exists, skipping

NOTICE:  column "arg_mapping_code" of relation "log" already exists, skipping

NOTICE:  column "arg_cleanup_working" of relation "log" already exists, skipping

NOTICE:  column "schema_persist" of relation "log" already exists, skipping

NOTICE:  column "species" of relation "log" already exists, skipping

NOTICE:  column "wsg_upstream" of relation "log" already exists, skipping

NOTICE:  column "bcfp_model_run_id" of relation "log" already exists, skipping

NOTICE:  column "bcfp_model_version" of relation "log" already exists, skipping

NOTICE:  column "bcfp_pin_source" of relation "log" already exists, skipping

NOTICE:  column "notes" of relation "log" already exists, skipping

NOTICE:  relation "log_recompute" already exists, skipping

NOTICE:  column "recompute_id" of relation "log_recompute" already exists, skipping

NOTICE:  column "watershed_group_code" of relation "log_recompute" already exists, skipping

NOTICE:  column "date_start" of relation "log_recompute" already exists, skipping

NOTICE:  column "date_end" of relation "log_recompute" already exists, skipping

NOTICE:  column "run_uid" of relation "log_recompute" already exists, skipping

NOTICE:  column "run_label" of relation "log_recompute" already exists, skipping

NOTICE:  column "host" of relation "log_recompute" already exists, skipping

NOTICE:  column "config_name" of relation "log_recompute" already exists, skipping

NOTICE:  column "config_hash" of relation "log_recompute" already exists, skipping

NOTICE:  column "link_version" of relation "log_recompute" already exists, skipping

NOTICE:  column "link_sha" of relation "log_recompute" already exists, skipping

NOTICE:  column "link_dirty" of relation "log_recompute" already exists, skipping

NOTICE:  column "fresh_version" of relation "log_recompute" already exists, skipping

NOTICE:  column "fresh_sha" of relation "log_recompute" already exists, skipping

NOTICE:  column "fresh_dirty" of relation "log_recompute" already exists, skipping

NOTICE:  column "fresh_sha_source" of relation "log_recompute" already exists, skipping

NOTICE:  column "crate_version" of relation "log_recompute" already exists, skipping

NOTICE:  column "fwapg_sha" of relation "log_recompute" already exists, skipping

NOTICE:  column "bcfishobs_sha" of relation "log_recompute" already exists, skipping

NOTICE:  column "schema_persist" of relation "log_recompute" already exists, skipping

NOTICE:  column "species" of relation "log_recompute" already exists, skipping

NOTICE:  column "views_prebuilt" of relation "log_recompute" already exists, skipping

NOTICE:  column "notes" of relation "log_recompute" already exists, skipping

NOTICE:  relation "log_input" already exists, skipping

NOTICE:  column "run_id" of relation "log_input" already exists, skipping

NOTICE:  column "watershed_group_code" of relation "log_input" already exists, skipping

NOTICE:  column "table_name" of relation "log_input" already exists, skipping

NOTICE:  column "row_count" of relation "log_input" already exists, skipping

NOTICE:  column "row_count_estimated" of relation "log_input" already exists, skipping

NOTICE:  column "size_bytes" of relation "log_input" already exists, skipping

NOTICE:  column "last_analyze" of relation "log_input" already exists, skipping

NOTICE:  column "source" of relation "log_input" already exists, skipping

NOTICE:  column "source_at" of relation "log_input" already exists, skipping

NOTICE:  relation "log_parameters_fresh" already exists, skipping

NOTICE:  column "config_hash" of relation "log_parameters_fresh" already exists, skipping

NOTICE:  column "species_code" of relation "log_parameters_fresh" already exists, skipping

NOTICE:  column "access_gradient_max" of relation "log_parameters_fresh" already exists, skipping

NOTICE:  column "spawn_gradient_min" of relation "log_parameters_fresh" already exists, skipping

NOTICE:  column "rear_gradient_min" of relation "log_parameters_fresh" already exists, skipping

NOTICE:  column "cluster_rearing" of relation "log_parameters_fresh" already exists, skipping

NOTICE:  column "cluster_direction" of relation "log_parameters_fresh" already exists, skipping

NOTICE:  column "cluster_bridge_gradient" of relation "log_parameters_fresh" already exists, skipping

NOTICE:  column "cluster_bridge_distance" of relation "log_parameters_fresh" already exists, skipping

NOTICE:  column "cluster_confluence_m" of relation "log_parameters_fresh" already exists, skipping

NOTICE:  column "cluster_spawning" of relation "log_parameters_fresh" already exists, skipping

NOTICE:  column "cluster_spawn_direction" of relation "log_parameters_fresh" already exists, skipping

NOTICE:  column "cluster_spawn_bridge_gradient" of relation "log_parameters_fresh" already exists, skipping

NOTICE:  column "cluster_spawn_bridge_distance" of relation "log_parameters_fresh" already exists, skipping

NOTICE:  column "cluster_spawn_confluence_m" of relation "log_parameters_fresh" already exists, skipping

NOTICE:  column "observation_threshold" of relation "log_parameters_fresh" already exists, skipping

NOTICE:  column "observation_date_min" of relation "log_parameters_fresh" already exists, skipping

NOTICE:  column "observation_buffer_m" of relation "log_parameters_fresh" already exists, skipping

NOTICE:  column "observation_species" of relation "log_parameters_fresh" already exists, skipping

NOTICE:  column "observation_control_apply" of relation "log_parameters_fresh" already exists, skipping

NOTICE:  relation "log_parameters_habitat_thresholds" already exists, skipping

NOTICE:  column "config_hash" of relation "log_parameters_habitat_thresholds" already exists, skipping

NOTICE:  column "species_code" of relation "log_parameters_habitat_thresholds" already exists, skipping

NOTICE:  column "spawn_gradient_max" of relation "log_parameters_habitat_thresholds" already exists, skipping

NOTICE:  column "spawn_channel_width_min" of relation "log_parameters_habitat_thresholds" already exists, skipping

NOTICE:  column "spawn_channel_width_max" of relation "log_parameters_habitat_thresholds" already exists, skipping

NOTICE:  column "spawn_mad_min" of relation "log_parameters_habitat_thresholds" already exists, skipping

NOTICE:  column "spawn_mad_max" of relation "log_parameters_habitat_thresholds" already exists, skipping

NOTICE:  column "rear_gradient_max" of relation "log_parameters_habitat_thresholds" already exists, skipping

NOTICE:  column "rear_channel_width_min" of relation "log_parameters_habitat_thresholds" already exists, skipping

NOTICE:  column "rear_channel_width_max" of relation "log_parameters_habitat_thresholds" already exists, skipping

NOTICE:  column "rear_mad_min" of relation "log_parameters_habitat_thresholds" already exists, skipping

NOTICE:  column "rear_mad_max" of relation "log_parameters_habitat_thresholds" already exists, skipping

NOTICE:  column "rear_lake_ha_min" of relation "log_parameters_habitat_thresholds" already exists, skipping

NOTICE:  column "spawn_edge_types" of relation "log_parameters_habitat_thresholds" already exists, skipping

NOTICE:  column "rear_edge_types" of relation "log_parameters_habitat_thresholds" already exists, skipping

NOTICE:  relation "log_dimensions" already exists, skipping

NOTICE:  column "config_hash" of relation "log_dimensions" already exists, skipping

NOTICE:  column "species" of relation "log_dimensions" already exists, skipping

NOTICE:  column "spawn_lake" of relation "log_dimensions" already exists, skipping

NOTICE:  column "spawn_stream" of relation "log_dimensions" already exists, skipping

NOTICE:  column "spawn_stream_in_waterbody" of relation "log_dimensions" already exists, skipping

NOTICE:  column "rear_lake" of relation "log_dimensions" already exists, skipping

NOTICE:  column "rear_lake_only" of relation "log_dimensions" already exists, skipping

NOTICE:  column "rear_lake_area_only" of relation "log_dimensions" already exists, skipping

NOTICE:  column "rear_no_fw" of relation "log_dimensions" already exists, skipping

NOTICE:  column "rear_stream" of relation "log_dimensions" already exists, skipping

NOTICE:  column "rear_stream_in_waterbody" of relation "log_dimensions" already exists, skipping

NOTICE:  column "rear_wetland" of relation "log_dimensions" already exists, skipping

NOTICE:  column "rear_wetland_polygon" of relation "log_dimensions" already exists, skipping

NOTICE:  column "rear_wetland_area_only" of relation "log_dimensions" already exists, skipping

NOTICE:  column "rear_all_edges" of relation "log_dimensions" already exists, skipping

NOTICE:  column "river_skip_cw_min" of relation "log_dimensions" already exists, skipping

NOTICE:  column "rear_stream_order_bypass" of relation "log_dimensions" already exists, skipping

NOTICE:  column "rear_stream_order_parent_min" of relation "log_dimensions" already exists, skipping

NOTICE:  column "rear_stream_order_child_min" of relation "log_dimensions" already exists, skipping

NOTICE:  column "rear_stream_order_child_max" of relation "log_dimensions" already exists, skipping

NOTICE:  column "rear_stream_order_distance_max" of relation "log_dimensions" already exists, skipping

NOTICE:  column "spawn_requires_connected" of relation "log_dimensions" already exists, skipping

NOTICE:  column "spawn_connected_distance_max" of relation "log_dimensions" already exists, skipping

NOTICE:  column "spawn_connected_direction" of relation "log_dimensions" already exists, skipping

NOTICE:  column "spawn_connected_gradient_max" of relation "log_dimensions" already exists, skipping

NOTICE:  column "spawn_connected_cw_min" of relation "log_dimensions" already exists, skipping

NOTICE:  column "spawn_connected_edge_types" of relation "log_dimensions" already exists, skipping

NOTICE:  column "spawn_connected_lake_adjacent" of relation "log_dimensions" already exists, skipping

NOTICE:  column "rear_requires_connected" of relation "log_dimensions" already exists, skipping

NOTICE:  column "rear_connected_distance_max" of relation "log_dimensions" already exists, skipping

NOTICE:  column "rear_lake_ha_min" of relation "log_dimensions" already exists, skipping

NOTICE:  column "rear_wetland_ha_min" of relation "log_dimensions" already exists, skipping

NOTICE:  column "notes" of relation "log_dimensions" already exists, skipping

NOTICE:  relation "log_wsg_date_idx" already exists, skipping

NOTICE:  relation "log_config_idx" already exists, skipping

NOTICE:  relation "log_input_rn_idx" already exists, skipping

NOTICE:  relation "log_run_uid_idx" already exists, skipping

NOTICE:  relation "log_rc_run_uid_idx" already exists, skipping

NOTICE:  relation "log_rc_wsg_date_idx" already exists, skipping

NOTICE:  schema "working_score300_ubtn" does not exist, skipping

NOTICE:  schema "working_score300_ubtn" does not exist, skipping

NOTICE:  schema "working_score300_ubtn" does not exist, skipping

NOTICE:  schema "working_score300_ubtn" does not exist, skipping

NOTICE:  schema "fresh" already exists, skipping

NOTICE:  table "barriers_definite" does not exist, skipping

NOTICE:  table "barriers_definite_control" does not exist, skipping

NOTICE:  table "observations" does not exist, skipping

NOTICE:  table "streams_blk" does not exist, skipping

NOTICE:  table "gradient_barriers_raw" does not exist, skipping

NOTICE:  table "natural_barriers" does not exist, skipping

NOTICE:  table "barrier_overrides" does not exist, skipping

NOTICE:  table "barriers_bt" does not exist, skipping

NOTICE:  table "barriers_ch" does not exist, skipping

NOTICE:  table "barriers_cm" does not exist, skipping

NOTICE:  table "barriers_co" does not exist, skipping

NOTICE:  table "barriers_pk" does not exist, skipping

NOTICE:  table "barriers_sk" does not exist, skipping

NOTICE:  table "barriers_st" does not exist, skipping

NOTICE:  table "barriers_wct" does not exist, skipping

NOTICE:  table "barriers_ko" does not exist, skipping

NOTICE:  table "barriers_rb" does not exist, skipping

NOTICE:  table "barriers_gr" does not exist, skipping

NOTICE:  table "gradient_barriers_minimal" does not exist, skipping

NOTICE:  table "streams" does not exist, skipping

NOTICE:  table "streams_habitat" does not exist, skipping

NOTICE:  table "cabd_exclusions" does not exist, skipping

NOTICE:  table "cabd_blkey_xref" does not exist, skipping

NOTICE:  table "cabd_passability_status_updates" does not exist, skipping

NOTICE:  table "cabd_additions" does not exist, skipping

NOTICE:  table "cabd_dams_raw" does not exist, skipping

NOTICE:  table "dams" does not exist, skipping

NOTICE:  table "pscis_modelledcrossings_streams_xref" does not exist, skipping

NOTICE:  table "pscis_stream_candidates" does not exist, skipping

NOTICE:  table "pscis_streams_150m" does not exist, skipping

NOTICE:  table "pscis_picked" does not exist, skipping

NOTICE:  table "pscis" does not exist, skipping

NOTICE:  table "crossings_lookup" does not exist, skipping

NOTICE:  table "barriers_anthropogenic" does not exist, skipping

NOTICE:  table "barriers_pscis" does not exist, skipping

NOTICE:  table "barriers_dams" does not exist, skipping

NOTICE:  table "barriers_remediations" does not exist, skipping

NOTICE:  table "observations_breaks" does not exist, skipping

NOTICE:  table "habitat_endpoints" does not exist, skipping

NOTICE:  table "crossings_breaks" does not exist, skipping

NOTICE:  table "streams_breaks" does not exist, skipping

NOTICE:  relation "streams_id_segment_idx" already exists, skipping

NOTICE:  table "streams_acc_015" does not exist, skipping

NOTICE:  table "streams_acc_025" does not exist, skipping

NOTICE:  table "frs_clusters_bt" does not exist, skipping

NOTICE:  table "frs_clusters_gr" does not exist, skipping

NOTICE:  schema "score300_default_tuned" already exists, skipping

NOTICE:  relation "streams" already exists, skipping

NOTICE:  relation "streams_wsg_idx" already exists, skipping

NOTICE:  relation "streams_blk_idx" already exists, skipping

NOTICE:  relation "streams_geom_idx" already exists, skipping

NOTICE:  relation "streams_wbk_idx" already exists, skipping

NOTICE:  relation "streams_wscode_gist_idx" already exists, skipping

NOTICE:  relation "streams_wscode_btree_idx" already exists, skipping

NOTICE:  relation "streams_localcode_gist_idx" already exists, skipping

NOTICE:  relation "streams_localcode_btree_idx" already exists, skipping

NOTICE:  relation "streams_habitat_bt" already exists, skipping

NOTICE:  relation "streams_habitat_bt_wsg_idx" already exists, skipping

NOTICE:  relation "streams_habitat_ch" already exists, skipping

NOTICE:  relation "streams_habitat_ch_wsg_idx" already exists, skipping

NOTICE:  relation "streams_habitat_cm" already exists, skipping

NOTICE:  relation "streams_habitat_cm_wsg_idx" already exists, skipping

NOTICE:  relation "streams_habitat_co" already exists, skipping

NOTICE:  relation "streams_habitat_co_wsg_idx" already exists, skipping

NOTICE:  relation "streams_habitat_pk" already exists, skipping

NOTICE:  relation "streams_habitat_pk_wsg_idx" already exists, skipping

NOTICE:  relation "streams_habitat_sk" already exists, skipping

NOTICE:  relation "streams_habitat_sk_wsg_idx" already exists, skipping

NOTICE:  relation "streams_habitat_st" already exists, skipping

NOTICE:  relation "streams_habitat_st_wsg_idx" already exists, skipping

NOTICE:  relation "streams_habitat_wct" already exists, skipping

NOTICE:  relation "streams_habitat_wct_wsg_idx" already exists, skipping

NOTICE:  relation "streams_habitat_ko" already exists, skipping

NOTICE:  relation "streams_habitat_ko_wsg_idx" already exists, skipping

NOTICE:  relation "streams_habitat_rb" already exists, skipping

NOTICE:  relation "streams_habitat_rb_wsg_idx" already exists, skipping

NOTICE:  relation "streams_habitat_gr" already exists, skipping

NOTICE:  relation "streams_habitat_gr_wsg_idx" already exists, skipping

NOTICE:  relation "barriers" already exists, skipping

NOTICE:  relation "barriers_wsg_idx" already exists, skipping

NOTICE:  relation "barriers_blocks_idx" already exists, skipping

NOTICE:  relation "barriers_source_idx" already exists, skipping

NOTICE:  relation "barriers_blk_drm_idx" already exists, skipping

NOTICE:  relation "barriers_geom_idx" already exists, skipping

NOTICE:  relation "barriers_wscode_gist_idx" already exists, skipping

NOTICE:  relation "barriers_wscode_btree_idx" already exists, skipping

NOTICE:  relation "barriers_localcode_gist_idx" already exists, skipping

NOTICE:  relation "barriers_localcode_btree_idx" already exists, skipping

NOTICE:  relation "barrier_overrides" already exists, skipping

NOTICE:  relation "barrier_overrides_wsg_idx" already exists, skipping

NOTICE:  relation "barrier_overrides_blk_drm_idx" already exists, skipping

NOTICE:  relation "streams_access" already exists, skipping

NOTICE:  relation "streams_access_wsg_idx" already exists, skipping

NOTICE:  relation "streams_mapping_code" already exists, skipping

NOTICE:  relation "streams_mapping_code_wsg_idx" already exists, skipping

NOTICE:  schema "score300_default_tuned" already exists, skipping

NOTICE:  relation "log" already exists, skipping

NOTICE:  column "run_id" of relation "log" already exists, skipping

NOTICE:  column "watershed_group_code" of relation "log" already exists, skipping

NOTICE:  column "date_start" of relation "log" already exists, skipping

NOTICE:  column "date_end" of relation "log" already exists, skipping

NOTICE:  column "run_uid" of relation "log" already exists, skipping

NOTICE:  column "run_label" of relation "log" already exists, skipping

NOTICE:  column "host" of relation "log" already exists, skipping

NOTICE:  column "config_name" of relation "log" already exists, skipping

NOTICE:  column "config_hash" of relation "log" already exists, skipping

NOTICE:  column "config_drift" of relation "log" already exists, skipping

NOTICE:  column "link_version" of relation "log" already exists, skipping

NOTICE:  column "link_sha" of relation "log" already exists, skipping

NOTICE:  column "link_dirty" of relation "log" already exists, skipping

NOTICE:  column "fresh_version" of relation "log" already exists, skipping

NOTICE:  column "fresh_sha" of relation "log" already exists, skipping

NOTICE:  column "fresh_dirty" of relation "log" already exists, skipping

NOTICE:  column "fresh_sha_source" of relation "log" already exists, skipping

NOTICE:  column "crate_version" of relation "log" already exists, skipping

NOTICE:  column "fwapg_sha" of relation "log" already exists, skipping

NOTICE:  column "bcfishobs_sha" of relation "log" already exists, skipping

NOTICE:  column "arg_dams" of relation "log" already exists, skipping

NOTICE:  column "arg_mapping_code" of relation "log" already exists, skipping

NOTICE:  column "arg_cleanup_working" of relation "log" already exists, skipping

NOTICE:  column "schema_persist" of relation "log" already exists, skipping

NOTICE:  column "species" of relation "log" already exists, skipping

NOTICE:  column "wsg_upstream" of relation "log" already exists, skipping

NOTICE:  column "bcfp_model_run_id" of relation "log" already exists, skipping

NOTICE:  column "bcfp_model_version" of relation "log" already exists, skipping

NOTICE:  column "bcfp_pin_source" of relation "log" already exists, skipping

NOTICE:  column "notes" of relation "log" already exists, skipping

NOTICE:  relation "log_recompute" already exists, skipping

NOTICE:  column "recompute_id" of relation "log_recompute" already exists, skipping

NOTICE:  column "watershed_group_code" of relation "log_recompute" already exists, skipping

NOTICE:  column "date_start" of relation "log_recompute" already exists, skipping

NOTICE:  column "date_end" of relation "log_recompute" already exists, skipping

NOTICE:  column "run_uid" of relation "log_recompute" already exists, skipping

NOTICE:  column "run_label" of relation "log_recompute" already exists, skipping

NOTICE:  column "host" of relation "log_recompute" already exists, skipping

NOTICE:  column "config_name" of relation "log_recompute" already exists, skipping

NOTICE:  column "config_hash" of relation "log_recompute" already exists, skipping

NOTICE:  column "link_version" of relation "log_recompute" already exists, skipping

NOTICE:  column "link_sha" of relation "log_recompute" already exists, skipping

NOTICE:  column "link_dirty" of relation "log_recompute" already exists, skipping

NOTICE:  column "fresh_version" of relation "log_recompute" already exists, skipping

NOTICE:  column "fresh_sha" of relation "log_recompute" already exists, skipping

NOTICE:  column "fresh_dirty" of relation "log_recompute" already exists, skipping

NOTICE:  column "fresh_sha_source" of relation "log_recompute" already exists, skipping

NOTICE:  column "crate_version" of relation "log_recompute" already exists, skipping

NOTICE:  column "fwapg_sha" of relation "log_recompute" already exists, skipping

NOTICE:  column "bcfishobs_sha" of relation "log_recompute" already exists, skipping

NOTICE:  column "schema_persist" of relation "log_recompute" already exists, skipping

NOTICE:  column "species" of relation "log_recompute" already exists, skipping

NOTICE:  column "views_prebuilt" of relation "log_recompute" already exists, skipping

NOTICE:  column "notes" of relation "log_recompute" already exists, skipping

NOTICE:  relation "log_input" already exists, skipping

NOTICE:  column "run_id" of relation "log_input" already exists, skipping

NOTICE:  column "watershed_group_code" of relation "log_input" already exists, skipping

NOTICE:  column "table_name" of relation "log_input" already exists, skipping

NOTICE:  column "row_count" of relation "log_input" already exists, skipping

NOTICE:  column "row_count_estimated" of relation "log_input" already exists, skipping

NOTICE:  column "size_bytes" of relation "log_input" already exists, skipping

NOTICE:  column "last_analyze" of relation "log_input" already exists, skipping

NOTICE:  column "source" of relation "log_input" already exists, skipping

NOTICE:  column "source_at" of relation "log_input" already exists, skipping

NOTICE:  relation "log_parameters_fresh" already exists, skipping

NOTICE:  column "config_hash" of relation "log_parameters_fresh" already exists, skipping

NOTICE:  column "species_code" of relation "log_parameters_fresh" already exists, skipping

NOTICE:  column "access_gradient_max" of relation "log_parameters_fresh" already exists, skipping

NOTICE:  column "spawn_gradient_min" of relation "log_parameters_fresh" already exists, skipping

NOTICE:  column "rear_gradient_min" of relation "log_parameters_fresh" already exists, skipping

NOTICE:  column "cluster_rearing" of relation "log_parameters_fresh" already exists, skipping

NOTICE:  column "cluster_direction" of relation "log_parameters_fresh" already exists, skipping

NOTICE:  column "cluster_bridge_gradient" of relation "log_parameters_fresh" already exists, skipping

NOTICE:  column "cluster_bridge_distance" of relation "log_parameters_fresh" already exists, skipping

NOTICE:  column "cluster_confluence_m" of relation "log_parameters_fresh" already exists, skipping

NOTICE:  column "cluster_spawning" of relation "log_parameters_fresh" already exists, skipping

NOTICE:  column "cluster_spawn_direction" of relation "log_parameters_fresh" already exists, skipping

NOTICE:  column "cluster_spawn_bridge_gradient" of relation "log_parameters_fresh" already exists, skipping

NOTICE:  column "cluster_spawn_bridge_distance" of relation "log_parameters_fresh" already exists, skipping

NOTICE:  column "cluster_spawn_confluence_m" of relation "log_parameters_fresh" already exists, skipping

NOTICE:  column "observation_threshold" of relation "log_parameters_fresh" already exists, skipping

NOTICE:  column "observation_date_min" of relation "log_parameters_fresh" already exists, skipping

NOTICE:  column "observation_buffer_m" of relation "log_parameters_fresh" already exists, skipping

NOTICE:  column "observation_species" of relation "log_parameters_fresh" already exists, skipping

NOTICE:  column "observation_control_apply" of relation "log_parameters_fresh" already exists, skipping

NOTICE:  relation "log_parameters_habitat_thresholds" already exists, skipping

NOTICE:  column "config_hash" of relation "log_parameters_habitat_thresholds" already exists, skipping

NOTICE:  column "species_code" of relation "log_parameters_habitat_thresholds" already exists, skipping

NOTICE:  column "spawn_gradient_max" of relation "log_parameters_habitat_thresholds" already exists, skipping

NOTICE:  column "spawn_channel_width_min" of relation "log_parameters_habitat_thresholds" already exists, skipping

NOTICE:  column "spawn_channel_width_max" of relation "log_parameters_habitat_thresholds" already exists, skipping

NOTICE:  column "spawn_mad_min" of relation "log_parameters_habitat_thresholds" already exists, skipping

NOTICE:  column "spawn_mad_max" of relation "log_parameters_habitat_thresholds" already exists, skipping

NOTICE:  column "rear_gradient_max" of relation "log_parameters_habitat_thresholds" already exists, skipping

NOTICE:  column "rear_channel_width_min" of relation "log_parameters_habitat_thresholds" already exists, skipping

NOTICE:  column "rear_channel_width_max" of relation "log_parameters_habitat_thresholds" already exists, skipping

NOTICE:  column "rear_mad_min" of relation "log_parameters_habitat_thresholds" already exists, skipping

NOTICE:  column "rear_mad_max" of relation "log_parameters_habitat_thresholds" already exists, skipping

NOTICE:  column "rear_lake_ha_min" of relation "log_parameters_habitat_thresholds" already exists, skipping

NOTICE:  column "spawn_edge_types" of relation "log_parameters_habitat_thresholds" already exists, skipping

NOTICE:  column "rear_edge_types" of relation "log_parameters_habitat_thresholds" already exists, skipping

NOTICE:  relation "log_dimensions" already exists, skipping

NOTICE:  column "config_hash" of relation "log_dimensions" already exists, skipping

NOTICE:  column "species" of relation "log_dimensions" already exists, skipping

NOTICE:  column "spawn_lake" of relation "log_dimensions" already exists, skipping

NOTICE:  column "spawn_stream" of relation "log_dimensions" already exists, skipping

NOTICE:  column "spawn_stream_in_waterbody" of relation "log_dimensions" already exists, skipping

NOTICE:  column "rear_lake" of relation "log_dimensions" already exists, skipping

NOTICE:  column "rear_lake_only" of relation "log_dimensions" already exists, skipping

NOTICE:  column "rear_lake_area_only" of relation "log_dimensions" already exists, skipping

NOTICE:  column "rear_no_fw" of relation "log_dimensions" already exists, skipping

NOTICE:  column "rear_stream" of relation "log_dimensions" already exists, skipping

NOTICE:  column "rear_stream_in_waterbody" of relation "log_dimensions" already exists, skipping

NOTICE:  column "rear_wetland" of relation "log_dimensions" already exists, skipping

NOTICE:  column "rear_wetland_polygon" of relation "log_dimensions" already exists, skipping

NOTICE:  column "rear_wetland_area_only" of relation "log_dimensions" already exists, skipping

NOTICE:  column "rear_all_edges" of relation "log_dimensions" already exists, skipping

NOTICE:  column "river_skip_cw_min" of relation "log_dimensions" already exists, skipping

NOTICE:  column "rear_stream_order_bypass" of relation "log_dimensions" already exists, skipping

NOTICE:  column "rear_stream_order_parent_min" of relation "log_dimensions" already exists, skipping

NOTICE:  column "rear_stream_order_child_min" of relation "log_dimensions" already exists, skipping

NOTICE:  column "rear_stream_order_child_max" of relation "log_dimensions" already exists, skipping

NOTICE:  column "rear_stream_order_distance_max" of relation "log_dimensions" already exists, skipping

NOTICE:  column "spawn_requires_connected" of relation "log_dimensions" already exists, skipping

NOTICE:  column "spawn_connected_distance_max" of relation "log_dimensions" already exists, skipping

NOTICE:  column "spawn_connected_direction" of relation "log_dimensions" already exists, skipping

NOTICE:  column "spawn_connected_gradient_max" of relation "log_dimensions" already exists, skipping

NOTICE:  column "spawn_connected_cw_min" of relation "log_dimensions" already exists, skipping

NOTICE:  column "spawn_connected_edge_types" of relation "log_dimensions" already exists, skipping

NOTICE:  column "spawn_connected_lake_adjacent" of relation "log_dimensions" already exists, skipping

NOTICE:  column "rear_requires_connected" of relation "log_dimensions" already exists, skipping

NOTICE:  column "rear_connected_distance_max" of relation "log_dimensions" already exists, skipping

NOTICE:  column "rear_lake_ha_min" of relation "log_dimensions" already exists, skipping

NOTICE:  column "rear_wetland_ha_min" of relation "log_dimensions" already exists, skipping

NOTICE:  column "notes" of relation "log_dimensions" already exists, skipping

NOTICE:  relation "log_wsg_date_idx" already exists, skipping

NOTICE:  relation "log_config_idx" already exists, skipping

NOTICE:  relation "log_input_rn_idx" already exists, skipping

NOTICE:  relation "log_run_uid_idx" already exists, skipping

NOTICE:  relation "log_rc_run_uid_idx" already exists, skipping

NOTICE:  relation "log_rc_wsg_date_idx" already exists, skipping

NOTICE:  table "barriers" does not exist, skipping

10:31:07 base UBTN done in 1.3 min
NOTICE:  schema "score300_default_tuned" already exists, skipping

NOTICE:  relation "log" already exists, skipping

NOTICE:  column "run_id" of relation "log" already exists, skipping

NOTICE:  column "watershed_group_code" of relation "log" already exists, skipping

NOTICE:  column "date_start" of relation "log" already exists, skipping

NOTICE:  column "date_end" of relation "log" already exists, skipping

NOTICE:  column "run_uid" of relation "log" already exists, skipping

NOTICE:  column "run_label" of relation "log" already exists, skipping

NOTICE:  column "host" of relation "log" already exists, skipping

NOTICE:  column "config_name" of relation "log" already exists, skipping

NOTICE:  column "config_hash" of relation "log" already exists, skipping

NOTICE:  column "config_drift" of relation "log" already exists, skipping

NOTICE:  column "link_version" of relation "log" already exists, skipping

NOTICE:  column "link_sha" of relation "log" already exists, skipping

NOTICE:  column "link_dirty" of relation "log" already exists, skipping

NOTICE:  column "fresh_version" of relation "log" already exists, skipping

NOTICE:  column "fresh_sha" of relation "log" already exists, skipping

NOTICE:  column "fresh_dirty" of relation "log" already exists, skipping

NOTICE:  column "fresh_sha_source" of relation "log" already exists, skipping

NOTICE:  column "crate_version" of relation "log" already exists, skipping

NOTICE:  column "fwapg_sha" of relation "log" already exists, skipping

NOTICE:  column "bcfishobs_sha" of relation "log" already exists, skipping

NOTICE:  column "arg_dams" of relation "log" already exists, skipping

NOTICE:  column "arg_mapping_code" of relation "log" already exists, skipping

NOTICE:  column "arg_cleanup_working" of relation "log" already exists, skipping

NOTICE:  column "schema_persist" of relation "log" already exists, skipping

NOTICE:  column "species" of relation "log" already exists, skipping

NOTICE:  column "wsg_upstream" of relation "log" already exists, skipping

NOTICE:  column "bcfp_model_run_id" of relation "log" already exists, skipping

NOTICE:  column "bcfp_model_version" of relation "log" already exists, skipping

NOTICE:  column "bcfp_pin_source" of relation "log" already exists, skipping

NOTICE:  column "notes" of relation "log" already exists, skipping

NOTICE:  relation "log_recompute" already exists, skipping

NOTICE:  column "recompute_id" of relation "log_recompute" already exists, skipping

NOTICE:  column "watershed_group_code" of relation "log_recompute" already exists, skipping

NOTICE:  column "date_start" of relation "log_recompute" already exists, skipping

NOTICE:  column "date_end" of relation "log_recompute" already exists, skipping

NOTICE:  column "run_uid" of relation "log_recompute" already exists, skipping

NOTICE:  column "run_label" of relation "log_recompute" already exists, skipping

NOTICE:  column "host" of relation "log_recompute" already exists, skipping

NOTICE:  column "config_name" of relation "log_recompute" already exists, skipping

NOTICE:  column "config_hash" of relation "log_recompute" already exists, skipping

NOTICE:  column "link_version" of relation "log_recompute" already exists, skipping

NOTICE:  column "link_sha" of relation "log_recompute" already exists, skipping

NOTICE:  column "link_dirty" of relation "log_recompute" already exists, skipping

NOTICE:  column "fresh_version" of relation "log_recompute" already exists, skipping

NOTICE:  column "fresh_sha" of relation "log_recompute" already exists, skipping

NOTICE:  column "fresh_dirty" of relation "log_recompute" already exists, skipping

NOTICE:  column "fresh_sha_source" of relation "log_recompute" already exists, skipping

NOTICE:  column "crate_version" of relation "log_recompute" already exists, skipping

NOTICE:  column "fwapg_sha" of relation "log_recompute" already exists, skipping

NOTICE:  column "bcfishobs_sha" of relation "log_recompute" already exists, skipping

NOTICE:  column "schema_persist" of relation "log_recompute" already exists, skipping

NOTICE:  column "species" of relation "log_recompute" already exists, skipping

NOTICE:  column "views_prebuilt" of relation "log_recompute" already exists, skipping

NOTICE:  column "notes" of relation "log_recompute" already exists, skipping

NOTICE:  relation "log_input" already exists, skipping

NOTICE:  column "run_id" of relation "log_input" already exists, skipping

NOTICE:  column "watershed_group_code" of relation "log_input" already exists, skipping

NOTICE:  column "table_name" of relation "log_input" already exists, skipping

NOTICE:  column "row_count" of relation "log_input" already exists, skipping

NOTICE:  column "row_count_estimated" of relation "log_input" already exists, skipping

NOTICE:  column "size_bytes" of relation "log_input" already exists, skipping

NOTICE:  column "last_analyze" of relation "log_input" already exists, skipping

NOTICE:  column "source" of relation "log_input" already exists, skipping

NOTICE:  column "source_at" of relation "log_input" already exists, skipping

NOTICE:  relation "log_parameters_fresh" already exists, skipping

NOTICE:  column "config_hash" of relation "log_parameters_fresh" already exists, skipping

NOTICE:  column "species_code" of relation "log_parameters_fresh" already exists, skipping

NOTICE:  column "access_gradient_max" of relation "log_parameters_fresh" already exists, skipping

NOTICE:  column "spawn_gradient_min" of relation "log_parameters_fresh" already exists, skipping

NOTICE:  column "rear_gradient_min" of relation "log_parameters_fresh" already exists, skipping

NOTICE:  column "cluster_rearing" of relation "log_parameters_fresh" already exists, skipping

NOTICE:  column "cluster_direction" of relation "log_parameters_fresh" already exists, skipping

NOTICE:  column "cluster_bridge_gradient" of relation "log_parameters_fresh" already exists, skipping

NOTICE:  column "cluster_bridge_distance" of relation "log_parameters_fresh" already exists, skipping

NOTICE:  column "cluster_confluence_m" of relation "log_parameters_fresh" already exists, skipping

NOTICE:  column "cluster_spawning" of relation "log_parameters_fresh" already exists, skipping

NOTICE:  column "cluster_spawn_direction" of relation "log_parameters_fresh" already exists, skipping

NOTICE:  column "cluster_spawn_bridge_gradient" of relation "log_parameters_fresh" already exists, skipping

NOTICE:  column "cluster_spawn_bridge_distance" of relation "log_parameters_fresh" already exists, skipping

NOTICE:  column "cluster_spawn_confluence_m" of relation "log_parameters_fresh" already exists, skipping

NOTICE:  column "observation_threshold" of relation "log_parameters_fresh" already exists, skipping

NOTICE:  column "observation_date_min" of relation "log_parameters_fresh" already exists, skipping

NOTICE:  column "observation_buffer_m" of relation "log_parameters_fresh" already exists, skipping

NOTICE:  column "observation_species" of relation "log_parameters_fresh" already exists, skipping

NOTICE:  column "observation_control_apply" of relation "log_parameters_fresh" already exists, skipping

NOTICE:  relation "log_parameters_habitat_thresholds" already exists, skipping

NOTICE:  column "config_hash" of relation "log_parameters_habitat_thresholds" already exists, skipping

NOTICE:  column "species_code" of relation "log_parameters_habitat_thresholds" already exists, skipping

NOTICE:  column "spawn_gradient_max" of relation "log_parameters_habitat_thresholds" already exists, skipping

NOTICE:  column "spawn_channel_width_min" of relation "log_parameters_habitat_thresholds" already exists, skipping

NOTICE:  column "spawn_channel_width_max" of relation "log_parameters_habitat_thresholds" already exists, skipping

NOTICE:  column "spawn_mad_min" of relation "log_parameters_habitat_thresholds" already exists, skipping

NOTICE:  column "spawn_mad_max" of relation "log_parameters_habitat_thresholds" already exists, skipping

NOTICE:  column "rear_gradient_max" of relation "log_parameters_habitat_thresholds" already exists, skipping

NOTICE:  column "rear_channel_width_min" of relation "log_parameters_habitat_thresholds" already exists, skipping

NOTICE:  column "rear_channel_width_max" of relation "log_parameters_habitat_thresholds" already exists, skipping

NOTICE:  column "rear_mad_min" of relation "log_parameters_habitat_thresholds" already exists, skipping

NOTICE:  column "rear_mad_max" of relation "log_parameters_habitat_thresholds" already exists, skipping

NOTICE:  column "rear_lake_ha_min" of relation "log_parameters_habitat_thresholds" already exists, skipping

NOTICE:  column "spawn_edge_types" of relation "log_parameters_habitat_thresholds" already exists, skipping

NOTICE:  column "rear_edge_types" of relation "log_parameters_habitat_thresholds" already exists, skipping

NOTICE:  relation "log_dimensions" already exists, skipping

NOTICE:  column "config_hash" of relation "log_dimensions" already exists, skipping

NOTICE:  column "species" of relation "log_dimensions" already exists, skipping

NOTICE:  column "spawn_lake" of relation "log_dimensions" already exists, skipping

NOTICE:  column "spawn_stream" of relation "log_dimensions" already exists, skipping

NOTICE:  column "spawn_stream_in_waterbody" of relation "log_dimensions" already exists, skipping

NOTICE:  column "rear_lake" of relation "log_dimensions" already exists, skipping

NOTICE:  column "rear_lake_only" of relation "log_dimensions" already exists, skipping

NOTICE:  column "rear_lake_area_only" of relation "log_dimensions" already exists, skipping

NOTICE:  column "rear_no_fw" of relation "log_dimensions" already exists, skipping

NOTICE:  column "rear_stream" of relation "log_dimensions" already exists, skipping

NOTICE:  column "rear_stream_in_waterbody" of relation "log_dimensions" already exists, skipping

NOTICE:  column "rear_wetland" of relation "log_dimensions" already exists, skipping

NOTICE:  column "rear_wetland_polygon" of relation "log_dimensions" already exists, skipping

NOTICE:  column "rear_wetland_area_only" of relation "log_dimensions" already exists, skipping

NOTICE:  column "rear_all_edges" of relation "log_dimensions" already exists, skipping

NOTICE:  column "river_skip_cw_min" of relation "log_dimensions" already exists, skipping

NOTICE:  column "rear_stream_order_bypass" of relation "log_dimensions" already exists, skipping

NOTICE:  column "rear_stream_order_parent_min" of relation "log_dimensions" already exists, skipping

NOTICE:  column "rear_stream_order_child_min" of relation "log_dimensions" already exists, skipping

NOTICE:  column "rear_stream_order_child_max" of relation "log_dimensions" already exists, skipping

NOTICE:  column "rear_stream_order_distance_max" of relation "log_dimensions" already exists, skipping

NOTICE:  column "spawn_requires_connected" of relation "log_dimensions" already exists, skipping

NOTICE:  column "spawn_connected_distance_max" of relation "log_dimensions" already exists, skipping

NOTICE:  column "spawn_connected_direction" of relation "log_dimensions" already exists, skipping

NOTICE:  column "spawn_connected_gradient_max" of relation "log_dimensions" already exists, skipping

NOTICE:  column "spawn_connected_cw_min" of relation "log_dimensions" already exists, skipping

NOTICE:  column "spawn_connected_edge_types" of relation "log_dimensions" already exists, skipping

NOTICE:  column "spawn_connected_lake_adjacent" of relation "log_dimensions" already exists, skipping

NOTICE:  column "rear_requires_connected" of relation "log_dimensions" already exists, skipping

NOTICE:  column "rear_connected_distance_max" of relation "log_dimensions" already exists, skipping

NOTICE:  column "rear_lake_ha_min" of relation "log_dimensions" already exists, skipping

NOTICE:  column "rear_wetland_ha_min" of relation "log_dimensions" already exists, skipping

NOTICE:  column "notes" of relation "log_dimensions" already exists, skipping

NOTICE:  relation "log_wsg_date_idx" already exists, skipping

NOTICE:  relation "log_config_idx" already exists, skipping

NOTICE:  relation "log_input_rn_idx" already exists, skipping

NOTICE:  relation "log_run_uid_idx" already exists, skipping

NOTICE:  relation "log_rc_run_uid_idx" already exists, skipping

NOTICE:  relation "log_rc_wsg_date_idx" already exists, skipping

NOTICE:  schema "working_score300_elkr" does not exist, skipping

NOTICE:  schema "working_score300_elkr" does not exist, skipping

NOTICE:  schema "working_score300_elkr" does not exist, skipping

NOTICE:  schema "working_score300_elkr" does not exist, skipping

NOTICE:  schema "fresh" already exists, skipping

Override validation: working_score300_elkr.pscis_fixes vs working_score300_elkr.crossings
  Total overrides:  329
  Valid (matched):  293
  Orphans:          36  <-- not found in crossings
  Duplicates:       0
Updated 293 of 7306 rows (barrier_status)
NOTICE:  table "barriers_definite_control" does not exist, skipping

NOTICE:  table "observations" does not exist, skipping

NOTICE:  table "streams_blk" does not exist, skipping

NOTICE:  table "gradient_barriers_raw" does not exist, skipping

NOTICE:  table "natural_barriers" does not exist, skipping

NOTICE:  table "barrier_overrides" does not exist, skipping

NOTICE:  table "barriers_bt" does not exist, skipping

NOTICE:  table "barriers_ch" does not exist, skipping

NOTICE:  table "barriers_cm" does not exist, skipping

NOTICE:  table "barriers_co" does not exist, skipping

NOTICE:  table "barriers_pk" does not exist, skipping

NOTICE:  table "barriers_sk" does not exist, skipping

NOTICE:  table "barriers_st" does not exist, skipping

NOTICE:  table "barriers_wct" does not exist, skipping

NOTICE:  table "barriers_ko" does not exist, skipping

NOTICE:  table "barriers_rb" does not exist, skipping

NOTICE:  table "barriers_gr" does not exist, skipping

NOTICE:  table "gradient_barriers_minimal" does not exist, skipping

NOTICE:  table "streams" does not exist, skipping

NOTICE:  table "streams_habitat" does not exist, skipping

NOTICE:  table "cabd_exclusions" does not exist, skipping

NOTICE:  table "cabd_blkey_xref" does not exist, skipping

NOTICE:  table "cabd_passability_status_updates" does not exist, skipping

NOTICE:  table "cabd_additions" does not exist, skipping

NOTICE:  table "cabd_dams_raw" does not exist, skipping

NOTICE:  table "dams" does not exist, skipping

NOTICE:  table "pscis_modelledcrossings_streams_xref" does not exist, skipping

NOTICE:  table "pscis_stream_candidates" does not exist, skipping

NOTICE:  table "pscis_streams_150m" does not exist, skipping

NOTICE:  table "pscis_picked" does not exist, skipping

NOTICE:  table "pscis" does not exist, skipping

NOTICE:  table "crossings_lookup" does not exist, skipping

NOTICE:  table "barriers_anthropogenic" does not exist, skipping

NOTICE:  table "barriers_pscis" does not exist, skipping

NOTICE:  table "barriers_dams" does not exist, skipping

NOTICE:  table "barriers_remediations" does not exist, skipping

NOTICE:  table "observations_breaks" does not exist, skipping

NOTICE:  table "habitat_endpoints" does not exist, skipping

NOTICE:  table "crossings_breaks" does not exist, skipping

NOTICE:  table "streams_breaks" does not exist, skipping

NOTICE:  relation "streams_id_segment_idx" already exists, skipping

NOTICE:  table "streams_acc_015" does not exist, skipping

NOTICE:  table "streams_acc_02" does not exist, skipping

NOTICE:  table "streams_acc_025" does not exist, skipping

NOTICE:  table "streams_acc_025_ovr_bt" does not exist, skipping

NOTICE:  table "streams_acc_02_ovr_wct" does not exist, skipping

NOTICE:  table "frs_clusters_bt" does not exist, skipping

NOTICE:  table "frs_clusters_wct" does not exist, skipping

NOTICE:  table "frs_clusters_gr" does not exist, skipping

NOTICE:  schema "score300_default_tuned" already exists, skipping

NOTICE:  relation "streams" already exists, skipping

NOTICE:  relation "streams_wsg_idx" already exists, skipping

NOTICE:  relation "streams_blk_idx" already exists, skipping

NOTICE:  relation "streams_geom_idx" already exists, skipping

NOTICE:  relation "streams_wbk_idx" already exists, skipping

NOTICE:  relation "streams_wscode_gist_idx" already exists, skipping

NOTICE:  relation "streams_wscode_btree_idx" already exists, skipping

NOTICE:  relation "streams_localcode_gist_idx" already exists, skipping

NOTICE:  relation "streams_localcode_btree_idx" already exists, skipping

NOTICE:  relation "streams_habitat_bt" already exists, skipping

NOTICE:  relation "streams_habitat_bt_wsg_idx" already exists, skipping

NOTICE:  relation "streams_habitat_ch" already exists, skipping

NOTICE:  relation "streams_habitat_ch_wsg_idx" already exists, skipping

NOTICE:  relation "streams_habitat_cm" already exists, skipping

NOTICE:  relation "streams_habitat_cm_wsg_idx" already exists, skipping

NOTICE:  relation "streams_habitat_co" already exists, skipping

NOTICE:  relation "streams_habitat_co_wsg_idx" already exists, skipping

NOTICE:  relation "streams_habitat_pk" already exists, skipping

NOTICE:  relation "streams_habitat_pk_wsg_idx" already exists, skipping

NOTICE:  relation "streams_habitat_sk" already exists, skipping

NOTICE:  relation "streams_habitat_sk_wsg_idx" already exists, skipping

NOTICE:  relation "streams_habitat_st" already exists, skipping

NOTICE:  relation "streams_habitat_st_wsg_idx" already exists, skipping

NOTICE:  relation "streams_habitat_wct" already exists, skipping

NOTICE:  relation "streams_habitat_wct_wsg_idx" already exists, skipping

NOTICE:  relation "streams_habitat_ko" already exists, skipping

NOTICE:  relation "streams_habitat_ko_wsg_idx" already exists, skipping

NOTICE:  relation "streams_habitat_rb" already exists, skipping

NOTICE:  relation "streams_habitat_rb_wsg_idx" already exists, skipping

NOTICE:  relation "streams_habitat_gr" already exists, skipping

NOTICE:  relation "streams_habitat_gr_wsg_idx" already exists, skipping

NOTICE:  relation "barriers" already exists, skipping

NOTICE:  relation "barriers_wsg_idx" already exists, skipping

NOTICE:  relation "barriers_blocks_idx" already exists, skipping

NOTICE:  relation "barriers_source_idx" already exists, skipping

NOTICE:  relation "barriers_blk_drm_idx" already exists, skipping

NOTICE:  relation "barriers_geom_idx" already exists, skipping

NOTICE:  relation "barriers_wscode_gist_idx" already exists, skipping

NOTICE:  relation "barriers_wscode_btree_idx" already exists, skipping

NOTICE:  relation "barriers_localcode_gist_idx" already exists, skipping

NOTICE:  relation "barriers_localcode_btree_idx" already exists, skipping

NOTICE:  relation "barrier_overrides" already exists, skipping

NOTICE:  relation "barrier_overrides_wsg_idx" already exists, skipping

NOTICE:  relation "barrier_overrides_blk_drm_idx" already exists, skipping

NOTICE:  relation "streams_access" already exists, skipping

NOTICE:  relation "streams_access_wsg_idx" already exists, skipping

NOTICE:  relation "streams_mapping_code" already exists, skipping

NOTICE:  relation "streams_mapping_code_wsg_idx" already exists, skipping

NOTICE:  schema "score300_default_tuned" already exists, skipping

NOTICE:  relation "log" already exists, skipping

NOTICE:  column "run_id" of relation "log" already exists, skipping

NOTICE:  column "watershed_group_code" of relation "log" already exists, skipping

NOTICE:  column "date_start" of relation "log" already exists, skipping

NOTICE:  column "date_end" of relation "log" already exists, skipping

NOTICE:  column "run_uid" of relation "log" already exists, skipping

NOTICE:  column "run_label" of relation "log" already exists, skipping

NOTICE:  column "host" of relation "log" already exists, skipping

NOTICE:  column "config_name" of relation "log" already exists, skipping

NOTICE:  column "config_hash" of relation "log" already exists, skipping

NOTICE:  column "config_drift" of relation "log" already exists, skipping

NOTICE:  column "link_version" of relation "log" already exists, skipping

NOTICE:  column "link_sha" of relation "log" already exists, skipping

NOTICE:  column "link_dirty" of relation "log" already exists, skipping

NOTICE:  column "fresh_version" of relation "log" already exists, skipping

NOTICE:  column "fresh_sha" of relation "log" already exists, skipping

NOTICE:  column "fresh_dirty" of relation "log" already exists, skipping

NOTICE:  column "fresh_sha_source" of relation "log" already exists, skipping

NOTICE:  column "crate_version" of relation "log" already exists, skipping

NOTICE:  column "fwapg_sha" of relation "log" already exists, skipping

NOTICE:  column "bcfishobs_sha" of relation "log" already exists, skipping

NOTICE:  column "arg_dams" of relation "log" already exists, skipping

NOTICE:  column "arg_mapping_code" of relation "log" already exists, skipping

NOTICE:  column "arg_cleanup_working" of relation "log" already exists, skipping

NOTICE:  column "schema_persist" of relation "log" already exists, skipping

NOTICE:  column "species" of relation "log" already exists, skipping

NOTICE:  column "wsg_upstream" of relation "log" already exists, skipping

NOTICE:  column "bcfp_model_run_id" of relation "log" already exists, skipping

NOTICE:  column "bcfp_model_version" of relation "log" already exists, skipping

NOTICE:  column "bcfp_pin_source" of relation "log" already exists, skipping

NOTICE:  column "notes" of relation "log" already exists, skipping

NOTICE:  relation "log_recompute" already exists, skipping

NOTICE:  column "recompute_id" of relation "log_recompute" already exists, skipping

NOTICE:  column "watershed_group_code" of relation "log_recompute" already exists, skipping

NOTICE:  column "date_start" of relation "log_recompute" already exists, skipping

NOTICE:  column "date_end" of relation "log_recompute" already exists, skipping

NOTICE:  column "run_uid" of relation "log_recompute" already exists, skipping

NOTICE:  column "run_label" of relation "log_recompute" already exists, skipping

NOTICE:  column "host" of relation "log_recompute" already exists, skipping

NOTICE:  column "config_name" of relation "log_recompute" already exists, skipping

NOTICE:  column "config_hash" of relation "log_recompute" already exists, skipping

NOTICE:  column "link_version" of relation "log_recompute" already exists, skipping

NOTICE:  column "link_sha" of relation "log_recompute" already exists, skipping

NOTICE:  column "link_dirty" of relation "log_recompute" already exists, skipping

NOTICE:  column "fresh_version" of relation "log_recompute" already exists, skipping

NOTICE:  column "fresh_sha" of relation "log_recompute" already exists, skipping

NOTICE:  column "fresh_dirty" of relation "log_recompute" already exists, skipping

NOTICE:  column "fresh_sha_source" of relation "log_recompute" already exists, skipping

NOTICE:  column "crate_version" of relation "log_recompute" already exists, skipping

NOTICE:  column "fwapg_sha" of relation "log_recompute" already exists, skipping

NOTICE:  column "bcfishobs_sha" of relation "log_recompute" already exists, skipping

NOTICE:  column "schema_persist" of relation "log_recompute" already exists, skipping

NOTICE:  column "species" of relation "log_recompute" already exists, skipping

NOTICE:  column "views_prebuilt" of relation "log_recompute" already exists, skipping

NOTICE:  column "notes" of relation "log_recompute" already exists, skipping

NOTICE:  relation "log_input" already exists, skipping

NOTICE:  column "run_id" of relation "log_input" already exists, skipping

NOTICE:  column "watershed_group_code" of relation "log_input" already exists, skipping

NOTICE:  column "table_name" of relation "log_input" already exists, skipping

NOTICE:  column "row_count" of relation "log_input" already exists, skipping

NOTICE:  column "row_count_estimated" of relation "log_input" already exists, skipping

NOTICE:  column "size_bytes" of relation "log_input" already exists, skipping

NOTICE:  column "last_analyze" of relation "log_input" already exists, skipping

NOTICE:  column "source" of relation "log_input" already exists, skipping

NOTICE:  column "source_at" of relation "log_input" already exists, skipping

NOTICE:  relation "log_parameters_fresh" already exists, skipping

NOTICE:  column "config_hash" of relation "log_parameters_fresh" already exists, skipping

NOTICE:  column "species_code" of relation "log_parameters_fresh" already exists, skipping

NOTICE:  column "access_gradient_max" of relation "log_parameters_fresh" already exists, skipping

NOTICE:  column "spawn_gradient_min" of relation "log_parameters_fresh" already exists, skipping

NOTICE:  column "rear_gradient_min" of relation "log_parameters_fresh" already exists, skipping

NOTICE:  column "cluster_rearing" of relation "log_parameters_fresh" already exists, skipping

NOTICE:  column "cluster_direction" of relation "log_parameters_fresh" already exists, skipping

NOTICE:  column "cluster_bridge_gradient" of relation "log_parameters_fresh" already exists, skipping

NOTICE:  column "cluster_bridge_distance" of relation "log_parameters_fresh" already exists, skipping

NOTICE:  column "cluster_confluence_m" of relation "log_parameters_fresh" already exists, skipping

NOTICE:  column "cluster_spawning" of relation "log_parameters_fresh" already exists, skipping

NOTICE:  column "cluster_spawn_direction" of relation "log_parameters_fresh" already exists, skipping

NOTICE:  column "cluster_spawn_bridge_gradient" of relation "log_parameters_fresh" already exists, skipping

NOTICE:  column "cluster_spawn_bridge_distance" of relation "log_parameters_fresh" already exists, skipping

NOTICE:  column "cluster_spawn_confluence_m" of relation "log_parameters_fresh" already exists, skipping

NOTICE:  column "observation_threshold" of relation "log_parameters_fresh" already exists, skipping

NOTICE:  column "observation_date_min" of relation "log_parameters_fresh" already exists, skipping

NOTICE:  column "observation_buffer_m" of relation "log_parameters_fresh" already exists, skipping

NOTICE:  column "observation_species" of relation "log_parameters_fresh" already exists, skipping

NOTICE:  column "observation_control_apply" of relation "log_parameters_fresh" already exists, skipping

NOTICE:  relation "log_parameters_habitat_thresholds" already exists, skipping

NOTICE:  column "config_hash" of relation "log_parameters_habitat_thresholds" already exists, skipping

NOTICE:  column "species_code" of relation "log_parameters_habitat_thresholds" already exists, skipping

NOTICE:  column "spawn_gradient_max" of relation "log_parameters_habitat_thresholds" already exists, skipping

NOTICE:  column "spawn_channel_width_min" of relation "log_parameters_habitat_thresholds" already exists, skipping

NOTICE:  column "spawn_channel_width_max" of relation "log_parameters_habitat_thresholds" already exists, skipping

NOTICE:  column "spawn_mad_min" of relation "log_parameters_habitat_thresholds" already exists, skipping

NOTICE:  column "spawn_mad_max" of relation "log_parameters_habitat_thresholds" already exists, skipping

NOTICE:  column "rear_gradient_max" of relation "log_parameters_habitat_thresholds" already exists, skipping

NOTICE:  column "rear_channel_width_min" of relation "log_parameters_habitat_thresholds" already exists, skipping

NOTICE:  column "rear_channel_width_max" of relation "log_parameters_habitat_thresholds" already exists, skipping

NOTICE:  column "rear_mad_min" of relation "log_parameters_habitat_thresholds" already exists, skipping

NOTICE:  column "rear_mad_max" of relation "log_parameters_habitat_thresholds" already exists, skipping

NOTICE:  column "rear_lake_ha_min" of relation "log_parameters_habitat_thresholds" already exists, skipping

NOTICE:  column "spawn_edge_types" of relation "log_parameters_habitat_thresholds" already exists, skipping

NOTICE:  column "rear_edge_types" of relation "log_parameters_habitat_thresholds" already exists, skipping

NOTICE:  relation "log_dimensions" already exists, skipping

NOTICE:  column "config_hash" of relation "log_dimensions" already exists, skipping

NOTICE:  column "species" of relation "log_dimensions" already exists, skipping

NOTICE:  column "spawn_lake" of relation "log_dimensions" already exists, skipping

NOTICE:  column "spawn_stream" of relation "log_dimensions" already exists, skipping

NOTICE:  column "spawn_stream_in_waterbody" of relation "log_dimensions" already exists, skipping

NOTICE:  column "rear_lake" of relation "log_dimensions" already exists, skipping

NOTICE:  column "rear_lake_only" of relation "log_dimensions" already exists, skipping

NOTICE:  column "rear_lake_area_only" of relation "log_dimensions" already exists, skipping

NOTICE:  column "rear_no_fw" of relation "log_dimensions" already exists, skipping

NOTICE:  column "rear_stream" of relation "log_dimensions" already exists, skipping

NOTICE:  column "rear_stream_in_waterbody" of relation "log_dimensions" already exists, skipping

NOTICE:  column "rear_wetland" of relation "log_dimensions" already exists, skipping

NOTICE:  column "rear_wetland_polygon" of relation "log_dimensions" already exists, skipping

NOTICE:  column "rear_wetland_area_only" of relation "log_dimensions" already exists, skipping

NOTICE:  column "rear_all_edges" of relation "log_dimensions" already exists, skipping

NOTICE:  column "river_skip_cw_min" of relation "log_dimensions" already exists, skipping

NOTICE:  column "rear_stream_order_bypass" of relation "log_dimensions" already exists, skipping

NOTICE:  column "rear_stream_order_parent_min" of relation "log_dimensions" already exists, skipping

NOTICE:  column "rear_stream_order_child_min" of relation "log_dimensions" already exists, skipping

NOTICE:  column "rear_stream_order_child_max" of relation "log_dimensions" already exists, skipping

NOTICE:  column "rear_stream_order_distance_max" of relation "log_dimensions" already exists, skipping

NOTICE:  column "spawn_requires_connected" of relation "log_dimensions" already exists, skipping

NOTICE:  column "spawn_connected_distance_max" of relation "log_dimensions" already exists, skipping

NOTICE:  column "spawn_connected_direction" of relation "log_dimensions" already exists, skipping

NOTICE:  column "spawn_connected_gradient_max" of relation "log_dimensions" already exists, skipping

NOTICE:  column "spawn_connected_cw_min" of relation "log_dimensions" already exists, skipping

NOTICE:  column "spawn_connected_edge_types" of relation "log_dimensions" already exists, skipping

NOTICE:  column "spawn_connected_lake_adjacent" of relation "log_dimensions" already exists, skipping

NOTICE:  column "rear_requires_connected" of relation "log_dimensions" already exists, skipping

NOTICE:  column "rear_connected_distance_max" of relation "log_dimensions" already exists, skipping

NOTICE:  column "rear_lake_ha_min" of relation "log_dimensions" already exists, skipping

NOTICE:  column "rear_wetland_ha_min" of relation "log_dimensions" already exists, skipping

NOTICE:  column "notes" of relation "log_dimensions" already exists, skipping

NOTICE:  relation "log_wsg_date_idx" already exists, skipping

NOTICE:  relation "log_config_idx" already exists, skipping

NOTICE:  relation "log_input_rn_idx" already exists, skipping

NOTICE:  relation "log_run_uid_idx" already exists, skipping

NOTICE:  relation "log_rc_run_uid_idx" already exists, skipping

NOTICE:  relation "log_rc_wsg_date_idx" already exists, skipping

NOTICE:  table "barriers" does not exist, skipping

10:34:57 base ELKR done in 3.8 min
10:34:57 base PARA: already persisted, skipped
NOTICE:  schema "score300_default_tuned" already exists, skipping

NOTICE:  relation "log" already exists, skipping

NOTICE:  column "run_id" of relation "log" already exists, skipping

NOTICE:  column "watershed_group_code" of relation "log" already exists, skipping

NOTICE:  column "date_start" of relation "log" already exists, skipping

NOTICE:  column "date_end" of relation "log" already exists, skipping

NOTICE:  column "run_uid" of relation "log" already exists, skipping

NOTICE:  column "run_label" of relation "log" already exists, skipping

NOTICE:  column "host" of relation "log" already exists, skipping

NOTICE:  column "config_name" of relation "log" already exists, skipping

NOTICE:  column "config_hash" of relation "log" already exists, skipping

NOTICE:  column "config_drift" of relation "log" already exists, skipping

NOTICE:  column "link_version" of relation "log" already exists, skipping

NOTICE:  column "link_sha" of relation "log" already exists, skipping

NOTICE:  column "link_dirty" of relation "log" already exists, skipping

NOTICE:  column "fresh_version" of relation "log" already exists, skipping

NOTICE:  column "fresh_sha" of relation "log" already exists, skipping

NOTICE:  column "fresh_dirty" of relation "log" already exists, skipping

NOTICE:  column "fresh_sha_source" of relation "log" already exists, skipping

NOTICE:  column "crate_version" of relation "log" already exists, skipping

NOTICE:  column "fwapg_sha" of relation "log" already exists, skipping

NOTICE:  column "bcfishobs_sha" of relation "log" already exists, skipping

NOTICE:  column "arg_dams" of relation "log" already exists, skipping

NOTICE:  column "arg_mapping_code" of relation "log" already exists, skipping

NOTICE:  column "arg_cleanup_working" of relation "log" already exists, skipping

NOTICE:  column "schema_persist" of relation "log" already exists, skipping

NOTICE:  column "species" of relation "log" already exists, skipping

NOTICE:  column "wsg_upstream" of relation "log" already exists, skipping

NOTICE:  column "bcfp_model_run_id" of relation "log" already exists, skipping

NOTICE:  column "bcfp_model_version" of relation "log" already exists, skipping

NOTICE:  column "bcfp_pin_source" of relation "log" already exists, skipping

NOTICE:  column "notes" of relation "log" already exists, skipping

NOTICE:  relation "log_recompute" already exists, skipping

NOTICE:  column "recompute_id" of relation "log_recompute" already exists, skipping

NOTICE:  column "watershed_group_code" of relation "log_recompute" already exists, skipping

NOTICE:  column "date_start" of relation "log_recompute" already exists, skipping

NOTICE:  column "date_end" of relation "log_recompute" already exists, skipping

NOTICE:  column "run_uid" of relation "log_recompute" already exists, skipping

NOTICE:  column "run_label" of relation "log_recompute" already exists, skipping

NOTICE:  column "host" of relation "log_recompute" already exists, skipping

NOTICE:  column "config_name" of relation "log_recompute" already exists, skipping

NOTICE:  column "config_hash" of relation "log_recompute" already exists, skipping

NOTICE:  column "link_version" of relation "log_recompute" already exists, skipping

NOTICE:  column "link_sha" of relation "log_recompute" already exists, skipping

NOTICE:  column "link_dirty" of relation "log_recompute" already exists, skipping

NOTICE:  column "fresh_version" of relation "log_recompute" already exists, skipping

NOTICE:  column "fresh_sha" of relation "log_recompute" already exists, skipping

NOTICE:  column "fresh_dirty" of relation "log_recompute" already exists, skipping

NOTICE:  column "fresh_sha_source" of relation "log_recompute" already exists, skipping

NOTICE:  column "crate_version" of relation "log_recompute" already exists, skipping

NOTICE:  column "fwapg_sha" of relation "log_recompute" already exists, skipping

NOTICE:  column "bcfishobs_sha" of relation "log_recompute" already exists, skipping

NOTICE:  column "schema_persist" of relation "log_recompute" already exists, skipping

NOTICE:  column "species" of relation "log_recompute" already exists, skipping

NOTICE:  column "views_prebuilt" of relation "log_recompute" already exists, skipping

NOTICE:  column "notes" of relation "log_recompute" already exists, skipping

NOTICE:  relation "log_input" already exists, skipping

NOTICE:  column "run_id" of relation "log_input" already exists, skipping

NOTICE:  column "watershed_group_code" of relation "log_input" already exists, skipping

NOTICE:  column "table_name" of relation "log_input" already exists, skipping

NOTICE:  column "row_count" of relation "log_input" already exists, skipping

NOTICE:  column "row_count_estimated" of relation "log_input" already exists, skipping

NOTICE:  column "size_bytes" of relation "log_input" already exists, skipping

NOTICE:  column "last_analyze" of relation "log_input" already exists, skipping

NOTICE:  column "source" of relation "log_input" already exists, skipping

NOTICE:  column "source_at" of relation "log_input" already exists, skipping

NOTICE:  relation "log_parameters_fresh" already exists, skipping

NOTICE:  column "config_hash" of relation "log_parameters_fresh" already exists, skipping

NOTICE:  column "species_code" of relation "log_parameters_fresh" already exists, skipping

NOTICE:  column "access_gradient_max" of relation "log_parameters_fresh" already exists, skipping

NOTICE:  column "spawn_gradient_min" of relation "log_parameters_fresh" already exists, skipping

NOTICE:  column "rear_gradient_min" of relation "log_parameters_fresh" already exists, skipping

NOTICE:  column "cluster_rearing" of relation "log_parameters_fresh" already exists, skipping

NOTICE:  column "cluster_direction" of relation "log_parameters_fresh" already exists, skipping

NOTICE:  column "cluster_bridge_gradient" of relation "log_parameters_fresh" already exists, skipping

NOTICE:  column "cluster_bridge_distance" of relation "log_parameters_fresh" already exists, skipping

NOTICE:  column "cluster_confluence_m" of relation "log_parameters_fresh" already exists, skipping

NOTICE:  column "cluster_spawning" of relation "log_parameters_fresh" already exists, skipping

NOTICE:  column "cluster_spawn_direction" of relation "log_parameters_fresh" already exists, skipping

NOTICE:  column "cluster_spawn_bridge_gradient" of relation "log_parameters_fresh" already exists, skipping

NOTICE:  column "cluster_spawn_bridge_distance" of relation "log_parameters_fresh" already exists, skipping

NOTICE:  column "cluster_spawn_confluence_m" of relation "log_parameters_fresh" already exists, skipping

NOTICE:  column "observation_threshold" of relation "log_parameters_fresh" already exists, skipping

NOTICE:  column "observation_date_min" of relation "log_parameters_fresh" already exists, skipping

NOTICE:  column "observation_buffer_m" of relation "log_parameters_fresh" already exists, skipping

NOTICE:  column "observation_species" of relation "log_parameters_fresh" already exists, skipping

NOTICE:  column "observation_control_apply" of relation "log_parameters_fresh" already exists, skipping

NOTICE:  relation "log_parameters_habitat_thresholds" already exists, skipping

NOTICE:  column "config_hash" of relation "log_parameters_habitat_thresholds" already exists, skipping

NOTICE:  column "species_code" of relation "log_parameters_habitat_thresholds" already exists, skipping

NOTICE:  column "spawn_gradient_max" of relation "log_parameters_habitat_thresholds" already exists, skipping

NOTICE:  column "spawn_channel_width_min" of relation "log_parameters_habitat_thresholds" already exists, skipping

NOTICE:  column "spawn_channel_width_max" of relation "log_parameters_habitat_thresholds" already exists, skipping

NOTICE:  column "spawn_mad_min" of relation "log_parameters_habitat_thresholds" already exists, skipping

NOTICE:  column "spawn_mad_max" of relation "log_parameters_habitat_thresholds" already exists, skipping

NOTICE:  column "rear_gradient_max" of relation "log_parameters_habitat_thresholds" already exists, skipping

NOTICE:  column "rear_channel_width_min" of relation "log_parameters_habitat_thresholds" already exists, skipping

NOTICE:  column "rear_channel_width_max" of relation "log_parameters_habitat_thresholds" already exists, skipping

NOTICE:  column "rear_mad_min" of relation "log_parameters_habitat_thresholds" already exists, skipping

NOTICE:  column "rear_mad_max" of relation "log_parameters_habitat_thresholds" already exists, skipping

NOTICE:  column "rear_lake_ha_min" of relation "log_parameters_habitat_thresholds" already exists, skipping

NOTICE:  column "spawn_edge_types" of relation "log_parameters_habitat_thresholds" already exists, skipping

NOTICE:  column "rear_edge_types" of relation "log_parameters_habitat_thresholds" already exists, skipping

NOTICE:  relation "log_dimensions" already exists, skipping

NOTICE:  column "config_hash" of relation "log_dimensions" already exists, skipping

NOTICE:  column "species" of relation "log_dimensions" already exists, skipping

NOTICE:  column "spawn_lake" of relation "log_dimensions" already exists, skipping

NOTICE:  column "spawn_stream" of relation "log_dimensions" already exists, skipping

NOTICE:  column "spawn_stream_in_waterbody" of relation "log_dimensions" already exists, skipping

NOTICE:  column "rear_lake" of relation "log_dimensions" already exists, skipping

NOTICE:  column "rear_lake_only" of relation "log_dimensions" already exists, skipping

NOTICE:  column "rear_lake_area_only" of relation "log_dimensions" already exists, skipping

NOTICE:  column "rear_no_fw" of relation "log_dimensions" already exists, skipping

NOTICE:  column "rear_stream" of relation "log_dimensions" already exists, skipping

NOTICE:  column "rear_stream_in_waterbody" of relation "log_dimensions" already exists, skipping

NOTICE:  column "rear_wetland" of relation "log_dimensions" already exists, skipping

NOTICE:  column "rear_wetland_polygon" of relation "log_dimensions" already exists, skipping

NOTICE:  column "rear_wetland_area_only" of relation "log_dimensions" already exists, skipping

NOTICE:  column "rear_all_edges" of relation "log_dimensions" already exists, skipping

NOTICE:  column "river_skip_cw_min" of relation "log_dimensions" already exists, skipping

NOTICE:  column "rear_stream_order_bypass" of relation "log_dimensions" already exists, skipping

NOTICE:  column "rear_stream_order_parent_min" of relation "log_dimensions" already exists, skipping

NOTICE:  column "rear_stream_order_child_min" of relation "log_dimensions" already exists, skipping

NOTICE:  column "rear_stream_order_child_max" of relation "log_dimensions" already exists, skipping

NOTICE:  column "rear_stream_order_distance_max" of relation "log_dimensions" already exists, skipping

NOTICE:  column "spawn_requires_connected" of relation "log_dimensions" already exists, skipping

NOTICE:  column "spawn_connected_distance_max" of relation "log_dimensions" already exists, skipping

NOTICE:  column "spawn_connected_direction" of relation "log_dimensions" already exists, skipping

NOTICE:  column "spawn_connected_gradient_max" of relation "log_dimensions" already exists, skipping

NOTICE:  column "spawn_connected_cw_min" of relation "log_dimensions" already exists, skipping

NOTICE:  column "spawn_connected_edge_types" of relation "log_dimensions" already exists, skipping

NOTICE:  column "spawn_connected_lake_adjacent" of relation "log_dimensions" already exists, skipping

NOTICE:  column "rear_requires_connected" of relation "log_dimensions" already exists, skipping

NOTICE:  column "rear_connected_distance_max" of relation "log_dimensions" already exists, skipping

NOTICE:  column "rear_lake_ha_min" of relation "log_dimensions" already exists, skipping

NOTICE:  column "rear_wetland_ha_min" of relation "log_dimensions" already exists, skipping

NOTICE:  column "notes" of relation "log_dimensions" already exists, skipping

NOTICE:  relation "log_wsg_date_idx" already exists, skipping

NOTICE:  relation "log_config_idx" already exists, skipping

NOTICE:  relation "log_input_rn_idx" already exists, skipping

NOTICE:  relation "log_run_uid_idx" already exists, skipping

NOTICE:  relation "log_rc_run_uid_idx" already exists, skipping

NOTICE:  relation "log_rc_wsg_date_idx" already exists, skipping

NOTICE:  schema "working_score300_smar" does not exist, skipping

NOTICE:  schema "working_score300_smar" does not exist, skipping

NOTICE:  schema "working_score300_smar" does not exist, skipping

NOTICE:  schema "working_score300_smar" does not exist, skipping

NOTICE:  schema "fresh" already exists, skipping

NOTICE:  table "barriers_definite" does not exist, skipping

NOTICE:  table "barriers_definite_control" does not exist, skipping

NOTICE:  table "observations" does not exist, skipping

NOTICE:  table "streams_blk" does not exist, skipping

NOTICE:  table "gradient_barriers_raw" does not exist, skipping

NOTICE:  table "natural_barriers" does not exist, skipping

NOTICE:  table "barrier_overrides" does not exist, skipping

NOTICE:  table "barriers_bt" does not exist, skipping

NOTICE:  table "barriers_ch" does not exist, skipping

NOTICE:  table "barriers_cm" does not exist, skipping

NOTICE:  table "barriers_co" does not exist, skipping

NOTICE:  table "barriers_pk" does not exist, skipping

NOTICE:  table "barriers_sk" does not exist, skipping

NOTICE:  table "barriers_st" does not exist, skipping

NOTICE:  table "barriers_wct" does not exist, skipping

NOTICE:  table "barriers_ko" does not exist, skipping

NOTICE:  table "barriers_rb" does not exist, skipping

NOTICE:  table "barriers_gr" does not exist, skipping

NOTICE:  table "gradient_barriers_minimal" does not exist, skipping

NOTICE:  table "streams" does not exist, skipping

NOTICE:  table "streams_habitat" does not exist, skipping

NOTICE:  table "cabd_exclusions" does not exist, skipping

NOTICE:  table "cabd_blkey_xref" does not exist, skipping

NOTICE:  table "cabd_passability_status_updates" does not exist, skipping

NOTICE:  table "cabd_additions" does not exist, skipping

NOTICE:  table "cabd_dams_raw" does not exist, skipping

NOTICE:  table "dams" does not exist, skipping

NOTICE:  table "pscis_modelledcrossings_streams_xref" does not exist, skipping

NOTICE:  table "pscis_stream_candidates" does not exist, skipping

NOTICE:  table "pscis_streams_150m" does not exist, skipping

NOTICE:  table "pscis_picked" does not exist, skipping

NOTICE:  table "pscis" does not exist, skipping

NOTICE:  table "crossings_lookup" does not exist, skipping

NOTICE:  table "barriers_anthropogenic" does not exist, skipping

NOTICE:  table "barriers_pscis" does not exist, skipping

NOTICE:  table "barriers_dams" does not exist, skipping

NOTICE:  table "barriers_remediations" does not exist, skipping

NOTICE:  table "observations_breaks" does not exist, skipping

NOTICE:  table "habitat_endpoints" does not exist, skipping

NOTICE:  table "crossings_breaks" does not exist, skipping

NOTICE:  table "streams_breaks" does not exist, skipping

NOTICE:  relation "streams_id_segment_idx" already exists, skipping

NOTICE:  table "streams_acc_02" does not exist, skipping

NOTICE:  table "streams_acc_025" does not exist, skipping

NOTICE:  table "streams_acc_025_ovr_bt" does not exist, skipping

NOTICE:  table "streams_acc_02_ovr_wct" does not exist, skipping

NOTICE:  table "frs_clusters_bt" does not exist, skipping

NOTICE:  table "frs_clusters_wct" does not exist, skipping

NOTICE:  schema "score300_default_tuned" already exists, skipping

NOTICE:  relation "streams" already exists, skipping

NOTICE:  relation "streams_wsg_idx" already exists, skipping

NOTICE:  relation "streams_blk_idx" already exists, skipping

NOTICE:  relation "streams_geom_idx" already exists, skipping

NOTICE:  relation "streams_wbk_idx" already exists, skipping

NOTICE:  relation "streams_wscode_gist_idx" already exists, skipping

NOTICE:  relation "streams_wscode_btree_idx" already exists, skipping

NOTICE:  relation "streams_localcode_gist_idx" already exists, skipping

NOTICE:  relation "streams_localcode_btree_idx" already exists, skipping

NOTICE:  relation "streams_habitat_bt" already exists, skipping

NOTICE:  relation "streams_habitat_bt_wsg_idx" already exists, skipping

NOTICE:  relation "streams_habitat_ch" already exists, skipping

NOTICE:  relation "streams_habitat_ch_wsg_idx" already exists, skipping

NOTICE:  relation "streams_habitat_cm" already exists, skipping

NOTICE:  relation "streams_habitat_cm_wsg_idx" already exists, skipping

NOTICE:  relation "streams_habitat_co" already exists, skipping

NOTICE:  relation "streams_habitat_co_wsg_idx" already exists, skipping

NOTICE:  relation "streams_habitat_pk" already exists, skipping

NOTICE:  relation "streams_habitat_pk_wsg_idx" already exists, skipping

NOTICE:  relation "streams_habitat_sk" already exists, skipping

NOTICE:  relation "streams_habitat_sk_wsg_idx" already exists, skipping

NOTICE:  relation "streams_habitat_st" already exists, skipping

NOTICE:  relation "streams_habitat_st_wsg_idx" already exists, skipping

NOTICE:  relation "streams_habitat_wct" already exists, skipping

NOTICE:  relation "streams_habitat_wct_wsg_idx" already exists, skipping

NOTICE:  relation "streams_habitat_ko" already exists, skipping

NOTICE:  relation "streams_habitat_ko_wsg_idx" already exists, skipping

NOTICE:  relation "streams_habitat_rb" already exists, skipping

NOTICE:  relation "streams_habitat_rb_wsg_idx" already exists, skipping

NOTICE:  relation "streams_habitat_gr" already exists, skipping

NOTICE:  relation "streams_habitat_gr_wsg_idx" already exists, skipping

NOTICE:  relation "barriers" already exists, skipping

NOTICE:  relation "barriers_wsg_idx" already exists, skipping

NOTICE:  relation "barriers_blocks_idx" already exists, skipping

NOTICE:  relation "barriers_source_idx" already exists, skipping

NOTICE:  relation "barriers_blk_drm_idx" already exists, skipping

NOTICE:  relation "barriers_geom_idx" already exists, skipping

NOTICE:  relation "barriers_wscode_gist_idx" already exists, skipping

NOTICE:  relation "barriers_wscode_btree_idx" already exists, skipping

NOTICE:  relation "barriers_localcode_gist_idx" already exists, skipping

NOTICE:  relation "barriers_localcode_btree_idx" already exists, skipping

NOTICE:  relation "barrier_overrides" already exists, skipping

NOTICE:  relation "barrier_overrides_wsg_idx" already exists, skipping

NOTICE:  relation "barrier_overrides_blk_drm_idx" already exists, skipping

NOTICE:  relation "streams_access" already exists, skipping

NOTICE:  relation "streams_access_wsg_idx" already exists, skipping

NOTICE:  relation "streams_mapping_code" already exists, skipping

NOTICE:  relation "streams_mapping_code_wsg_idx" already exists, skipping

NOTICE:  schema "score300_default_tuned" already exists, skipping

NOTICE:  relation "log" already exists, skipping

NOTICE:  column "run_id" of relation "log" already exists, skipping

NOTICE:  column "watershed_group_code" of relation "log" already exists, skipping

NOTICE:  column "date_start" of relation "log" already exists, skipping

NOTICE:  column "date_end" of relation "log" already exists, skipping

NOTICE:  column "run_uid" of relation "log" already exists, skipping

NOTICE:  column "run_label" of relation "log" already exists, skipping

NOTICE:  column "host" of relation "log" already exists, skipping

NOTICE:  column "config_name" of relation "log" already exists, skipping

NOTICE:  column "config_hash" of relation "log" already exists, skipping

NOTICE:  column "config_drift" of relation "log" already exists, skipping

NOTICE:  column "link_version" of relation "log" already exists, skipping

NOTICE:  column "link_sha" of relation "log" already exists, skipping

NOTICE:  column "link_dirty" of relation "log" already exists, skipping

NOTICE:  column "fresh_version" of relation "log" already exists, skipping

NOTICE:  column "fresh_sha" of relation "log" already exists, skipping

NOTICE:  column "fresh_dirty" of relation "log" already exists, skipping

NOTICE:  column "fresh_sha_source" of relation "log" already exists, skipping

NOTICE:  column "crate_version" of relation "log" already exists, skipping

NOTICE:  column "fwapg_sha" of relation "log" already exists, skipping

NOTICE:  column "bcfishobs_sha" of relation "log" already exists, skipping

NOTICE:  column "arg_dams" of relation "log" already exists, skipping

NOTICE:  column "arg_mapping_code" of relation "log" already exists, skipping

NOTICE:  column "arg_cleanup_working" of relation "log" already exists, skipping

NOTICE:  column "schema_persist" of relation "log" already exists, skipping

NOTICE:  column "species" of relation "log" already exists, skipping

NOTICE:  column "wsg_upstream" of relation "log" already exists, skipping

NOTICE:  column "bcfp_model_run_id" of relation "log" already exists, skipping

NOTICE:  column "bcfp_model_version" of relation "log" already exists, skipping

NOTICE:  column "bcfp_pin_source" of relation "log" already exists, skipping

NOTICE:  column "notes" of relation "log" already exists, skipping

NOTICE:  relation "log_recompute" already exists, skipping

NOTICE:  column "recompute_id" of relation "log_recompute" already exists, skipping

NOTICE:  column "watershed_group_code" of relation "log_recompute" already exists, skipping

NOTICE:  column "date_start" of relation "log_recompute" already exists, skipping

NOTICE:  column "date_end" of relation "log_recompute" already exists, skipping

NOTICE:  column "run_uid" of relation "log_recompute" already exists, skipping

NOTICE:  column "run_label" of relation "log_recompute" already exists, skipping

NOTICE:  column "host" of relation "log_recompute" already exists, skipping

NOTICE:  column "config_name" of relation "log_recompute" already exists, skipping

NOTICE:  column "config_hash" of relation "log_recompute" already exists, skipping

NOTICE:  column "link_version" of relation "log_recompute" already exists, skipping

NOTICE:  column "link_sha" of relation "log_recompute" already exists, skipping

NOTICE:  column "link_dirty" of relation "log_recompute" already exists, skipping

NOTICE:  column "fresh_version" of relation "log_recompute" already exists, skipping

NOTICE:  column "fresh_sha" of relation "log_recompute" already exists, skipping

NOTICE:  column "fresh_dirty" of relation "log_recompute" already exists, skipping

NOTICE:  column "fresh_sha_source" of relation "log_recompute" already exists, skipping

NOTICE:  column "crate_version" of relation "log_recompute" already exists, skipping

NOTICE:  column "fwapg_sha" of relation "log_recompute" already exists, skipping

NOTICE:  column "bcfishobs_sha" of relation "log_recompute" already exists, skipping

NOTICE:  column "schema_persist" of relation "log_recompute" already exists, skipping

NOTICE:  column "species" of relation "log_recompute" already exists, skipping

NOTICE:  column "views_prebuilt" of relation "log_recompute" already exists, skipping

NOTICE:  column "notes" of relation "log_recompute" already exists, skipping

NOTICE:  relation "log_input" already exists, skipping

NOTICE:  column "run_id" of relation "log_input" already exists, skipping

NOTICE:  column "watershed_group_code" of relation "log_input" already exists, skipping

NOTICE:  column "table_name" of relation "log_input" already exists, skipping

NOTICE:  column "row_count" of relation "log_input" already exists, skipping

NOTICE:  column "row_count_estimated" of relation "log_input" already exists, skipping

NOTICE:  column "size_bytes" of relation "log_input" already exists, skipping

NOTICE:  column "last_analyze" of relation "log_input" already exists, skipping

NOTICE:  column "source" of relation "log_input" already exists, skipping

NOTICE:  column "source_at" of relation "log_input" already exists, skipping

NOTICE:  relation "log_parameters_fresh" already exists, skipping

NOTICE:  column "config_hash" of relation "log_parameters_fresh" already exists, skipping

NOTICE:  column "species_code" of relation "log_parameters_fresh" already exists, skipping

NOTICE:  column "access_gradient_max" of relation "log_parameters_fresh" already exists, skipping

NOTICE:  column "spawn_gradient_min" of relation "log_parameters_fresh" already exists, skipping

NOTICE:  column "rear_gradient_min" of relation "log_parameters_fresh" already exists, skipping

NOTICE:  column "cluster_rearing" of relation "log_parameters_fresh" already exists, skipping

NOTICE:  column "cluster_direction" of relation "log_parameters_fresh" already exists, skipping

NOTICE:  column "cluster_bridge_gradient" of relation "log_parameters_fresh" already exists, skipping

NOTICE:  column "cluster_bridge_distance" of relation "log_parameters_fresh" already exists, skipping

NOTICE:  column "cluster_confluence_m" of relation "log_parameters_fresh" already exists, skipping

NOTICE:  column "cluster_spawning" of relation "log_parameters_fresh" already exists, skipping

NOTICE:  column "cluster_spawn_direction" of relation "log_parameters_fresh" already exists, skipping

NOTICE:  column "cluster_spawn_bridge_gradient" of relation "log_parameters_fresh" already exists, skipping

NOTICE:  column "cluster_spawn_bridge_distance" of relation "log_parameters_fresh" already exists, skipping

NOTICE:  column "cluster_spawn_confluence_m" of relation "log_parameters_fresh" already exists, skipping

NOTICE:  column "observation_threshold" of relation "log_parameters_fresh" already exists, skipping

NOTICE:  column "observation_date_min" of relation "log_parameters_fresh" already exists, skipping

NOTICE:  column "observation_buffer_m" of relation "log_parameters_fresh" already exists, skipping

NOTICE:  column "observation_species" of relation "log_parameters_fresh" already exists, skipping

NOTICE:  column "observation_control_apply" of relation "log_parameters_fresh" already exists, skipping

NOTICE:  relation "log_parameters_habitat_thresholds" already exists, skipping

NOTICE:  column "config_hash" of relation "log_parameters_habitat_thresholds" already exists, skipping

NOTICE:  column "species_code" of relation "log_parameters_habitat_thresholds" already exists, skipping

NOTICE:  column "spawn_gradient_max" of relation "log_parameters_habitat_thresholds" already exists, skipping

NOTICE:  column "spawn_channel_width_min" of relation "log_parameters_habitat_thresholds" already exists, skipping

NOTICE:  column "spawn_channel_width_max" of relation "log_parameters_habitat_thresholds" already exists, skipping

NOTICE:  column "spawn_mad_min" of relation "log_parameters_habitat_thresholds" already exists, skipping

NOTICE:  column "spawn_mad_max" of relation "log_parameters_habitat_thresholds" already exists, skipping

NOTICE:  column "rear_gradient_max" of relation "log_parameters_habitat_thresholds" already exists, skipping

NOTICE:  column "rear_channel_width_min" of relation "log_parameters_habitat_thresholds" already exists, skipping

NOTICE:  column "rear_channel_width_max" of relation "log_parameters_habitat_thresholds" already exists, skipping

NOTICE:  column "rear_mad_min" of relation "log_parameters_habitat_thresholds" already exists, skipping

NOTICE:  column "rear_mad_max" of relation "log_parameters_habitat_thresholds" already exists, skipping

NOTICE:  column "rear_lake_ha_min" of relation "log_parameters_habitat_thresholds" already exists, skipping

NOTICE:  column "spawn_edge_types" of relation "log_parameters_habitat_thresholds" already exists, skipping

NOTICE:  column "rear_edge_types" of relation "log_parameters_habitat_thresholds" already exists, skipping

NOTICE:  relation "log_dimensions" already exists, skipping

NOTICE:  column "config_hash" of relation "log_dimensions" already exists, skipping

NOTICE:  column "species" of relation "log_dimensions" already exists, skipping

NOTICE:  column "spawn_lake" of relation "log_dimensions" already exists, skipping

NOTICE:  column "spawn_stream" of relation "log_dimensions" already exists, skipping

NOTICE:  column "spawn_stream_in_waterbody" of relation "log_dimensions" already exists, skipping

NOTICE:  column "rear_lake" of relation "log_dimensions" already exists, skipping

NOTICE:  column "rear_lake_only" of relation "log_dimensions" already exists, skipping

NOTICE:  column "rear_lake_area_only" of relation "log_dimensions" already exists, skipping

NOTICE:  column "rear_no_fw" of relation "log_dimensions" already exists, skipping

NOTICE:  column "rear_stream" of relation "log_dimensions" already exists, skipping

NOTICE:  column "rear_stream_in_waterbody" of relation "log_dimensions" already exists, skipping

NOTICE:  column "rear_wetland" of relation "log_dimensions" already exists, skipping

NOTICE:  column "rear_wetland_polygon" of relation "log_dimensions" already exists, skipping

NOTICE:  column "rear_wetland_area_only" of relation "log_dimensions" already exists, skipping

NOTICE:  column "rear_all_edges" of relation "log_dimensions" already exists, skipping

NOTICE:  column "river_skip_cw_min" of relation "log_dimensions" already exists, skipping

NOTICE:  column "rear_stream_order_bypass" of relation "log_dimensions" already exists, skipping

NOTICE:  column "rear_stream_order_parent_min" of relation "log_dimensions" already exists, skipping

NOTICE:  column "rear_stream_order_child_min" of relation "log_dimensions" already exists, skipping

NOTICE:  column "rear_stream_order_child_max" of relation "log_dimensions" already exists, skipping

NOTICE:  column "rear_stream_order_distance_max" of relation "log_dimensions" already exists, skipping

NOTICE:  column "spawn_requires_connected" of relation "log_dimensions" already exists, skipping

NOTICE:  column "spawn_connected_distance_max" of relation "log_dimensions" already exists, skipping

NOTICE:  column "spawn_connected_direction" of relation "log_dimensions" already exists, skipping

NOTICE:  column "spawn_connected_gradient_max" of relation "log_dimensions" already exists, skipping

NOTICE:  column "spawn_connected_cw_min" of relation "log_dimensions" already exists, skipping

NOTICE:  column "spawn_connected_edge_types" of relation "log_dimensions" already exists, skipping

NOTICE:  column "spawn_connected_lake_adjacent" of relation "log_dimensions" already exists, skipping

NOTICE:  column "rear_requires_connected" of relation "log_dimensions" already exists, skipping

NOTICE:  column "rear_connected_distance_max" of relation "log_dimensions" already exists, skipping

NOTICE:  column "rear_lake_ha_min" of relation "log_dimensions" already exists, skipping

NOTICE:  column "rear_wetland_ha_min" of relation "log_dimensions" already exists, skipping

NOTICE:  column "notes" of relation "log_dimensions" already exists, skipping

NOTICE:  relation "log_wsg_date_idx" already exists, skipping

NOTICE:  relation "log_config_idx" already exists, skipping

NOTICE:  relation "log_input_rn_idx" already exists, skipping

NOTICE:  relation "log_run_uid_idx" already exists, skipping

NOTICE:  relation "log_rc_run_uid_idx" already exists, skipping

NOTICE:  relation "log_rc_wsg_date_idx" already exists, skipping

NOTICE:  table "barriers" does not exist, skipping

10:37:57 base SMAR done in 3.0 min
NOTICE:  schema "score300_default_tuned" already exists, skipping

NOTICE:  relation "log" already exists, skipping

NOTICE:  column "run_id" of relation "log" already exists, skipping

NOTICE:  column "watershed_group_code" of relation "log" already exists, skipping

NOTICE:  column "date_start" of relation "log" already exists, skipping

NOTICE:  column "date_end" of relation "log" already exists, skipping

NOTICE:  column "run_uid" of relation "log" already exists, skipping

NOTICE:  column "run_label" of relation "log" already exists, skipping

NOTICE:  column "host" of relation "log" already exists, skipping

NOTICE:  column "config_name" of relation "log" already exists, skipping

NOTICE:  column "config_hash" of relation "log" already exists, skipping

NOTICE:  column "config_drift" of relation "log" already exists, skipping

NOTICE:  column "link_version" of relation "log" already exists, skipping

NOTICE:  column "link_sha" of relation "log" already exists, skipping

NOTICE:  column "link_dirty" of relation "log" already exists, skipping

NOTICE:  column "fresh_version" of relation "log" already exists, skipping

NOTICE:  column "fresh_sha" of relation "log" already exists, skipping

NOTICE:  column "fresh_dirty" of relation "log" already exists, skipping

NOTICE:  column "fresh_sha_source" of relation "log" already exists, skipping

NOTICE:  column "crate_version" of relation "log" already exists, skipping

NOTICE:  column "fwapg_sha" of relation "log" already exists, skipping

NOTICE:  column "bcfishobs_sha" of relation "log" already exists, skipping

NOTICE:  column "arg_dams" of relation "log" already exists, skipping

NOTICE:  column "arg_mapping_code" of relation "log" already exists, skipping

NOTICE:  column "arg_cleanup_working" of relation "log" already exists, skipping

NOTICE:  column "schema_persist" of relation "log" already exists, skipping

NOTICE:  column "species" of relation "log" already exists, skipping

NOTICE:  column "wsg_upstream" of relation "log" already exists, skipping

NOTICE:  column "bcfp_model_run_id" of relation "log" already exists, skipping

NOTICE:  column "bcfp_model_version" of relation "log" already exists, skipping

NOTICE:  column "bcfp_pin_source" of relation "log" already exists, skipping

NOTICE:  column "notes" of relation "log" already exists, skipping

NOTICE:  relation "log_recompute" already exists, skipping

NOTICE:  column "recompute_id" of relation "log_recompute" already exists, skipping

NOTICE:  column "watershed_group_code" of relation "log_recompute" already exists, skipping

NOTICE:  column "date_start" of relation "log_recompute" already exists, skipping

NOTICE:  column "date_end" of relation "log_recompute" already exists, skipping

NOTICE:  column "run_uid" of relation "log_recompute" already exists, skipping

NOTICE:  column "run_label" of relation "log_recompute" already exists, skipping

NOTICE:  column "host" of relation "log_recompute" already exists, skipping

NOTICE:  column "config_name" of relation "log_recompute" already exists, skipping

NOTICE:  column "config_hash" of relation "log_recompute" already exists, skipping

NOTICE:  column "link_version" of relation "log_recompute" already exists, skipping

NOTICE:  column "link_sha" of relation "log_recompute" already exists, skipping

NOTICE:  column "link_dirty" of relation "log_recompute" already exists, skipping

NOTICE:  column "fresh_version" of relation "log_recompute" already exists, skipping

NOTICE:  column "fresh_sha" of relation "log_recompute" already exists, skipping

NOTICE:  column "fresh_dirty" of relation "log_recompute" already exists, skipping

NOTICE:  column "fresh_sha_source" of relation "log_recompute" already exists, skipping

NOTICE:  column "crate_version" of relation "log_recompute" already exists, skipping

NOTICE:  column "fwapg_sha" of relation "log_recompute" already exists, skipping

NOTICE:  column "bcfishobs_sha" of relation "log_recompute" already exists, skipping

NOTICE:  column "schema_persist" of relation "log_recompute" already exists, skipping

NOTICE:  column "species" of relation "log_recompute" already exists, skipping

NOTICE:  column "views_prebuilt" of relation "log_recompute" already exists, skipping

NOTICE:  column "notes" of relation "log_recompute" already exists, skipping

NOTICE:  relation "log_input" already exists, skipping

NOTICE:  column "run_id" of relation "log_input" already exists, skipping

NOTICE:  column "watershed_group_code" of relation "log_input" already exists, skipping

NOTICE:  column "table_name" of relation "log_input" already exists, skipping

NOTICE:  column "row_count" of relation "log_input" already exists, skipping

NOTICE:  column "row_count_estimated" of relation "log_input" already exists, skipping

NOTICE:  column "size_bytes" of relation "log_input" already exists, skipping

NOTICE:  column "last_analyze" of relation "log_input" already exists, skipping

NOTICE:  column "source" of relation "log_input" already exists, skipping

NOTICE:  column "source_at" of relation "log_input" already exists, skipping

NOTICE:  relation "log_parameters_fresh" already exists, skipping

NOTICE:  column "config_hash" of relation "log_parameters_fresh" already exists, skipping

NOTICE:  column "species_code" of relation "log_parameters_fresh" already exists, skipping

NOTICE:  column "access_gradient_max" of relation "log_parameters_fresh" already exists, skipping

NOTICE:  column "spawn_gradient_min" of relation "log_parameters_fresh" already exists, skipping

NOTICE:  column "rear_gradient_min" of relation "log_parameters_fresh" already exists, skipping

NOTICE:  column "cluster_rearing" of relation "log_parameters_fresh" already exists, skipping

NOTICE:  column "cluster_direction" of relation "log_parameters_fresh" already exists, skipping

NOTICE:  column "cluster_bridge_gradient" of relation "log_parameters_fresh" already exists, skipping

NOTICE:  column "cluster_bridge_distance" of relation "log_parameters_fresh" already exists, skipping

NOTICE:  column "cluster_confluence_m" of relation "log_parameters_fresh" already exists, skipping

NOTICE:  column "cluster_spawning" of relation "log_parameters_fresh" already exists, skipping

NOTICE:  column "cluster_spawn_direction" of relation "log_parameters_fresh" already exists, skipping

NOTICE:  column "cluster_spawn_bridge_gradient" of relation "log_parameters_fresh" already exists, skipping

NOTICE:  column "cluster_spawn_bridge_distance" of relation "log_parameters_fresh" already exists, skipping

NOTICE:  column "cluster_spawn_confluence_m" of relation "log_parameters_fresh" already exists, skipping

NOTICE:  column "observation_threshold" of relation "log_parameters_fresh" already exists, skipping

NOTICE:  column "observation_date_min" of relation "log_parameters_fresh" already exists, skipping

NOTICE:  column "observation_buffer_m" of relation "log_parameters_fresh" already exists, skipping

NOTICE:  column "observation_species" of relation "log_parameters_fresh" already exists, skipping

NOTICE:  column "observation_control_apply" of relation "log_parameters_fresh" already exists, skipping

NOTICE:  relation "log_parameters_habitat_thresholds" already exists, skipping

NOTICE:  column "config_hash" of relation "log_parameters_habitat_thresholds" already exists, skipping

NOTICE:  column "species_code" of relation "log_parameters_habitat_thresholds" already exists, skipping

NOTICE:  column "spawn_gradient_max" of relation "log_parameters_habitat_thresholds" already exists, skipping

NOTICE:  column "spawn_channel_width_min" of relation "log_parameters_habitat_thresholds" already exists, skipping

NOTICE:  column "spawn_channel_width_max" of relation "log_parameters_habitat_thresholds" already exists, skipping

NOTICE:  column "spawn_mad_min" of relation "log_parameters_habitat_thresholds" already exists, skipping

NOTICE:  column "spawn_mad_max" of relation "log_parameters_habitat_thresholds" already exists, skipping

NOTICE:  column "rear_gradient_max" of relation "log_parameters_habitat_thresholds" already exists, skipping

NOTICE:  column "rear_channel_width_min" of relation "log_parameters_habitat_thresholds" already exists, skipping

NOTICE:  column "rear_channel_width_max" of relation "log_parameters_habitat_thresholds" already exists, skipping

NOTICE:  column "rear_mad_min" of relation "log_parameters_habitat_thresholds" already exists, skipping

NOTICE:  column "rear_mad_max" of relation "log_parameters_habitat_thresholds" already exists, skipping

NOTICE:  column "rear_lake_ha_min" of relation "log_parameters_habitat_thresholds" already exists, skipping

NOTICE:  column "spawn_edge_types" of relation "log_parameters_habitat_thresholds" already exists, skipping

NOTICE:  column "rear_edge_types" of relation "log_parameters_habitat_thresholds" already exists, skipping

NOTICE:  relation "log_dimensions" already exists, skipping

NOTICE:  column "config_hash" of relation "log_dimensions" already exists, skipping

NOTICE:  column "species" of relation "log_dimensions" already exists, skipping

NOTICE:  column "spawn_lake" of relation "log_dimensions" already exists, skipping

NOTICE:  column "spawn_stream" of relation "log_dimensions" already exists, skipping

NOTICE:  column "spawn_stream_in_waterbody" of relation "log_dimensions" already exists, skipping

NOTICE:  column "rear_lake" of relation "log_dimensions" already exists, skipping

NOTICE:  column "rear_lake_only" of relation "log_dimensions" already exists, skipping

NOTICE:  column "rear_lake_area_only" of relation "log_dimensions" already exists, skipping

NOTICE:  column "rear_no_fw" of relation "log_dimensions" already exists, skipping

NOTICE:  column "rear_stream" of relation "log_dimensions" already exists, skipping

NOTICE:  column "rear_stream_in_waterbody" of relation "log_dimensions" already exists, skipping

NOTICE:  column "rear_wetland" of relation "log_dimensions" already exists, skipping

NOTICE:  column "rear_wetland_polygon" of relation "log_dimensions" already exists, skipping

NOTICE:  column "rear_wetland_area_only" of relation "log_dimensions" already exists, skipping

NOTICE:  column "rear_all_edges" of relation "log_dimensions" already exists, skipping

NOTICE:  column "river_skip_cw_min" of relation "log_dimensions" already exists, skipping

NOTICE:  column "rear_stream_order_bypass" of relation "log_dimensions" already exists, skipping

NOTICE:  column "rear_stream_order_parent_min" of relation "log_dimensions" already exists, skipping

NOTICE:  column "rear_stream_order_child_min" of relation "log_dimensions" already exists, skipping

NOTICE:  column "rear_stream_order_child_max" of relation "log_dimensions" already exists, skipping

NOTICE:  column "rear_stream_order_distance_max" of relation "log_dimensions" already exists, skipping

NOTICE:  column "spawn_requires_connected" of relation "log_dimensions" already exists, skipping

NOTICE:  column "spawn_connected_distance_max" of relation "log_dimensions" already exists, skipping

NOTICE:  column "spawn_connected_direction" of relation "log_dimensions" already exists, skipping

NOTICE:  column "spawn_connected_gradient_max" of relation "log_dimensions" already exists, skipping

NOTICE:  column "spawn_connected_cw_min" of relation "log_dimensions" already exists, skipping

NOTICE:  column "spawn_connected_edge_types" of relation "log_dimensions" already exists, skipping

NOTICE:  column "spawn_connected_lake_adjacent" of relation "log_dimensions" already exists, skipping

NOTICE:  column "rear_requires_connected" of relation "log_dimensions" already exists, skipping

NOTICE:  column "rear_connected_distance_max" of relation "log_dimensions" already exists, skipping

NOTICE:  column "rear_lake_ha_min" of relation "log_dimensions" already exists, skipping

NOTICE:  column "rear_wetland_ha_min" of relation "log_dimensions" already exists, skipping

NOTICE:  column "notes" of relation "log_dimensions" already exists, skipping

NOTICE:  relation "log_wsg_date_idx" already exists, skipping

NOTICE:  relation "log_config_idx" already exists, skipping

NOTICE:  relation "log_input_rn_idx" already exists, skipping

NOTICE:  relation "log_run_uid_idx" already exists, skipping

NOTICE:  relation "log_rc_run_uid_idx" already exists, skipping

NOTICE:  relation "log_rc_wsg_date_idx" already exists, skipping

NOTICE:  schema "working_score300_kotr" does not exist, skipping

NOTICE:  schema "working_score300_kotr" does not exist, skipping

NOTICE:  schema "working_score300_kotr" does not exist, skipping

NOTICE:  schema "working_score300_kotr" does not exist, skipping

NOTICE:  schema "fresh" already exists, skipping

NOTICE:  table "barriers_definite" does not exist, skipping

NOTICE:  table "barriers_definite_control" does not exist, skipping

NOTICE:  table "observations" does not exist, skipping

NOTICE:  table "streams_blk" does not exist, skipping

NOTICE:  table "gradient_barriers_raw" does not exist, skipping

NOTICE:  table "natural_barriers" does not exist, skipping

NOTICE:  table "barrier_overrides" does not exist, skipping

NOTICE:  table "barriers_bt" does not exist, skipping

NOTICE:  table "barriers_ch" does not exist, skipping

NOTICE:  table "barriers_cm" does not exist, skipping

NOTICE:  table "barriers_co" does not exist, skipping

NOTICE:  table "barriers_pk" does not exist, skipping

NOTICE:  table "barriers_sk" does not exist, skipping

NOTICE:  table "barriers_st" does not exist, skipping

NOTICE:  table "barriers_wct" does not exist, skipping

NOTICE:  table "barriers_ko" does not exist, skipping

NOTICE:  table "barriers_rb" does not exist, skipping

NOTICE:  table "barriers_gr" does not exist, skipping

NOTICE:  table "gradient_barriers_minimal" does not exist, skipping

NOTICE:  table "streams" does not exist, skipping

NOTICE:  table "streams_habitat" does not exist, skipping

NOTICE:  table "cabd_exclusions" does not exist, skipping

NOTICE:  table "cabd_blkey_xref" does not exist, skipping

NOTICE:  table "cabd_passability_status_updates" does not exist, skipping

NOTICE:  table "cabd_additions" does not exist, skipping

NOTICE:  table "cabd_dams_raw" does not exist, skipping

NOTICE:  table "dams" does not exist, skipping

NOTICE:  table "pscis_modelledcrossings_streams_xref" does not exist, skipping

NOTICE:  table "pscis_stream_candidates" does not exist, skipping

NOTICE:  table "pscis_streams_150m" does not exist, skipping

NOTICE:  table "pscis_picked" does not exist, skipping

NOTICE:  table "pscis" does not exist, skipping

NOTICE:  table "crossings_lookup" does not exist, skipping

NOTICE:  table "barriers_anthropogenic" does not exist, skipping

NOTICE:  table "barriers_pscis" does not exist, skipping

NOTICE:  table "barriers_dams" does not exist, skipping

NOTICE:  table "barriers_remediations" does not exist, skipping

NOTICE:  table "observations_breaks" does not exist, skipping

NOTICE:  table "habitat_endpoints" does not exist, skipping

NOTICE:  table "crossings_breaks" does not exist, skipping

NOTICE:  table "streams_breaks" does not exist, skipping

NOTICE:  relation "streams_id_segment_idx" already exists, skipping

NOTICE:  table "streams_acc_02" does not exist, skipping

NOTICE:  table "streams_acc_025" does not exist, skipping

NOTICE:  table "streams_acc_025_ovr_bt" does not exist, skipping

NOTICE:  table "streams_acc_02_ovr_wct" does not exist, skipping

NOTICE:  table "frs_clusters_bt" does not exist, skipping

NOTICE:  table "frs_clusters_wct" does not exist, skipping

NOTICE:  schema "score300_default_tuned" already exists, skipping

NOTICE:  relation "streams" already exists, skipping

NOTICE:  relation "streams_wsg_idx" already exists, skipping

NOTICE:  relation "streams_blk_idx" already exists, skipping

NOTICE:  relation "streams_geom_idx" already exists, skipping

NOTICE:  relation "streams_wbk_idx" already exists, skipping

NOTICE:  relation "streams_wscode_gist_idx" already exists, skipping

NOTICE:  relation "streams_wscode_btree_idx" already exists, skipping

NOTICE:  relation "streams_localcode_gist_idx" already exists, skipping

NOTICE:  relation "streams_localcode_btree_idx" already exists, skipping

NOTICE:  relation "streams_habitat_bt" already exists, skipping

NOTICE:  relation "streams_habitat_bt_wsg_idx" already exists, skipping

NOTICE:  relation "streams_habitat_ch" already exists, skipping

NOTICE:  relation "streams_habitat_ch_wsg_idx" already exists, skipping

NOTICE:  relation "streams_habitat_cm" already exists, skipping

NOTICE:  relation "streams_habitat_cm_wsg_idx" already exists, skipping

NOTICE:  relation "streams_habitat_co" already exists, skipping

NOTICE:  relation "streams_habitat_co_wsg_idx" already exists, skipping

NOTICE:  relation "streams_habitat_pk" already exists, skipping

NOTICE:  relation "streams_habitat_pk_wsg_idx" already exists, skipping

NOTICE:  relation "streams_habitat_sk" already exists, skipping

NOTICE:  relation "streams_habitat_sk_wsg_idx" already exists, skipping

NOTICE:  relation "streams_habitat_st" already exists, skipping

NOTICE:  relation "streams_habitat_st_wsg_idx" already exists, skipping

NOTICE:  relation "streams_habitat_wct" already exists, skipping

NOTICE:  relation "streams_habitat_wct_wsg_idx" already exists, skipping

NOTICE:  relation "streams_habitat_ko" already exists, skipping

NOTICE:  relation "streams_habitat_ko_wsg_idx" already exists, skipping

NOTICE:  relation "streams_habitat_rb" already exists, skipping

NOTICE:  relation "streams_habitat_rb_wsg_idx" already exists, skipping

NOTICE:  relation "streams_habitat_gr" already exists, skipping

NOTICE:  relation "streams_habitat_gr_wsg_idx" already exists, skipping

NOTICE:  relation "barriers" already exists, skipping

NOTICE:  relation "barriers_wsg_idx" already exists, skipping

NOTICE:  relation "barriers_blocks_idx" already exists, skipping

NOTICE:  relation "barriers_source_idx" already exists, skipping

NOTICE:  relation "barriers_blk_drm_idx" already exists, skipping

NOTICE:  relation "barriers_geom_idx" already exists, skipping

NOTICE:  relation "barriers_wscode_gist_idx" already exists, skipping

NOTICE:  relation "barriers_wscode_btree_idx" already exists, skipping

NOTICE:  relation "barriers_localcode_gist_idx" already exists, skipping

NOTICE:  relation "barriers_localcode_btree_idx" already exists, skipping

NOTICE:  relation "barrier_overrides" already exists, skipping

NOTICE:  relation "barrier_overrides_wsg_idx" already exists, skipping

NOTICE:  relation "barrier_overrides_blk_drm_idx" already exists, skipping

NOTICE:  relation "streams_access" already exists, skipping

NOTICE:  relation "streams_access_wsg_idx" already exists, skipping

NOTICE:  relation "streams_mapping_code" already exists, skipping

NOTICE:  relation "streams_mapping_code_wsg_idx" already exists, skipping

NOTICE:  schema "score300_default_tuned" already exists, skipping

NOTICE:  relation "log" already exists, skipping

NOTICE:  column "run_id" of relation "log" already exists, skipping

NOTICE:  column "watershed_group_code" of relation "log" already exists, skipping

NOTICE:  column "date_start" of relation "log" already exists, skipping

NOTICE:  column "date_end" of relation "log" already exists, skipping

NOTICE:  column "run_uid" of relation "log" already exists, skipping

NOTICE:  column "run_label" of relation "log" already exists, skipping

NOTICE:  column "host" of relation "log" already exists, skipping

NOTICE:  column "config_name" of relation "log" already exists, skipping

NOTICE:  column "config_hash" of relation "log" already exists, skipping

NOTICE:  column "config_drift" of relation "log" already exists, skipping

NOTICE:  column "link_version" of relation "log" already exists, skipping

NOTICE:  column "link_sha" of relation "log" already exists, skipping

NOTICE:  column "link_dirty" of relation "log" already exists, skipping

NOTICE:  column "fresh_version" of relation "log" already exists, skipping

NOTICE:  column "fresh_sha" of relation "log" already exists, skipping

NOTICE:  column "fresh_dirty" of relation "log" already exists, skipping

NOTICE:  column "fresh_sha_source" of relation "log" already exists, skipping

NOTICE:  column "crate_version" of relation "log" already exists, skipping

NOTICE:  column "fwapg_sha" of relation "log" already exists, skipping

NOTICE:  column "bcfishobs_sha" of relation "log" already exists, skipping

NOTICE:  column "arg_dams" of relation "log" already exists, skipping

NOTICE:  column "arg_mapping_code" of relation "log" already exists, skipping

NOTICE:  column "arg_cleanup_working" of relation "log" already exists, skipping

NOTICE:  column "schema_persist" of relation "log" already exists, skipping

NOTICE:  column "species" of relation "log" already exists, skipping

NOTICE:  column "wsg_upstream" of relation "log" already exists, skipping

NOTICE:  column "bcfp_model_run_id" of relation "log" already exists, skipping

NOTICE:  column "bcfp_model_version" of relation "log" already exists, skipping

NOTICE:  column "bcfp_pin_source" of relation "log" already exists, skipping

NOTICE:  column "notes" of relation "log" already exists, skipping

NOTICE:  relation "log_recompute" already exists, skipping

NOTICE:  column "recompute_id" of relation "log_recompute" already exists, skipping

NOTICE:  column "watershed_group_code" of relation "log_recompute" already exists, skipping

NOTICE:  column "date_start" of relation "log_recompute" already exists, skipping

NOTICE:  column "date_end" of relation "log_recompute" already exists, skipping

NOTICE:  column "run_uid" of relation "log_recompute" already exists, skipping

NOTICE:  column "run_label" of relation "log_recompute" already exists, skipping

NOTICE:  column "host" of relation "log_recompute" already exists, skipping

NOTICE:  column "config_name" of relation "log_recompute" already exists, skipping

NOTICE:  column "config_hash" of relation "log_recompute" already exists, skipping

NOTICE:  column "link_version" of relation "log_recompute" already exists, skipping

NOTICE:  column "link_sha" of relation "log_recompute" already exists, skipping

NOTICE:  column "link_dirty" of relation "log_recompute" already exists, skipping

NOTICE:  column "fresh_version" of relation "log_recompute" already exists, skipping

NOTICE:  column "fresh_sha" of relation "log_recompute" already exists, skipping

NOTICE:  column "fresh_dirty" of relation "log_recompute" already exists, skipping

NOTICE:  column "fresh_sha_source" of relation "log_recompute" already exists, skipping

NOTICE:  column "crate_version" of relation "log_recompute" already exists, skipping

NOTICE:  column "fwapg_sha" of relation "log_recompute" already exists, skipping

NOTICE:  column "bcfishobs_sha" of relation "log_recompute" already exists, skipping

NOTICE:  column "schema_persist" of relation "log_recompute" already exists, skipping

NOTICE:  column "species" of relation "log_recompute" already exists, skipping

NOTICE:  column "views_prebuilt" of relation "log_recompute" already exists, skipping

NOTICE:  column "notes" of relation "log_recompute" already exists, skipping

NOTICE:  relation "log_input" already exists, skipping

NOTICE:  column "run_id" of relation "log_input" already exists, skipping

NOTICE:  column "watershed_group_code" of relation "log_input" already exists, skipping

NOTICE:  column "table_name" of relation "log_input" already exists, skipping

NOTICE:  column "row_count" of relation "log_input" already exists, skipping

NOTICE:  column "row_count_estimated" of relation "log_input" already exists, skipping

NOTICE:  column "size_bytes" of relation "log_input" already exists, skipping

NOTICE:  column "last_analyze" of relation "log_input" already exists, skipping

NOTICE:  column "source" of relation "log_input" already exists, skipping

NOTICE:  column "source_at" of relation "log_input" already exists, skipping

NOTICE:  relation "log_parameters_fresh" already exists, skipping

NOTICE:  column "config_hash" of relation "log_parameters_fresh" already exists, skipping

NOTICE:  column "species_code" of relation "log_parameters_fresh" already exists, skipping

NOTICE:  column "access_gradient_max" of relation "log_parameters_fresh" already exists, skipping

NOTICE:  column "spawn_gradient_min" of relation "log_parameters_fresh" already exists, skipping

NOTICE:  column "rear_gradient_min" of relation "log_parameters_fresh" already exists, skipping

NOTICE:  column "cluster_rearing" of relation "log_parameters_fresh" already exists, skipping

NOTICE:  column "cluster_direction" of relation "log_parameters_fresh" already exists, skipping

NOTICE:  column "cluster_bridge_gradient" of relation "log_parameters_fresh" already exists, skipping

NOTICE:  column "cluster_bridge_distance" of relation "log_parameters_fresh" already exists, skipping

NOTICE:  column "cluster_confluence_m" of relation "log_parameters_fresh" already exists, skipping

NOTICE:  column "cluster_spawning" of relation "log_parameters_fresh" already exists, skipping

NOTICE:  column "cluster_spawn_direction" of relation "log_parameters_fresh" already exists, skipping

NOTICE:  column "cluster_spawn_bridge_gradient" of relation "log_parameters_fresh" already exists, skipping

NOTICE:  column "cluster_spawn_bridge_distance" of relation "log_parameters_fresh" already exists, skipping

NOTICE:  column "cluster_spawn_confluence_m" of relation "log_parameters_fresh" already exists, skipping

NOTICE:  column "observation_threshold" of relation "log_parameters_fresh" already exists, skipping

NOTICE:  column "observation_date_min" of relation "log_parameters_fresh" already exists, skipping

NOTICE:  column "observation_buffer_m" of relation "log_parameters_fresh" already exists, skipping

NOTICE:  column "observation_species" of relation "log_parameters_fresh" already exists, skipping

NOTICE:  column "observation_control_apply" of relation "log_parameters_fresh" already exists, skipping

NOTICE:  relation "log_parameters_habitat_thresholds" already exists, skipping

NOTICE:  column "config_hash" of relation "log_parameters_habitat_thresholds" already exists, skipping

NOTICE:  column "species_code" of relation "log_parameters_habitat_thresholds" already exists, skipping

NOTICE:  column "spawn_gradient_max" of relation "log_parameters_habitat_thresholds" already exists, skipping

NOTICE:  column "spawn_channel_width_min" of relation "log_parameters_habitat_thresholds" already exists, skipping

NOTICE:  column "spawn_channel_width_max" of relation "log_parameters_habitat_thresholds" already exists, skipping

NOTICE:  column "spawn_mad_min" of relation "log_parameters_habitat_thresholds" already exists, skipping

NOTICE:  column "spawn_mad_max" of relation "log_parameters_habitat_thresholds" already exists, skipping

NOTICE:  column "rear_gradient_max" of relation "log_parameters_habitat_thresholds" already exists, skipping

NOTICE:  column "rear_channel_width_min" of relation "log_parameters_habitat_thresholds" already exists, skipping

NOTICE:  column "rear_channel_width_max" of relation "log_parameters_habitat_thresholds" already exists, skipping

NOTICE:  column "rear_mad_min" of relation "log_parameters_habitat_thresholds" already exists, skipping

NOTICE:  column "rear_mad_max" of relation "log_parameters_habitat_thresholds" already exists, skipping

NOTICE:  column "rear_lake_ha_min" of relation "log_parameters_habitat_thresholds" already exists, skipping

NOTICE:  column "spawn_edge_types" of relation "log_parameters_habitat_thresholds" already exists, skipping

NOTICE:  column "rear_edge_types" of relation "log_parameters_habitat_thresholds" already exists, skipping

NOTICE:  relation "log_dimensions" already exists, skipping

NOTICE:  column "config_hash" of relation "log_dimensions" already exists, skipping

NOTICE:  column "species" of relation "log_dimensions" already exists, skipping

NOTICE:  column "spawn_lake" of relation "log_dimensions" already exists, skipping

NOTICE:  column "spawn_stream" of relation "log_dimensions" already exists, skipping

NOTICE:  column "spawn_stream_in_waterbody" of relation "log_dimensions" already exists, skipping

NOTICE:  column "rear_lake" of relation "log_dimensions" already exists, skipping

NOTICE:  column "rear_lake_only" of relation "log_dimensions" already exists, skipping

NOTICE:  column "rear_lake_area_only" of relation "log_dimensions" already exists, skipping

NOTICE:  column "rear_no_fw" of relation "log_dimensions" already exists, skipping

NOTICE:  column "rear_stream" of relation "log_dimensions" already exists, skipping

NOTICE:  column "rear_stream_in_waterbody" of relation "log_dimensions" already exists, skipping

NOTICE:  column "rear_wetland" of relation "log_dimensions" already exists, skipping

NOTICE:  column "rear_wetland_polygon" of relation "log_dimensions" already exists, skipping

NOTICE:  column "rear_wetland_area_only" of relation "log_dimensions" already exists, skipping

NOTICE:  column "rear_all_edges" of relation "log_dimensions" already exists, skipping

NOTICE:  column "river_skip_cw_min" of relation "log_dimensions" already exists, skipping

NOTICE:  column "rear_stream_order_bypass" of relation "log_dimensions" already exists, skipping

NOTICE:  column "rear_stream_order_parent_min" of relation "log_dimensions" already exists, skipping

NOTICE:  column "rear_stream_order_child_min" of relation "log_dimensions" already exists, skipping

NOTICE:  column "rear_stream_order_child_max" of relation "log_dimensions" already exists, skipping

NOTICE:  column "rear_stream_order_distance_max" of relation "log_dimensions" already exists, skipping

NOTICE:  column "spawn_requires_connected" of relation "log_dimensions" already exists, skipping

NOTICE:  column "spawn_connected_distance_max" of relation "log_dimensions" already exists, skipping

NOTICE:  column "spawn_connected_direction" of relation "log_dimensions" already exists, skipping

NOTICE:  column "spawn_connected_gradient_max" of relation "log_dimensions" already exists, skipping

NOTICE:  column "spawn_connected_cw_min" of relation "log_dimensions" already exists, skipping

NOTICE:  column "spawn_connected_edge_types" of relation "log_dimensions" already exists, skipping

NOTICE:  column "spawn_connected_lake_adjacent" of relation "log_dimensions" already exists, skipping

NOTICE:  column "rear_requires_connected" of relation "log_dimensions" already exists, skipping

NOTICE:  column "rear_connected_distance_max" of relation "log_dimensions" already exists, skipping

NOTICE:  column "rear_lake_ha_min" of relation "log_dimensions" already exists, skipping

NOTICE:  column "rear_wetland_ha_min" of relation "log_dimensions" already exists, skipping

NOTICE:  column "notes" of relation "log_dimensions" already exists, skipping

NOTICE:  relation "log_wsg_date_idx" already exists, skipping

NOTICE:  relation "log_config_idx" already exists, skipping

NOTICE:  relation "log_input_rn_idx" already exists, skipping

NOTICE:  relation "log_run_uid_idx" already exists, skipping

NOTICE:  relation "log_rc_run_uid_idx" already exists, skipping

NOTICE:  relation "log_rc_wsg_date_idx" already exists, skipping

NOTICE:  table "barriers" does not exist, skipping

10:40:51 base KOTR done in 2.9 min
10:40:51 base PARS: already persisted, skipped
NOTICE:  table "zz_lnk_streams_revl" does not exist, skipping

10:41:34 recompute REVL: streams_access unchanged
NOTICE:  table "zz_lnk_streams_elkr" does not exist, skipping

10:42:21 recompute ELKR: streams_access unchanged
NOTICE:  table "zz_lnk_streams_kotr" does not exist, skipping

10:43:02 recompute KOTR: streams_access unchanged
NOTICE:  table "zz_lnk_streams_uarl" does not exist, skipping

10:43:41 recompute UARL: streams_access unchanged
NOTICE:  table "zz_lnk_streams_murr" does not exist, skipping

10:44:05 recompute MURR: streams_access unchanged
NOTICE:  table "zz_lnk_streams_ubtn" does not exist, skipping

10:44:14 recompute UBTN: streams_access unchanged
NOTICE:  table "zz_lnk_streams_lhaf" does not exist, skipping

10:44:35 recompute LHAF: streams_access unchanged
NOTICE:  table "zz_lnk_streams_pars" does not exist, skipping

10:45:49 recompute PARS: streams_access unchanged
NOTICE:  table "zz_lnk_streams_kotl" does not exist, skipping

10:46:48 recompute KOTL: streams_access unchanged
NOTICE:  table "zz_lnk_streams_siml" does not exist, skipping

10:47:08 recompute SIML: streams_access unchanged
NOTICE:  table "zz_lnk_streams_okan" does not exist, skipping

10:47:41 recompute OKAN: streams_access unchanged
NOTICE:  table "zz_lnk_streams_ketl" does not exist, skipping

10:48:07 recompute KETL: streams_access CHANGED
There were 50 or more warnings (use warnings() to see the first 50)
10:48:07 variant default_tuned into score300_default_tuned (REVL,ELKR,KOTR,UARL,MURR,UBTN,LHAF,PARS,KOTL,SIML,OKAN,KETL)
NOTICE:  schema "score300_default_tuned" already exists, skipping

NOTICE:  relation "streams" already exists, skipping

NOTICE:  relation "streams_wsg_idx" already exists, skipping

NOTICE:  relation "streams_blk_idx" already exists, skipping

NOTICE:  relation "streams_geom_idx" already exists, skipping

NOTICE:  relation "streams_wbk_idx" already exists, skipping

NOTICE:  relation "streams_wscode_gist_idx" already exists, skipping

NOTICE:  relation "streams_wscode_btree_idx" already exists, skipping

NOTICE:  relation "streams_localcode_gist_idx" already exists, skipping

NOTICE:  relation "streams_localcode_btree_idx" already exists, skipping

NOTICE:  relation "streams_habitat_bt" already exists, skipping

NOTICE:  relation "streams_habitat_bt_wsg_idx" already exists, skipping

NOTICE:  relation "streams_habitat_ch" already exists, skipping

NOTICE:  relation "streams_habitat_ch_wsg_idx" already exists, skipping

NOTICE:  relation "streams_habitat_cm" already exists, skipping

NOTICE:  relation "streams_habitat_cm_wsg_idx" already exists, skipping

NOTICE:  relation "streams_habitat_co" already exists, skipping

NOTICE:  relation "streams_habitat_co_wsg_idx" already exists, skipping

NOTICE:  relation "streams_habitat_pk" already exists, skipping

NOTICE:  relation "streams_habitat_pk_wsg_idx" already exists, skipping

NOTICE:  relation "streams_habitat_sk" already exists, skipping

NOTICE:  relation "streams_habitat_sk_wsg_idx" already exists, skipping

NOTICE:  relation "streams_habitat_st" already exists, skipping

NOTICE:  relation "streams_habitat_st_wsg_idx" already exists, skipping

NOTICE:  relation "streams_habitat_wct" already exists, skipping

NOTICE:  relation "streams_habitat_wct_wsg_idx" already exists, skipping

NOTICE:  relation "streams_habitat_ko" already exists, skipping

NOTICE:  relation "streams_habitat_ko_wsg_idx" already exists, skipping

NOTICE:  relation "streams_habitat_rb" already exists, skipping

NOTICE:  relation "streams_habitat_rb_wsg_idx" already exists, skipping

NOTICE:  relation "streams_habitat_gr" already exists, skipping

NOTICE:  relation "streams_habitat_gr_wsg_idx" already exists, skipping

NOTICE:  relation "barriers" already exists, skipping

NOTICE:  relation "barriers_wsg_idx" already exists, skipping

NOTICE:  relation "barriers_blocks_idx" already exists, skipping

NOTICE:  relation "barriers_source_idx" already exists, skipping

NOTICE:  relation "barriers_blk_drm_idx" already exists, skipping

NOTICE:  relation "barriers_geom_idx" already exists, skipping

NOTICE:  relation "barriers_wscode_gist_idx" already exists, skipping

NOTICE:  relation "barriers_wscode_btree_idx" already exists, skipping

NOTICE:  relation "barriers_localcode_gist_idx" already exists, skipping

NOTICE:  relation "barriers_localcode_btree_idx" already exists, skipping

NOTICE:  relation "barrier_overrides" already exists, skipping

NOTICE:  relation "barrier_overrides_wsg_idx" already exists, skipping

NOTICE:  relation "barrier_overrides_blk_drm_idx" already exists, skipping

NOTICE:  relation "streams_access" already exists, skipping

NOTICE:  relation "streams_access_wsg_idx" already exists, skipping

NOTICE:  relation "streams_mapping_code" already exists, skipping

NOTICE:  relation "streams_mapping_code_wsg_idx" already exists, skipping

NOTICE:  schema "score300_default_tuned" already exists, skipping

NOTICE:  relation "log" already exists, skipping

NOTICE:  column "run_id" of relation "log" already exists, skipping

NOTICE:  column "watershed_group_code" of relation "log" already exists, skipping

NOTICE:  column "date_start" of relation "log" already exists, skipping

NOTICE:  column "date_end" of relation "log" already exists, skipping

NOTICE:  column "run_uid" of relation "log" already exists, skipping

NOTICE:  column "run_label" of relation "log" already exists, skipping

NOTICE:  column "host" of relation "log" already exists, skipping

NOTICE:  column "config_name" of relation "log" already exists, skipping

NOTICE:  column "config_hash" of relation "log" already exists, skipping

NOTICE:  column "config_drift" of relation "log" already exists, skipping

NOTICE:  column "link_version" of relation "log" already exists, skipping

NOTICE:  column "link_sha" of relation "log" already exists, skipping

NOTICE:  column "link_dirty" of relation "log" already exists, skipping

NOTICE:  column "fresh_version" of relation "log" already exists, skipping

NOTICE:  column "fresh_sha" of relation "log" already exists, skipping

NOTICE:  column "fresh_dirty" of relation "log" already exists, skipping

NOTICE:  column "fresh_sha_source" of relation "log" already exists, skipping

NOTICE:  column "crate_version" of relation "log" already exists, skipping

NOTICE:  column "fwapg_sha" of relation "log" already exists, skipping

NOTICE:  column "bcfishobs_sha" of relation "log" already exists, skipping

NOTICE:  column "arg_dams" of relation "log" already exists, skipping

NOTICE:  column "arg_mapping_code" of relation "log" already exists, skipping

NOTICE:  column "arg_cleanup_working" of relation "log" already exists, skipping

NOTICE:  column "schema_persist" of relation "log" already exists, skipping

NOTICE:  column "species" of relation "log" already exists, skipping

NOTICE:  column "wsg_upstream" of relation "log" already exists, skipping

NOTICE:  column "bcfp_model_run_id" of relation "log" already exists, skipping

NOTICE:  column "bcfp_model_version" of relation "log" already exists, skipping

NOTICE:  column "bcfp_pin_source" of relation "log" already exists, skipping

NOTICE:  column "notes" of relation "log" already exists, skipping

NOTICE:  relation "log_recompute" already exists, skipping

NOTICE:  column "recompute_id" of relation "log_recompute" already exists, skipping

NOTICE:  column "watershed_group_code" of relation "log_recompute" already exists, skipping

NOTICE:  column "date_start" of relation "log_recompute" already exists, skipping

NOTICE:  column "date_end" of relation "log_recompute" already exists, skipping

NOTICE:  column "run_uid" of relation "log_recompute" already exists, skipping

NOTICE:  column "run_label" of relation "log_recompute" already exists, skipping

NOTICE:  column "host" of relation "log_recompute" already exists, skipping

NOTICE:  column "config_name" of relation "log_recompute" already exists, skipping

NOTICE:  column "config_hash" of relation "log_recompute" already exists, skipping

NOTICE:  column "link_version" of relation "log_recompute" already exists, skipping

NOTICE:  column "link_sha" of relation "log_recompute" already exists, skipping

NOTICE:  column "link_dirty" of relation "log_recompute" already exists, skipping

NOTICE:  column "fresh_version" of relation "log_recompute" already exists, skipping

NOTICE:  column "fresh_sha" of relation "log_recompute" already exists, skipping

NOTICE:  column "fresh_dirty" of relation "log_recompute" already exists, skipping

NOTICE:  column "fresh_sha_source" of relation "log_recompute" already exists, skipping

NOTICE:  column "crate_version" of relation "log_recompute" already exists, skipping

NOTICE:  column "fwapg_sha" of relation "log_recompute" already exists, skipping

NOTICE:  column "bcfishobs_sha" of relation "log_recompute" already exists, skipping

NOTICE:  column "schema_persist" of relation "log_recompute" already exists, skipping

NOTICE:  column "species" of relation "log_recompute" already exists, skipping

NOTICE:  column "views_prebuilt" of relation "log_recompute" already exists, skipping

NOTICE:  column "notes" of relation "log_recompute" already exists, skipping

NOTICE:  relation "log_input" already exists, skipping

NOTICE:  column "run_id" of relation "log_input" already exists, skipping

NOTICE:  column "watershed_group_code" of relation "log_input" already exists, skipping

NOTICE:  column "table_name" of relation "log_input" already exists, skipping

NOTICE:  column "row_count" of relation "log_input" already exists, skipping

NOTICE:  column "row_count_estimated" of relation "log_input" already exists, skipping

NOTICE:  column "size_bytes" of relation "log_input" already exists, skipping

NOTICE:  column "last_analyze" of relation "log_input" already exists, skipping

NOTICE:  column "source" of relation "log_input" already exists, skipping

NOTICE:  column "source_at" of relation "log_input" already exists, skipping

NOTICE:  relation "log_parameters_fresh" already exists, skipping

NOTICE:  column "config_hash" of relation "log_parameters_fresh" already exists, skipping

NOTICE:  column "species_code" of relation "log_parameters_fresh" already exists, skipping

NOTICE:  column "access_gradient_max" of relation "log_parameters_fresh" already exists, skipping

NOTICE:  column "spawn_gradient_min" of relation "log_parameters_fresh" already exists, skipping

NOTICE:  column "rear_gradient_min" of relation "log_parameters_fresh" already exists, skipping

NOTICE:  column "cluster_rearing" of relation "log_parameters_fresh" already exists, skipping

NOTICE:  column "cluster_direction" of relation "log_parameters_fresh" already exists, skipping

NOTICE:  column "cluster_bridge_gradient" of relation "log_parameters_fresh" already exists, skipping

NOTICE:  column "cluster_bridge_distance" of relation "log_parameters_fresh" already exists, skipping

NOTICE:  column "cluster_confluence_m" of relation "log_parameters_fresh" already exists, skipping

NOTICE:  column "cluster_spawning" of relation "log_parameters_fresh" already exists, skipping

NOTICE:  column "cluster_spawn_direction" of relation "log_parameters_fresh" already exists, skipping

NOTICE:  column "cluster_spawn_bridge_gradient" of relation "log_parameters_fresh" already exists, skipping

NOTICE:  column "cluster_spawn_bridge_distance" of relation "log_parameters_fresh" already exists, skipping

NOTICE:  column "cluster_spawn_confluence_m" of relation "log_parameters_fresh" already exists, skipping

NOTICE:  column "observation_threshold" of relation "log_parameters_fresh" already exists, skipping

NOTICE:  column "observation_date_min" of relation "log_parameters_fresh" already exists, skipping

NOTICE:  column "observation_buffer_m" of relation "log_parameters_fresh" already exists, skipping

NOTICE:  column "observation_species" of relation "log_parameters_fresh" already exists, skipping

NOTICE:  column "observation_control_apply" of relation "log_parameters_fresh" already exists, skipping

NOTICE:  relation "log_parameters_habitat_thresholds" already exists, skipping

NOTICE:  column "config_hash" of relation "log_parameters_habitat_thresholds" already exists, skipping

NOTICE:  column "species_code" of relation "log_parameters_habitat_thresholds" already exists, skipping

NOTICE:  column "spawn_gradient_max" of relation "log_parameters_habitat_thresholds" already exists, skipping

NOTICE:  column "spawn_channel_width_min" of relation "log_parameters_habitat_thresholds" already exists, skipping

NOTICE:  column "spawn_channel_width_max" of relation "log_parameters_habitat_thresholds" already exists, skipping

NOTICE:  column "spawn_mad_min" of relation "log_parameters_habitat_thresholds" already exists, skipping

NOTICE:  column "spawn_mad_max" of relation "log_parameters_habitat_thresholds" already exists, skipping

NOTICE:  column "rear_gradient_max" of relation "log_parameters_habitat_thresholds" already exists, skipping

NOTICE:  column "rear_channel_width_min" of relation "log_parameters_habitat_thresholds" already exists, skipping

NOTICE:  column "rear_channel_width_max" of relation "log_parameters_habitat_thresholds" already exists, skipping

NOTICE:  column "rear_mad_min" of relation "log_parameters_habitat_thresholds" already exists, skipping

NOTICE:  column "rear_mad_max" of relation "log_parameters_habitat_thresholds" already exists, skipping

NOTICE:  column "rear_lake_ha_min" of relation "log_parameters_habitat_thresholds" already exists, skipping

NOTICE:  column "spawn_edge_types" of relation "log_parameters_habitat_thresholds" already exists, skipping

NOTICE:  column "rear_edge_types" of relation "log_parameters_habitat_thresholds" already exists, skipping

NOTICE:  relation "log_dimensions" already exists, skipping

NOTICE:  column "config_hash" of relation "log_dimensions" already exists, skipping

NOTICE:  column "species" of relation "log_dimensions" already exists, skipping

NOTICE:  column "spawn_lake" of relation "log_dimensions" already exists, skipping

NOTICE:  column "spawn_stream" of relation "log_dimensions" already exists, skipping

NOTICE:  column "spawn_stream_in_waterbody" of relation "log_dimensions" already exists, skipping

NOTICE:  column "rear_lake" of relation "log_dimensions" already exists, skipping

NOTICE:  column "rear_lake_only" of relation "log_dimensions" already exists, skipping

NOTICE:  column "rear_lake_area_only" of relation "log_dimensions" already exists, skipping

NOTICE:  column "rear_no_fw" of relation "log_dimensions" already exists, skipping

NOTICE:  column "rear_stream" of relation "log_dimensions" already exists, skipping

NOTICE:  column "rear_stream_in_waterbody" of relation "log_dimensions" already exists, skipping

NOTICE:  column "rear_wetland" of relation "log_dimensions" already exists, skipping

NOTICE:  column "rear_wetland_polygon" of relation "log_dimensions" already exists, skipping

NOTICE:  column "rear_wetland_area_only" of relation "log_dimensions" already exists, skipping

NOTICE:  column "rear_all_edges" of relation "log_dimensions" already exists, skipping

NOTICE:  column "river_skip_cw_min" of relation "log_dimensions" already exists, skipping

NOTICE:  column "rear_stream_order_bypass" of relation "log_dimensions" already exists, skipping

NOTICE:  column "rear_stream_order_parent_min" of relation "log_dimensions" already exists, skipping

NOTICE:  column "rear_stream_order_child_min" of relation "log_dimensions" already exists, skipping

NOTICE:  column "rear_stream_order_child_max" of relation "log_dimensions" already exists, skipping

NOTICE:  column "rear_stream_order_distance_max" of relation "log_dimensions" already exists, skipping

NOTICE:  column "spawn_requires_connected" of relation "log_dimensions" already exists, skipping

NOTICE:  column "spawn_connected_distance_max" of relation "log_dimensions" already exists, skipping

NOTICE:  column "spawn_connected_direction" of relation "log_dimensions" already exists, skipping

NOTICE:  column "spawn_connected_gradient_max" of relation "log_dimensions" already exists, skipping

NOTICE:  column "spawn_connected_cw_min" of relation "log_dimensions" already exists, skipping

NOTICE:  column "spawn_connected_edge_types" of relation "log_dimensions" already exists, skipping

NOTICE:  column "spawn_connected_lake_adjacent" of relation "log_dimensions" already exists, skipping

NOTICE:  column "rear_requires_connected" of relation "log_dimensions" already exists, skipping

NOTICE:  column "rear_connected_distance_max" of relation "log_dimensions" already exists, skipping

NOTICE:  column "rear_lake_ha_min" of relation "log_dimensions" already exists, skipping

NOTICE:  column "rear_wetland_ha_min" of relation "log_dimensions" already exists, skipping

NOTICE:  column "notes" of relation "log_dimensions" already exists, skipping

NOTICE:  relation "log_wsg_date_idx" already exists, skipping

NOTICE:  relation "log_config_idx" already exists, skipping

NOTICE:  relation "log_input_rn_idx" already exists, skipping

NOTICE:  relation "log_run_uid_idx" already exists, skipping

NOTICE:  relation "log_rc_run_uid_idx" already exists, skipping

NOTICE:  relation "log_rc_wsg_date_idx" already exists, skipping

NOTICE:  relation "streams_blk_idx" already exists, skipping

NOTICE:  relation "streams_blk_drm_idx" already exists, skipping

NOTICE:  relation "streams_wscode_gist_idx" already exists, skipping

NOTICE:  relation "streams_wscode_btree_idx" already exists, skipping

NOTICE:  relation "streams_localcode_gist_idx" already exists, skipping

NOTICE:  relation "streams_localcode_btree_idx" already exists, skipping

NOTICE:  relation "streams_lfid_idx" already exists, skipping

NOTICE:  relation "streams_wsg_idx" already exists, skipping

NOTICE:  relation "streams_id_segment_idx" already exists, skipping

NOTICE:  relation "streams_habitat" already exists, skipping

NOTICE:  table "streams_acc_02" does not exist, skipping

NOTICE:  table "streams_acc_025" does not exist, skipping

NOTICE:  table "streams_acc_025_ovr_bt" does not exist, skipping

NOTICE:  table "streams_acc_02_ovr_wct" does not exist, skipping

NOTICE:  relation "streams_habitat_wsg_idx" already exists, skipping

NOTICE:  relation "streams_habitat_id_segment_idx" already exists, skipping

NOTICE:  relation "streams_habitat_species_code_idx" already exists, skipping

NOTICE:  table "frs_clusters_bt" does not exist, skipping

NOTICE:  table "frs_clusters_wct" does not exist, skipping

10:48:38 variant default_tuned REVL done in 0.5 min (habitat 33d2ef7c)
NOTICE:  relation "streams_blk_idx" already exists, skipping

NOTICE:  relation "streams_blk_drm_idx" already exists, skipping

NOTICE:  relation "streams_wscode_gist_idx" already exists, skipping

NOTICE:  relation "streams_wscode_btree_idx" already exists, skipping

NOTICE:  relation "streams_localcode_gist_idx" already exists, skipping

NOTICE:  relation "streams_localcode_btree_idx" already exists, skipping

NOTICE:  relation "streams_lfid_idx" already exists, skipping

NOTICE:  relation "streams_wsg_idx" already exists, skipping

NOTICE:  relation "streams_id_segment_idx" already exists, skipping

NOTICE:  relation "streams_habitat" already exists, skipping

NOTICE:  table "streams_acc_015" does not exist, skipping

NOTICE:  table "streams_acc_02" does not exist, skipping

NOTICE:  table "streams_acc_025" does not exist, skipping

NOTICE:  table "streams_acc_025_ovr_bt" does not exist, skipping

NOTICE:  table "streams_acc_02_ovr_wct" does not exist, skipping

NOTICE:  relation "streams_habitat_wsg_idx" already exists, skipping

NOTICE:  relation "streams_habitat_id_segment_idx" already exists, skipping

NOTICE:  relation "streams_habitat_species_code_idx" already exists, skipping

NOTICE:  table "frs_clusters_bt" does not exist, skipping

NOTICE:  table "frs_clusters_wct" does not exist, skipping

NOTICE:  table "frs_clusters_gr" does not exist, skipping

10:50:24 variant default_tuned ELKR done in 1.8 min (habitat c75d9f29)
NOTICE:  relation "streams_blk_idx" already exists, skipping

NOTICE:  relation "streams_blk_drm_idx" already exists, skipping

NOTICE:  relation "streams_wscode_gist_idx" already exists, skipping

NOTICE:  relation "streams_wscode_btree_idx" already exists, skipping

NOTICE:  relation "streams_localcode_gist_idx" already exists, skipping

NOTICE:  relation "streams_localcode_btree_idx" already exists, skipping

NOTICE:  relation "streams_lfid_idx" already exists, skipping

NOTICE:  relation "streams_wsg_idx" already exists, skipping

NOTICE:  relation "streams_id_segment_idx" already exists, skipping

NOTICE:  relation "streams_habitat" already exists, skipping

NOTICE:  table "streams_acc_02" does not exist, skipping

NOTICE:  table "streams_acc_025" does not exist, skipping

NOTICE:  table "streams_acc_025_ovr_bt" does not exist, skipping

NOTICE:  table "streams_acc_02_ovr_wct" does not exist, skipping

NOTICE:  relation "streams_habitat_wsg_idx" already exists, skipping

NOTICE:  relation "streams_habitat_id_segment_idx" already exists, skipping

NOTICE:  relation "streams_habitat_species_code_idx" already exists, skipping

NOTICE:  table "frs_clusters_bt" does not exist, skipping

NOTICE:  table "frs_clusters_wct" does not exist, skipping

10:51:27 variant default_tuned KOTR done in 1.0 min (habitat a18fbdeb)
NOTICE:  relation "streams_blk_idx" already exists, skipping

NOTICE:  relation "streams_blk_drm_idx" already exists, skipping

NOTICE:  relation "streams_wscode_gist_idx" already exists, skipping

NOTICE:  relation "streams_wscode_btree_idx" already exists, skipping

NOTICE:  relation "streams_localcode_gist_idx" already exists, skipping

NOTICE:  relation "streams_localcode_btree_idx" already exists, skipping

NOTICE:  relation "streams_lfid_idx" already exists, skipping

NOTICE:  relation "streams_wsg_idx" already exists, skipping

NOTICE:  relation "streams_id_segment_idx" already exists, skipping

NOTICE:  relation "streams_habitat" already exists, skipping

NOTICE:  table "streams_acc_02" does not exist, skipping

NOTICE:  table "streams_acc_025" does not exist, skipping

NOTICE:  table "streams_acc_025_ovr_bt" does not exist, skipping

NOTICE:  table "streams_acc_02_ovr_wct" does not exist, skipping

NOTICE:  relation "streams_habitat_wsg_idx" already exists, skipping

NOTICE:  relation "streams_habitat_id_segment_idx" already exists, skipping

NOTICE:  relation "streams_habitat_species_code_idx" already exists, skipping

NOTICE:  table "frs_clusters_bt" does not exist, skipping

NOTICE:  table "frs_clusters_wct" does not exist, skipping

10:51:59 variant default_tuned UARL done in 0.5 min (habitat b0b9f3cb)
NOTICE:  relation "streams_blk_idx" already exists, skipping

NOTICE:  relation "streams_blk_drm_idx" already exists, skipping

NOTICE:  relation "streams_wscode_gist_idx" already exists, skipping

NOTICE:  relation "streams_wscode_btree_idx" already exists, skipping

NOTICE:  relation "streams_localcode_gist_idx" already exists, skipping

NOTICE:  relation "streams_localcode_btree_idx" already exists, skipping

NOTICE:  relation "streams_lfid_idx" already exists, skipping

NOTICE:  relation "streams_wsg_idx" already exists, skipping

NOTICE:  relation "streams_id_segment_idx" already exists, skipping

NOTICE:  relation "streams_habitat" already exists, skipping

NOTICE:  table "streams_acc_015" does not exist, skipping

NOTICE:  table "streams_acc_025" does not exist, skipping

NOTICE:  table "streams_acc_025_ovr_bt" does not exist, skipping

NOTICE:  relation "streams_habitat_wsg_idx" already exists, skipping

NOTICE:  relation "streams_habitat_id_segment_idx" already exists, skipping

NOTICE:  relation "streams_habitat_species_code_idx" already exists, skipping

NOTICE:  table "frs_clusters_bt" does not exist, skipping

NOTICE:  table "frs_clusters_gr" does not exist, skipping

10:53:16 variant default_tuned MURR done in 1.3 min (habitat 61afd917)
NOTICE:  relation "streams_blk_idx" already exists, skipping

NOTICE:  relation "streams_blk_drm_idx" already exists, skipping

NOTICE:  relation "streams_wscode_gist_idx" already exists, skipping

NOTICE:  relation "streams_wscode_btree_idx" already exists, skipping

NOTICE:  relation "streams_localcode_gist_idx" already exists, skipping

NOTICE:  relation "streams_localcode_btree_idx" already exists, skipping

NOTICE:  relation "streams_lfid_idx" already exists, skipping

NOTICE:  relation "streams_wsg_idx" already exists, skipping

NOTICE:  relation "streams_id_segment_idx" already exists, skipping

NOTICE:  relation "streams_habitat" already exists, skipping

NOTICE:  table "streams_acc_015" does not exist, skipping

NOTICE:  table "streams_acc_025" does not exist, skipping

NOTICE:  relation "streams_habitat_wsg_idx" already exists, skipping

NOTICE:  relation "streams_habitat_id_segment_idx" already exists, skipping

NOTICE:  relation "streams_habitat_species_code_idx" already exists, skipping

NOTICE:  table "frs_clusters_bt" does not exist, skipping

NOTICE:  table "frs_clusters_gr" does not exist, skipping

10:53:45 variant default_tuned UBTN done in 0.5 min (habitat a764fe59)
NOTICE:  relation "streams_blk_idx" already exists, skipping

NOTICE:  relation "streams_blk_drm_idx" already exists, skipping

NOTICE:  relation "streams_wscode_gist_idx" already exists, skipping

NOTICE:  relation "streams_wscode_btree_idx" already exists, skipping

NOTICE:  relation "streams_localcode_gist_idx" already exists, skipping

NOTICE:  relation "streams_localcode_btree_idx" already exists, skipping

NOTICE:  relation "streams_lfid_idx" already exists, skipping

NOTICE:  relation "streams_wsg_idx" already exists, skipping

NOTICE:  relation "streams_id_segment_idx" already exists, skipping

NOTICE:  relation "streams_habitat" already exists, skipping

NOTICE:  table "streams_acc_015" does not exist, skipping

NOTICE:  table "streams_acc_025" does not exist, skipping

NOTICE:  table "streams_acc_025_ovr_bt" does not exist, skipping

NOTICE:  relation "streams_habitat_wsg_idx" already exists, skipping

NOTICE:  relation "streams_habitat_id_segment_idx" already exists, skipping

NOTICE:  relation "streams_habitat_species_code_idx" already exists, skipping

NOTICE:  table "frs_clusters_bt" does not exist, skipping

NOTICE:  table "frs_clusters_gr" does not exist, skipping

10:54:34 variant default_tuned LHAF done in 0.8 min (habitat 496ec2c5)
NOTICE:  relation "streams_blk_idx" already exists, skipping

NOTICE:  relation "streams_blk_drm_idx" already exists, skipping

NOTICE:  relation "streams_wscode_gist_idx" already exists, skipping

NOTICE:  relation "streams_wscode_btree_idx" already exists, skipping

NOTICE:  relation "streams_localcode_gist_idx" already exists, skipping

NOTICE:  relation "streams_localcode_btree_idx" already exists, skipping

NOTICE:  relation "streams_lfid_idx" already exists, skipping

NOTICE:  relation "streams_wsg_idx" already exists, skipping

NOTICE:  relation "streams_id_segment_idx" already exists, skipping

NOTICE:  relation "streams_habitat" already exists, skipping

NOTICE:  table "streams_acc_015" does not exist, skipping

NOTICE:  table "streams_acc_025" does not exist, skipping

NOTICE:  table "streams_acc_025_ovr_bt" does not exist, skipping

NOTICE:  relation "streams_habitat_wsg_idx" already exists, skipping

NOTICE:  relation "streams_habitat_id_segment_idx" already exists, skipping

NOTICE:  relation "streams_habitat_species_code_idx" already exists, skipping

NOTICE:  table "frs_clusters_bt" does not exist, skipping

NOTICE:  table "frs_clusters_ko" does not exist, skipping

NOTICE:  table "frs_qual_spawn_ko" does not exist, skipping

NOTICE:  table "frs_trace_lfid_ko" does not exist, skipping

NOTICE:  table "frs_clusters_gr" does not exist, skipping

10:56:36 variant default_tuned PARS done in 2.0 min (habitat 7afbc6d9)
NOTICE:  relation "streams_blk_idx" already exists, skipping

NOTICE:  relation "streams_blk_drm_idx" already exists, skipping

NOTICE:  relation "streams_wscode_gist_idx" already exists, skipping

NOTICE:  relation "streams_wscode_btree_idx" already exists, skipping

NOTICE:  relation "streams_localcode_gist_idx" already exists, skipping

NOTICE:  relation "streams_localcode_btree_idx" already exists, skipping

NOTICE:  relation "streams_lfid_idx" already exists, skipping

NOTICE:  relation "streams_wsg_idx" already exists, skipping

NOTICE:  relation "streams_id_segment_idx" already exists, skipping

NOTICE:  relation "streams_habitat" already exists, skipping

NOTICE:  table "streams_acc_015" does not exist, skipping

NOTICE:  table "streams_acc_02" does not exist, skipping

NOTICE:  table "streams_acc_025" does not exist, skipping

NOTICE:  table "streams_acc_025_ovr_bt" does not exist, skipping

NOTICE:  table "streams_acc_02_ovr_wct" does not exist, skipping

NOTICE:  table "streams_acc_015_ovr_ko" does not exist, skipping

NOTICE:  relation "streams_habitat_wsg_idx" already exists, skipping

NOTICE:  relation "streams_habitat_id_segment_idx" already exists, skipping

NOTICE:  relation "streams_habitat_species_code_idx" already exists, skipping

NOTICE:  table "frs_clusters_bt" does not exist, skipping

NOTICE:  table "frs_clusters_wct" does not exist, skipping

NOTICE:  table "frs_clusters_ko" does not exist, skipping

NOTICE:  table "frs_qual_spawn_ko" does not exist, skipping

NOTICE:  table "frs_trace_lfid_ko" does not exist, skipping

10:58:24 variant default_tuned KOTL done in 1.8 min (habitat 5c6aa9d7)
NOTICE:  relation "streams_blk_idx" already exists, skipping

NOTICE:  relation "streams_blk_drm_idx" already exists, skipping

NOTICE:  relation "streams_wscode_gist_idx" already exists, skipping

NOTICE:  relation "streams_wscode_btree_idx" already exists, skipping

NOTICE:  relation "streams_localcode_gist_idx" already exists, skipping

NOTICE:  relation "streams_localcode_btree_idx" already exists, skipping

NOTICE:  relation "streams_lfid_idx" already exists, skipping

NOTICE:  relation "streams_wsg_idx" already exists, skipping

NOTICE:  relation "streams_id_segment_idx" already exists, skipping

NOTICE:  relation "streams_habitat" already exists, skipping

NOTICE:  table "streams_acc_025" does not exist, skipping

NOTICE:  table "streams_acc_025_ovr_bt" does not exist, skipping

NOTICE:  relation "streams_habitat_wsg_idx" already exists, skipping

NOTICE:  relation "streams_habitat_id_segment_idx" already exists, skipping

NOTICE:  relation "streams_habitat_species_code_idx" already exists, skipping

NOTICE:  table "frs_clusters_bt" does not exist, skipping

10:59:26 variant default_tuned SIML done in 1.0 min (habitat 08ad0433)
NOTICE:  relation "streams_blk_idx" already exists, skipping

NOTICE:  relation "streams_blk_drm_idx" already exists, skipping

NOTICE:  relation "streams_wscode_gist_idx" already exists, skipping

NOTICE:  relation "streams_wscode_btree_idx" already exists, skipping

NOTICE:  relation "streams_localcode_gist_idx" already exists, skipping

NOTICE:  relation "streams_localcode_btree_idx" already exists, skipping

NOTICE:  relation "streams_lfid_idx" already exists, skipping

NOTICE:  relation "streams_wsg_idx" already exists, skipping

NOTICE:  relation "streams_id_segment_idx" already exists, skipping

NOTICE:  relation "streams_habitat" already exists, skipping

NOTICE:  table "streams_acc_015" does not exist, skipping

NOTICE:  table "streams_acc_025" does not exist, skipping

NOTICE:  table "streams_acc_025_ovr_bt" does not exist, skipping

NOTICE:  relation "streams_habitat_wsg_idx" already exists, skipping

NOTICE:  relation "streams_habitat_id_segment_idx" already exists, skipping

NOTICE:  relation "streams_habitat_species_code_idx" already exists, skipping

NOTICE:  table "frs_clusters_bt" does not exist, skipping

NOTICE:  table "frs_clusters_ch" does not exist, skipping

NOTICE:  table "frs_clusters_sk" does not exist, skipping

NOTICE:  table "frs_qual_spawn_sk" does not exist, skipping

NOTICE:  table "frs_trace_lfid_sk" does not exist, skipping

11:00:24 variant default_tuned OKAN done in 1.0 min (habitat c62d458b)
NOTICE:  relation "streams_blk_idx" already exists, skipping

NOTICE:  relation "streams_blk_drm_idx" already exists, skipping

NOTICE:  relation "streams_wscode_gist_idx" already exists, skipping

NOTICE:  relation "streams_wscode_btree_idx" already exists, skipping

NOTICE:  relation "streams_localcode_gist_idx" already exists, skipping

NOTICE:  relation "streams_localcode_btree_idx" already exists, skipping

NOTICE:  relation "streams_lfid_idx" already exists, skipping

NOTICE:  relation "streams_wsg_idx" already exists, skipping

NOTICE:  relation "streams_id_segment_idx" already exists, skipping

NOTICE:  relation "streams_habitat" already exists, skipping

NOTICE:  table "streams_acc_02" does not exist, skipping

NOTICE:  table "streams_acc_025" does not exist, skipping

NOTICE:  table "streams_acc_02_ovr_wct" does not exist, skipping

NOTICE:  relation "streams_habitat_wsg_idx" already exists, skipping

NOTICE:  relation "streams_habitat_id_segment_idx" already exists, skipping

NOTICE:  relation "streams_habitat_species_code_idx" already exists, skipping

NOTICE:  table "frs_clusters_wct" does not exist, skipping

11:01:22 variant default_tuned KETL done in 1.0 min (habitat d8121ad0)
11:01:22 variant bt_mad into score300_bt_mad (REVL,ELKR,KOTR,UARL,MURR,UBTN,LHAF,PARS,KOTL)
NOTICE:  schema "score300_bt_mad" already exists, skipping

NOTICE:  relation "streams" already exists, skipping

NOTICE:  relation "streams_wsg_idx" already exists, skipping

NOTICE:  relation "streams_blk_idx" already exists, skipping

NOTICE:  relation "streams_geom_idx" already exists, skipping

NOTICE:  relation "streams_wbk_idx" already exists, skipping

NOTICE:  relation "streams_wscode_gist_idx" already exists, skipping

NOTICE:  relation "streams_wscode_btree_idx" already exists, skipping

NOTICE:  relation "streams_localcode_gist_idx" already exists, skipping

NOTICE:  relation "streams_localcode_btree_idx" already exists, skipping

NOTICE:  relation "streams_habitat_bt" already exists, skipping

NOTICE:  relation "streams_habitat_bt_wsg_idx" already exists, skipping

NOTICE:  relation "streams_habitat_ch" already exists, skipping

NOTICE:  relation "streams_habitat_ch_wsg_idx" already exists, skipping

NOTICE:  relation "streams_habitat_cm" already exists, skipping

NOTICE:  relation "streams_habitat_cm_wsg_idx" already exists, skipping

NOTICE:  relation "streams_habitat_co" already exists, skipping

NOTICE:  relation "streams_habitat_co_wsg_idx" already exists, skipping

NOTICE:  relation "streams_habitat_pk" already exists, skipping

NOTICE:  relation "streams_habitat_pk_wsg_idx" already exists, skipping

NOTICE:  relation "streams_habitat_sk" already exists, skipping

NOTICE:  relation "streams_habitat_sk_wsg_idx" already exists, skipping

NOTICE:  relation "streams_habitat_st" already exists, skipping

NOTICE:  relation "streams_habitat_st_wsg_idx" already exists, skipping

NOTICE:  relation "streams_habitat_wct" already exists, skipping

NOTICE:  relation "streams_habitat_wct_wsg_idx" already exists, skipping

NOTICE:  relation "streams_habitat_ko" already exists, skipping

NOTICE:  relation "streams_habitat_ko_wsg_idx" already exists, skipping

NOTICE:  relation "streams_habitat_rb" already exists, skipping

NOTICE:  relation "streams_habitat_rb_wsg_idx" already exists, skipping

NOTICE:  relation "streams_habitat_gr" already exists, skipping

NOTICE:  relation "streams_habitat_gr_wsg_idx" already exists, skipping

NOTICE:  relation "barriers" already exists, skipping

NOTICE:  relation "barriers_wsg_idx" already exists, skipping

NOTICE:  relation "barriers_blocks_idx" already exists, skipping

NOTICE:  relation "barriers_source_idx" already exists, skipping

NOTICE:  relation "barriers_blk_drm_idx" already exists, skipping

NOTICE:  relation "barriers_geom_idx" already exists, skipping

NOTICE:  relation "barriers_wscode_gist_idx" already exists, skipping

NOTICE:  relation "barriers_wscode_btree_idx" already exists, skipping

NOTICE:  relation "barriers_localcode_gist_idx" already exists, skipping

NOTICE:  relation "barriers_localcode_btree_idx" already exists, skipping

NOTICE:  relation "barrier_overrides" already exists, skipping

NOTICE:  relation "barrier_overrides_wsg_idx" already exists, skipping

NOTICE:  relation "barrier_overrides_blk_drm_idx" already exists, skipping

NOTICE:  relation "streams_access" already exists, skipping

NOTICE:  relation "streams_access_wsg_idx" already exists, skipping

NOTICE:  relation "streams_mapping_code" already exists, skipping

NOTICE:  relation "streams_mapping_code_wsg_idx" already exists, skipping

NOTICE:  schema "score300_bt_mad" already exists, skipping

NOTICE:  relation "log" already exists, skipping

NOTICE:  column "run_id" of relation "log" already exists, skipping

NOTICE:  column "watershed_group_code" of relation "log" already exists, skipping

NOTICE:  column "date_start" of relation "log" already exists, skipping

NOTICE:  column "date_end" of relation "log" already exists, skipping

NOTICE:  column "run_uid" of relation "log" already exists, skipping

NOTICE:  column "run_label" of relation "log" already exists, skipping

NOTICE:  column "host" of relation "log" already exists, skipping

NOTICE:  column "config_name" of relation "log" already exists, skipping

NOTICE:  column "config_hash" of relation "log" already exists, skipping

NOTICE:  column "config_drift" of relation "log" already exists, skipping

NOTICE:  column "link_version" of relation "log" already exists, skipping

NOTICE:  column "link_sha" of relation "log" already exists, skipping

NOTICE:  column "link_dirty" of relation "log" already exists, skipping

NOTICE:  column "fresh_version" of relation "log" already exists, skipping

NOTICE:  column "fresh_sha" of relation "log" already exists, skipping

NOTICE:  column "fresh_dirty" of relation "log" already exists, skipping

NOTICE:  column "fresh_sha_source" of relation "log" already exists, skipping

NOTICE:  column "crate_version" of relation "log" already exists, skipping

NOTICE:  column "fwapg_sha" of relation "log" already exists, skipping

NOTICE:  column "bcfishobs_sha" of relation "log" already exists, skipping

NOTICE:  column "arg_dams" of relation "log" already exists, skipping

NOTICE:  column "arg_mapping_code" of relation "log" already exists, skipping

NOTICE:  column "arg_cleanup_working" of relation "log" already exists, skipping

NOTICE:  column "schema_persist" of relation "log" already exists, skipping

NOTICE:  column "species" of relation "log" already exists, skipping

NOTICE:  column "wsg_upstream" of relation "log" already exists, skipping

NOTICE:  column "bcfp_model_run_id" of relation "log" already exists, skipping

NOTICE:  column "bcfp_model_version" of relation "log" already exists, skipping

NOTICE:  column "bcfp_pin_source" of relation "log" already exists, skipping

NOTICE:  column "notes" of relation "log" already exists, skipping

NOTICE:  relation "log_recompute" already exists, skipping

NOTICE:  column "recompute_id" of relation "log_recompute" already exists, skipping

NOTICE:  column "watershed_group_code" of relation "log_recompute" already exists, skipping

NOTICE:  column "date_start" of relation "log_recompute" already exists, skipping

NOTICE:  column "date_end" of relation "log_recompute" already exists, skipping

NOTICE:  column "run_uid" of relation "log_recompute" already exists, skipping

NOTICE:  column "run_label" of relation "log_recompute" already exists, skipping

NOTICE:  column "host" of relation "log_recompute" already exists, skipping

NOTICE:  column "config_name" of relation "log_recompute" already exists, skipping

NOTICE:  column "config_hash" of relation "log_recompute" already exists, skipping

NOTICE:  column "link_version" of relation "log_recompute" already exists, skipping

NOTICE:  column "link_sha" of relation "log_recompute" already exists, skipping

NOTICE:  column "link_dirty" of relation "log_recompute" already exists, skipping

NOTICE:  column "fresh_version" of relation "log_recompute" already exists, skipping

NOTICE:  column "fresh_sha" of relation "log_recompute" already exists, skipping

NOTICE:  column "fresh_dirty" of relation "log_recompute" already exists, skipping

NOTICE:  column "fresh_sha_source" of relation "log_recompute" already exists, skipping

NOTICE:  column "crate_version" of relation "log_recompute" already exists, skipping

NOTICE:  column "fwapg_sha" of relation "log_recompute" already exists, skipping

NOTICE:  column "bcfishobs_sha" of relation "log_recompute" already exists, skipping

NOTICE:  column "schema_persist" of relation "log_recompute" already exists, skipping

NOTICE:  column "species" of relation "log_recompute" already exists, skipping

NOTICE:  column "views_prebuilt" of relation "log_recompute" already exists, skipping

NOTICE:  column "notes" of relation "log_recompute" already exists, skipping

NOTICE:  relation "log_input" already exists, skipping

NOTICE:  column "run_id" of relation "log_input" already exists, skipping

NOTICE:  column "watershed_group_code" of relation "log_input" already exists, skipping

NOTICE:  column "table_name" of relation "log_input" already exists, skipping

NOTICE:  column "row_count" of relation "log_input" already exists, skipping

NOTICE:  column "row_count_estimated" of relation "log_input" already exists, skipping

NOTICE:  column "size_bytes" of relation "log_input" already exists, skipping

NOTICE:  column "last_analyze" of relation "log_input" already exists, skipping

NOTICE:  column "source" of relation "log_input" already exists, skipping

NOTICE:  column "source_at" of relation "log_input" already exists, skipping

NOTICE:  relation "log_parameters_fresh" already exists, skipping

NOTICE:  column "config_hash" of relation "log_parameters_fresh" already exists, skipping

NOTICE:  column "species_code" of relation "log_parameters_fresh" already exists, skipping

NOTICE:  column "access_gradient_max" of relation "log_parameters_fresh" already exists, skipping

NOTICE:  column "spawn_gradient_min" of relation "log_parameters_fresh" already exists, skipping

NOTICE:  column "rear_gradient_min" of relation "log_parameters_fresh" already exists, skipping

NOTICE:  column "cluster_rearing" of relation "log_parameters_fresh" already exists, skipping

NOTICE:  column "cluster_direction" of relation "log_parameters_fresh" already exists, skipping

NOTICE:  column "cluster_bridge_gradient" of relation "log_parameters_fresh" already exists, skipping

NOTICE:  column "cluster_bridge_distance" of relation "log_parameters_fresh" already exists, skipping

NOTICE:  column "cluster_confluence_m" of relation "log_parameters_fresh" already exists, skipping

NOTICE:  column "cluster_spawning" of relation "log_parameters_fresh" already exists, skipping

NOTICE:  column "cluster_spawn_direction" of relation "log_parameters_fresh" already exists, skipping

NOTICE:  column "cluster_spawn_bridge_gradient" of relation "log_parameters_fresh" already exists, skipping

NOTICE:  column "cluster_spawn_bridge_distance" of relation "log_parameters_fresh" already exists, skipping

NOTICE:  column "cluster_spawn_confluence_m" of relation "log_parameters_fresh" already exists, skipping

NOTICE:  column "observation_threshold" of relation "log_parameters_fresh" already exists, skipping

NOTICE:  column "observation_date_min" of relation "log_parameters_fresh" already exists, skipping

NOTICE:  column "observation_buffer_m" of relation "log_parameters_fresh" already exists, skipping

NOTICE:  column "observation_species" of relation "log_parameters_fresh" already exists, skipping

NOTICE:  column "observation_control_apply" of relation "log_parameters_fresh" already exists, skipping

NOTICE:  relation "log_parameters_habitat_thresholds" already exists, skipping

NOTICE:  column "config_hash" of relation "log_parameters_habitat_thresholds" already exists, skipping

NOTICE:  column "species_code" of relation "log_parameters_habitat_thresholds" already exists, skipping

NOTICE:  column "spawn_gradient_max" of relation "log_parameters_habitat_thresholds" already exists, skipping

NOTICE:  column "spawn_channel_width_min" of relation "log_parameters_habitat_thresholds" already exists, skipping

NOTICE:  column "spawn_channel_width_max" of relation "log_parameters_habitat_thresholds" already exists, skipping

NOTICE:  column "spawn_mad_min" of relation "log_parameters_habitat_thresholds" already exists, skipping

NOTICE:  column "spawn_mad_max" of relation "log_parameters_habitat_thresholds" already exists, skipping

NOTICE:  column "rear_gradient_max" of relation "log_parameters_habitat_thresholds" already exists, skipping

NOTICE:  column "rear_channel_width_min" of relation "log_parameters_habitat_thresholds" already exists, skipping

NOTICE:  column "rear_channel_width_max" of relation "log_parameters_habitat_thresholds" already exists, skipping

NOTICE:  column "rear_mad_min" of relation "log_parameters_habitat_thresholds" already exists, skipping

NOTICE:  column "rear_mad_max" of relation "log_parameters_habitat_thresholds" already exists, skipping

NOTICE:  column "rear_lake_ha_min" of relation "log_parameters_habitat_thresholds" already exists, skipping

NOTICE:  column "spawn_edge_types" of relation "log_parameters_habitat_thresholds" already exists, skipping

NOTICE:  column "rear_edge_types" of relation "log_parameters_habitat_thresholds" already exists, skipping

NOTICE:  relation "log_dimensions" already exists, skipping

NOTICE:  column "config_hash" of relation "log_dimensions" already exists, skipping

NOTICE:  column "species" of relation "log_dimensions" already exists, skipping

NOTICE:  column "spawn_lake" of relation "log_dimensions" already exists, skipping

NOTICE:  column "spawn_stream" of relation "log_dimensions" already exists, skipping

NOTICE:  column "spawn_stream_in_waterbody" of relation "log_dimensions" already exists, skipping

NOTICE:  column "rear_lake" of relation "log_dimensions" already exists, skipping

NOTICE:  column "rear_lake_only" of relation "log_dimensions" already exists, skipping

NOTICE:  column "rear_lake_area_only" of relation "log_dimensions" already exists, skipping

NOTICE:  column "rear_no_fw" of relation "log_dimensions" already exists, skipping

NOTICE:  column "rear_stream" of relation "log_dimensions" already exists, skipping

NOTICE:  column "rear_stream_in_waterbody" of relation "log_dimensions" already exists, skipping

NOTICE:  column "rear_wetland" of relation "log_dimensions" already exists, skipping

NOTICE:  column "rear_wetland_polygon" of relation "log_dimensions" already exists, skipping

NOTICE:  column "rear_wetland_area_only" of relation "log_dimensions" already exists, skipping

NOTICE:  column "rear_all_edges" of relation "log_dimensions" already exists, skipping

NOTICE:  column "river_skip_cw_min" of relation "log_dimensions" already exists, skipping

NOTICE:  column "rear_stream_order_bypass" of relation "log_dimensions" already exists, skipping

NOTICE:  column "rear_stream_order_parent_min" of relation "log_dimensions" already exists, skipping

NOTICE:  column "rear_stream_order_child_min" of relation "log_dimensions" already exists, skipping

NOTICE:  column "rear_stream_order_child_max" of relation "log_dimensions" already exists, skipping

NOTICE:  column "rear_stream_order_distance_max" of relation "log_dimensions" already exists, skipping

NOTICE:  column "spawn_requires_connected" of relation "log_dimensions" already exists, skipping

NOTICE:  column "spawn_connected_distance_max" of relation "log_dimensions" already exists, skipping

NOTICE:  column "spawn_connected_direction" of relation "log_dimensions" already exists, skipping

NOTICE:  column "spawn_connected_gradient_max" of relation "log_dimensions" already exists, skipping

NOTICE:  column "spawn_connected_cw_min" of relation "log_dimensions" already exists, skipping

NOTICE:  column "spawn_connected_edge_types" of relation "log_dimensions" already exists, skipping

NOTICE:  column "spawn_connected_lake_adjacent" of relation "log_dimensions" already exists, skipping

NOTICE:  column "rear_requires_connected" of relation "log_dimensions" already exists, skipping

NOTICE:  column "rear_connected_distance_max" of relation "log_dimensions" already exists, skipping

NOTICE:  column "rear_lake_ha_min" of relation "log_dimensions" already exists, skipping

NOTICE:  column "rear_wetland_ha_min" of relation "log_dimensions" already exists, skipping

NOTICE:  column "notes" of relation "log_dimensions" already exists, skipping

NOTICE:  relation "log_wsg_date_idx" already exists, skipping

NOTICE:  relation "log_config_idx" already exists, skipping

NOTICE:  relation "log_input_rn_idx" already exists, skipping

NOTICE:  relation "log_run_uid_idx" already exists, skipping

NOTICE:  relation "log_rc_run_uid_idx" already exists, skipping

NOTICE:  relation "log_rc_wsg_date_idx" already exists, skipping

NOTICE:  relation "streams_blk_idx" already exists, skipping

NOTICE:  relation "streams_blk_drm_idx" already exists, skipping

NOTICE:  relation "streams_wscode_gist_idx" already exists, skipping

NOTICE:  relation "streams_wscode_btree_idx" already exists, skipping

NOTICE:  relation "streams_localcode_gist_idx" already exists, skipping

NOTICE:  relation "streams_localcode_btree_idx" already exists, skipping

NOTICE:  relation "streams_lfid_idx" already exists, skipping

NOTICE:  relation "streams_wsg_idx" already exists, skipping

NOTICE:  relation "streams_id_segment_idx" already exists, skipping

NOTICE:  relation "streams_habitat" already exists, skipping

NOTICE:  table "streams_acc_025" does not exist, skipping

NOTICE:  table "streams_acc_025_ovr_bt" does not exist, skipping

NOTICE:  relation "streams_habitat_wsg_idx" already exists, skipping

NOTICE:  relation "streams_habitat_id_segment_idx" already exists, skipping

NOTICE:  relation "streams_habitat_species_code_idx" already exists, skipping

NOTICE:  table "frs_clusters_bt" does not exist, skipping

11:01:43 variant bt_mad REVL done in 0.3 min (habitat 7ca4624e)
NOTICE:  relation "streams_blk_idx" already exists, skipping

NOTICE:  relation "streams_blk_drm_idx" already exists, skipping

NOTICE:  relation "streams_wscode_gist_idx" already exists, skipping

NOTICE:  relation "streams_wscode_btree_idx" already exists, skipping

NOTICE:  relation "streams_localcode_gist_idx" already exists, skipping

NOTICE:  relation "streams_localcode_btree_idx" already exists, skipping

NOTICE:  relation "streams_lfid_idx" already exists, skipping

NOTICE:  relation "streams_wsg_idx" already exists, skipping

NOTICE:  relation "streams_id_segment_idx" already exists, skipping

NOTICE:  relation "streams_habitat" already exists, skipping

NOTICE:  table "streams_acc_025" does not exist, skipping

NOTICE:  table "streams_acc_025_ovr_bt" does not exist, skipping

NOTICE:  relation "streams_habitat_wsg_idx" already exists, skipping

NOTICE:  relation "streams_habitat_id_segment_idx" already exists, skipping

NOTICE:  relation "streams_habitat_species_code_idx" already exists, skipping

NOTICE:  table "frs_clusters_bt" does not exist, skipping

11:02:37 variant bt_mad ELKR done in 0.9 min (habitat 0c86c9c8)
NOTICE:  relation "streams_blk_idx" already exists, skipping

NOTICE:  relation "streams_blk_drm_idx" already exists, skipping

NOTICE:  relation "streams_wscode_gist_idx" already exists, skipping

NOTICE:  relation "streams_wscode_btree_idx" already exists, skipping

NOTICE:  relation "streams_localcode_gist_idx" already exists, skipping

NOTICE:  relation "streams_localcode_btree_idx" already exists, skipping

NOTICE:  relation "streams_lfid_idx" already exists, skipping

NOTICE:  relation "streams_wsg_idx" already exists, skipping

NOTICE:  relation "streams_id_segment_idx" already exists, skipping

NOTICE:  relation "streams_habitat" already exists, skipping

NOTICE:  table "streams_acc_025" does not exist, skipping

NOTICE:  table "streams_acc_025_ovr_bt" does not exist, skipping

NOTICE:  relation "streams_habitat_wsg_idx" already exists, skipping

NOTICE:  relation "streams_habitat_id_segment_idx" already exists, skipping

NOTICE:  relation "streams_habitat_species_code_idx" already exists, skipping

NOTICE:  table "frs_clusters_bt" does not exist, skipping

11:03:07 variant bt_mad KOTR done in 0.5 min (habitat 3c280b54)
NOTICE:  relation "streams_blk_idx" already exists, skipping

NOTICE:  relation "streams_blk_drm_idx" already exists, skipping

NOTICE:  relation "streams_wscode_gist_idx" already exists, skipping

NOTICE:  relation "streams_wscode_btree_idx" already exists, skipping

NOTICE:  relation "streams_localcode_gist_idx" already exists, skipping

NOTICE:  relation "streams_localcode_btree_idx" already exists, skipping

NOTICE:  relation "streams_lfid_idx" already exists, skipping

NOTICE:  relation "streams_wsg_idx" already exists, skipping

NOTICE:  relation "streams_id_segment_idx" already exists, skipping

NOTICE:  relation "streams_habitat" already exists, skipping

NOTICE:  table "streams_acc_025" does not exist, skipping

NOTICE:  table "streams_acc_025_ovr_bt" does not exist, skipping

NOTICE:  relation "streams_habitat_wsg_idx" already exists, skipping

NOTICE:  relation "streams_habitat_id_segment_idx" already exists, skipping

NOTICE:  relation "streams_habitat_species_code_idx" already exists, skipping

NOTICE:  table "frs_clusters_bt" does not exist, skipping

11:03:33 variant bt_mad UARL done in 0.4 min (habitat df701d31)
NOTICE:  relation "streams_blk_idx" already exists, skipping

NOTICE:  relation "streams_blk_drm_idx" already exists, skipping

NOTICE:  relation "streams_wscode_gist_idx" already exists, skipping

NOTICE:  relation "streams_wscode_btree_idx" already exists, skipping

NOTICE:  relation "streams_localcode_gist_idx" already exists, skipping

NOTICE:  relation "streams_localcode_btree_idx" already exists, skipping

NOTICE:  relation "streams_lfid_idx" already exists, skipping

NOTICE:  relation "streams_wsg_idx" already exists, skipping

NOTICE:  relation "streams_id_segment_idx" already exists, skipping

NOTICE:  relation "streams_habitat" already exists, skipping

NOTICE:  table "streams_acc_025" does not exist, skipping

NOTICE:  table "streams_acc_025_ovr_bt" does not exist, skipping

NOTICE:  relation "streams_habitat_wsg_idx" already exists, skipping

NOTICE:  relation "streams_habitat_id_segment_idx" already exists, skipping

NOTICE:  relation "streams_habitat_species_code_idx" already exists, skipping

NOTICE:  table "frs_clusters_bt" does not exist, skipping

11:04:33 variant bt_mad MURR done in 1.0 min (habitat 4c0bc37e)
NOTICE:  relation "streams_blk_idx" already exists, skipping

NOTICE:  relation "streams_blk_drm_idx" already exists, skipping

NOTICE:  relation "streams_wscode_gist_idx" already exists, skipping

NOTICE:  relation "streams_wscode_btree_idx" already exists, skipping

NOTICE:  relation "streams_localcode_gist_idx" already exists, skipping

NOTICE:  relation "streams_localcode_btree_idx" already exists, skipping

NOTICE:  relation "streams_lfid_idx" already exists, skipping

NOTICE:  relation "streams_wsg_idx" already exists, skipping

NOTICE:  relation "streams_id_segment_idx" already exists, skipping

NOTICE:  relation "streams_habitat" already exists, skipping

NOTICE:  table "streams_acc_025" does not exist, skipping

NOTICE:  relation "streams_habitat_wsg_idx" already exists, skipping

NOTICE:  relation "streams_habitat_id_segment_idx" already exists, skipping

NOTICE:  relation "streams_habitat_species_code_idx" already exists, skipping

NOTICE:  table "frs_clusters_bt" does not exist, skipping

11:04:55 variant bt_mad UBTN done in 0.4 min (habitat 55a6aa16)
NOTICE:  relation "streams_blk_idx" already exists, skipping

NOTICE:  relation "streams_blk_drm_idx" already exists, skipping

NOTICE:  relation "streams_wscode_gist_idx" already exists, skipping

NOTICE:  relation "streams_wscode_btree_idx" already exists, skipping

NOTICE:  relation "streams_localcode_gist_idx" already exists, skipping

NOTICE:  relation "streams_localcode_btree_idx" already exists, skipping

NOTICE:  relation "streams_lfid_idx" already exists, skipping

NOTICE:  relation "streams_wsg_idx" already exists, skipping

NOTICE:  relation "streams_id_segment_idx" already exists, skipping

NOTICE:  relation "streams_habitat" already exists, skipping

NOTICE:  table "streams_acc_025" does not exist, skipping

NOTICE:  table "streams_acc_025_ovr_bt" does not exist, skipping

NOTICE:  relation "streams_habitat_wsg_idx" already exists, skipping

NOTICE:  relation "streams_habitat_id_segment_idx" already exists, skipping

NOTICE:  relation "streams_habitat_species_code_idx" already exists, skipping

NOTICE:  table "frs_clusters_bt" does not exist, skipping

11:05:37 variant bt_mad LHAF done in 0.7 min (habitat d0d6639c)
NOTICE:  relation "streams_blk_idx" already exists, skipping

NOTICE:  relation "streams_blk_drm_idx" already exists, skipping

NOTICE:  relation "streams_wscode_gist_idx" already exists, skipping

NOTICE:  relation "streams_wscode_btree_idx" already exists, skipping

NOTICE:  relation "streams_localcode_gist_idx" already exists, skipping

NOTICE:  relation "streams_localcode_btree_idx" already exists, skipping

NOTICE:  relation "streams_lfid_idx" already exists, skipping

NOTICE:  relation "streams_wsg_idx" already exists, skipping

NOTICE:  relation "streams_id_segment_idx" already exists, skipping

NOTICE:  relation "streams_habitat" already exists, skipping

NOTICE:  table "streams_acc_025" does not exist, skipping

NOTICE:  table "streams_acc_025_ovr_bt" does not exist, skipping

NOTICE:  relation "streams_habitat_wsg_idx" already exists, skipping

NOTICE:  relation "streams_habitat_id_segment_idx" already exists, skipping

NOTICE:  relation "streams_habitat_species_code_idx" already exists, skipping

NOTICE:  table "frs_clusters_bt" does not exist, skipping

11:07:08 variant bt_mad PARS done in 1.5 min (habitat 00642d7e)
NOTICE:  relation "streams_blk_idx" already exists, skipping

NOTICE:  relation "streams_blk_drm_idx" already exists, skipping

NOTICE:  relation "streams_wscode_gist_idx" already exists, skipping

NOTICE:  relation "streams_wscode_btree_idx" already exists, skipping

NOTICE:  relation "streams_localcode_gist_idx" already exists, skipping

NOTICE:  relation "streams_localcode_btree_idx" already exists, skipping

NOTICE:  relation "streams_lfid_idx" already exists, skipping

NOTICE:  relation "streams_wsg_idx" already exists, skipping

NOTICE:  relation "streams_id_segment_idx" already exists, skipping

NOTICE:  relation "streams_habitat" already exists, skipping

NOTICE:  table "streams_acc_025" does not exist, skipping

NOTICE:  table "streams_acc_025_ovr_bt" does not exist, skipping

NOTICE:  relation "streams_habitat_wsg_idx" already exists, skipping

NOTICE:  relation "streams_habitat_id_segment_idx" already exists, skipping

NOTICE:  relation "streams_habitat_species_code_idx" already exists, skipping

NOTICE:  table "frs_clusters_bt" does not exist, skipping

11:08:15 variant bt_mad KOTL done in 1.1 min (habitat 3ab520c8)
11:08:15 variant gr_mad into score300_gr_mad (MURR,UBTN,LHAF,PARS)
NOTICE:  schema "score300_gr_mad" already exists, skipping

NOTICE:  relation "streams" already exists, skipping

NOTICE:  relation "streams_wsg_idx" already exists, skipping

NOTICE:  relation "streams_blk_idx" already exists, skipping

NOTICE:  relation "streams_geom_idx" already exists, skipping

NOTICE:  relation "streams_wbk_idx" already exists, skipping

NOTICE:  relation "streams_wscode_gist_idx" already exists, skipping

NOTICE:  relation "streams_wscode_btree_idx" already exists, skipping

NOTICE:  relation "streams_localcode_gist_idx" already exists, skipping

NOTICE:  relation "streams_localcode_btree_idx" already exists, skipping

NOTICE:  relation "streams_habitat_bt" already exists, skipping

NOTICE:  relation "streams_habitat_bt_wsg_idx" already exists, skipping

NOTICE:  relation "streams_habitat_ch" already exists, skipping

NOTICE:  relation "streams_habitat_ch_wsg_idx" already exists, skipping

NOTICE:  relation "streams_habitat_cm" already exists, skipping

NOTICE:  relation "streams_habitat_cm_wsg_idx" already exists, skipping

NOTICE:  relation "streams_habitat_co" already exists, skipping

NOTICE:  relation "streams_habitat_co_wsg_idx" already exists, skipping

NOTICE:  relation "streams_habitat_pk" already exists, skipping

NOTICE:  relation "streams_habitat_pk_wsg_idx" already exists, skipping

NOTICE:  relation "streams_habitat_sk" already exists, skipping

NOTICE:  relation "streams_habitat_sk_wsg_idx" already exists, skipping

NOTICE:  relation "streams_habitat_st" already exists, skipping

NOTICE:  relation "streams_habitat_st_wsg_idx" already exists, skipping

NOTICE:  relation "streams_habitat_wct" already exists, skipping

NOTICE:  relation "streams_habitat_wct_wsg_idx" already exists, skipping

NOTICE:  relation "streams_habitat_ko" already exists, skipping

NOTICE:  relation "streams_habitat_ko_wsg_idx" already exists, skipping

NOTICE:  relation "streams_habitat_rb" already exists, skipping

NOTICE:  relation "streams_habitat_rb_wsg_idx" already exists, skipping

NOTICE:  relation "streams_habitat_gr" already exists, skipping

NOTICE:  relation "streams_habitat_gr_wsg_idx" already exists, skipping

NOTICE:  relation "barriers" already exists, skipping

NOTICE:  relation "barriers_wsg_idx" already exists, skipping

NOTICE:  relation "barriers_blocks_idx" already exists, skipping

NOTICE:  relation "barriers_source_idx" already exists, skipping

NOTICE:  relation "barriers_blk_drm_idx" already exists, skipping

NOTICE:  relation "barriers_geom_idx" already exists, skipping

NOTICE:  relation "barriers_wscode_gist_idx" already exists, skipping

NOTICE:  relation "barriers_wscode_btree_idx" already exists, skipping

NOTICE:  relation "barriers_localcode_gist_idx" already exists, skipping

NOTICE:  relation "barriers_localcode_btree_idx" already exists, skipping

NOTICE:  relation "barrier_overrides" already exists, skipping

NOTICE:  relation "barrier_overrides_wsg_idx" already exists, skipping

NOTICE:  relation "barrier_overrides_blk_drm_idx" already exists, skipping

NOTICE:  relation "streams_access" already exists, skipping

NOTICE:  relation "streams_access_wsg_idx" already exists, skipping

NOTICE:  relation "streams_mapping_code" already exists, skipping

NOTICE:  relation "streams_mapping_code_wsg_idx" already exists, skipping

NOTICE:  schema "score300_gr_mad" already exists, skipping

NOTICE:  relation "log" already exists, skipping

NOTICE:  column "run_id" of relation "log" already exists, skipping

NOTICE:  column "watershed_group_code" of relation "log" already exists, skipping

NOTICE:  column "date_start" of relation "log" already exists, skipping

NOTICE:  column "date_end" of relation "log" already exists, skipping

NOTICE:  column "run_uid" of relation "log" already exists, skipping

NOTICE:  column "run_label" of relation "log" already exists, skipping

NOTICE:  column "host" of relation "log" already exists, skipping

NOTICE:  column "config_name" of relation "log" already exists, skipping

NOTICE:  column "config_hash" of relation "log" already exists, skipping

NOTICE:  column "config_drift" of relation "log" already exists, skipping

NOTICE:  column "link_version" of relation "log" already exists, skipping

NOTICE:  column "link_sha" of relation "log" already exists, skipping

NOTICE:  column "link_dirty" of relation "log" already exists, skipping

NOTICE:  column "fresh_version" of relation "log" already exists, skipping

NOTICE:  column "fresh_sha" of relation "log" already exists, skipping

NOTICE:  column "fresh_dirty" of relation "log" already exists, skipping

NOTICE:  column "fresh_sha_source" of relation "log" already exists, skipping

NOTICE:  column "crate_version" of relation "log" already exists, skipping

NOTICE:  column "fwapg_sha" of relation "log" already exists, skipping

NOTICE:  column "bcfishobs_sha" of relation "log" already exists, skipping

NOTICE:  column "arg_dams" of relation "log" already exists, skipping

NOTICE:  column "arg_mapping_code" of relation "log" already exists, skipping

NOTICE:  column "arg_cleanup_working" of relation "log" already exists, skipping

NOTICE:  column "schema_persist" of relation "log" already exists, skipping

NOTICE:  column "species" of relation "log" already exists, skipping

NOTICE:  column "wsg_upstream" of relation "log" already exists, skipping

NOTICE:  column "bcfp_model_run_id" of relation "log" already exists, skipping

NOTICE:  column "bcfp_model_version" of relation "log" already exists, skipping

NOTICE:  column "bcfp_pin_source" of relation "log" already exists, skipping

NOTICE:  column "notes" of relation "log" already exists, skipping

NOTICE:  relation "log_recompute" already exists, skipping

NOTICE:  column "recompute_id" of relation "log_recompute" already exists, skipping

NOTICE:  column "watershed_group_code" of relation "log_recompute" already exists, skipping

NOTICE:  column "date_start" of relation "log_recompute" already exists, skipping

NOTICE:  column "date_end" of relation "log_recompute" already exists, skipping

NOTICE:  column "run_uid" of relation "log_recompute" already exists, skipping

NOTICE:  column "run_label" of relation "log_recompute" already exists, skipping

NOTICE:  column "host" of relation "log_recompute" already exists, skipping

NOTICE:  column "config_name" of relation "log_recompute" already exists, skipping

NOTICE:  column "config_hash" of relation "log_recompute" already exists, skipping

NOTICE:  column "link_version" of relation "log_recompute" already exists, skipping

NOTICE:  column "link_sha" of relation "log_recompute" already exists, skipping

NOTICE:  column "link_dirty" of relation "log_recompute" already exists, skipping

NOTICE:  column "fresh_version" of relation "log_recompute" already exists, skipping

NOTICE:  column "fresh_sha" of relation "log_recompute" already exists, skipping

NOTICE:  column "fresh_dirty" of relation "log_recompute" already exists, skipping

NOTICE:  column "fresh_sha_source" of relation "log_recompute" already exists, skipping

NOTICE:  column "crate_version" of relation "log_recompute" already exists, skipping

NOTICE:  column "fwapg_sha" of relation "log_recompute" already exists, skipping

NOTICE:  column "bcfishobs_sha" of relation "log_recompute" already exists, skipping

NOTICE:  column "schema_persist" of relation "log_recompute" already exists, skipping

NOTICE:  column "species" of relation "log_recompute" already exists, skipping

NOTICE:  column "views_prebuilt" of relation "log_recompute" already exists, skipping

NOTICE:  column "notes" of relation "log_recompute" already exists, skipping

NOTICE:  relation "log_input" already exists, skipping

NOTICE:  column "run_id" of relation "log_input" already exists, skipping

NOTICE:  column "watershed_group_code" of relation "log_input" already exists, skipping

NOTICE:  column "table_name" of relation "log_input" already exists, skipping

NOTICE:  column "row_count" of relation "log_input" already exists, skipping

NOTICE:  column "row_count_estimated" of relation "log_input" already exists, skipping

NOTICE:  column "size_bytes" of relation "log_input" already exists, skipping

NOTICE:  column "last_analyze" of relation "log_input" already exists, skipping

NOTICE:  column "source" of relation "log_input" already exists, skipping

NOTICE:  column "source_at" of relation "log_input" already exists, skipping

NOTICE:  relation "log_parameters_fresh" already exists, skipping

NOTICE:  column "config_hash" of relation "log_parameters_fresh" already exists, skipping

NOTICE:  column "species_code" of relation "log_parameters_fresh" already exists, skipping

NOTICE:  column "access_gradient_max" of relation "log_parameters_fresh" already exists, skipping

NOTICE:  column "spawn_gradient_min" of relation "log_parameters_fresh" already exists, skipping

NOTICE:  column "rear_gradient_min" of relation "log_parameters_fresh" already exists, skipping

NOTICE:  column "cluster_rearing" of relation "log_parameters_fresh" already exists, skipping

NOTICE:  column "cluster_direction" of relation "log_parameters_fresh" already exists, skipping

NOTICE:  column "cluster_bridge_gradient" of relation "log_parameters_fresh" already exists, skipping

NOTICE:  column "cluster_bridge_distance" of relation "log_parameters_fresh" already exists, skipping

NOTICE:  column "cluster_confluence_m" of relation "log_parameters_fresh" already exists, skipping

NOTICE:  column "cluster_spawning" of relation "log_parameters_fresh" already exists, skipping

NOTICE:  column "cluster_spawn_direction" of relation "log_parameters_fresh" already exists, skipping

NOTICE:  column "cluster_spawn_bridge_gradient" of relation "log_parameters_fresh" already exists, skipping

NOTICE:  column "cluster_spawn_bridge_distance" of relation "log_parameters_fresh" already exists, skipping

NOTICE:  column "cluster_spawn_confluence_m" of relation "log_parameters_fresh" already exists, skipping

NOTICE:  column "observation_threshold" of relation "log_parameters_fresh" already exists, skipping

NOTICE:  column "observation_date_min" of relation "log_parameters_fresh" already exists, skipping

NOTICE:  column "observation_buffer_m" of relation "log_parameters_fresh" already exists, skipping

NOTICE:  column "observation_species" of relation "log_parameters_fresh" already exists, skipping

NOTICE:  column "observation_control_apply" of relation "log_parameters_fresh" already exists, skipping

NOTICE:  relation "log_parameters_habitat_thresholds" already exists, skipping

NOTICE:  column "config_hash" of relation "log_parameters_habitat_thresholds" already exists, skipping

NOTICE:  column "species_code" of relation "log_parameters_habitat_thresholds" already exists, skipping

NOTICE:  column "spawn_gradient_max" of relation "log_parameters_habitat_thresholds" already exists, skipping

NOTICE:  column "spawn_channel_width_min" of relation "log_parameters_habitat_thresholds" already exists, skipping

NOTICE:  column "spawn_channel_width_max" of relation "log_parameters_habitat_thresholds" already exists, skipping

NOTICE:  column "spawn_mad_min" of relation "log_parameters_habitat_thresholds" already exists, skipping

NOTICE:  column "spawn_mad_max" of relation "log_parameters_habitat_thresholds" already exists, skipping

NOTICE:  column "rear_gradient_max" of relation "log_parameters_habitat_thresholds" already exists, skipping

NOTICE:  column "rear_channel_width_min" of relation "log_parameters_habitat_thresholds" already exists, skipping

NOTICE:  column "rear_channel_width_max" of relation "log_parameters_habitat_thresholds" already exists, skipping

NOTICE:  column "rear_mad_min" of relation "log_parameters_habitat_thresholds" already exists, skipping

NOTICE:  column "rear_mad_max" of relation "log_parameters_habitat_thresholds" already exists, skipping

NOTICE:  column "rear_lake_ha_min" of relation "log_parameters_habitat_thresholds" already exists, skipping

NOTICE:  column "spawn_edge_types" of relation "log_parameters_habitat_thresholds" already exists, skipping

NOTICE:  column "rear_edge_types" of relation "log_parameters_habitat_thresholds" already exists, skipping

NOTICE:  relation "log_dimensions" already exists, skipping

NOTICE:  column "config_hash" of relation "log_dimensions" already exists, skipping

NOTICE:  column "species" of relation "log_dimensions" already exists, skipping

NOTICE:  column "spawn_lake" of relation "log_dimensions" already exists, skipping

NOTICE:  column "spawn_stream" of relation "log_dimensions" already exists, skipping

NOTICE:  column "spawn_stream_in_waterbody" of relation "log_dimensions" already exists, skipping

NOTICE:  column "rear_lake" of relation "log_dimensions" already exists, skipping

NOTICE:  column "rear_lake_only" of relation "log_dimensions" already exists, skipping

NOTICE:  column "rear_lake_area_only" of relation "log_dimensions" already exists, skipping

NOTICE:  column "rear_no_fw" of relation "log_dimensions" already exists, skipping

NOTICE:  column "rear_stream" of relation "log_dimensions" already exists, skipping

NOTICE:  column "rear_stream_in_waterbody" of relation "log_dimensions" already exists, skipping

NOTICE:  column "rear_wetland" of relation "log_dimensions" already exists, skipping

NOTICE:  column "rear_wetland_polygon" of relation "log_dimensions" already exists, skipping

NOTICE:  column "rear_wetland_area_only" of relation "log_dimensions" already exists, skipping

NOTICE:  column "rear_all_edges" of relation "log_dimensions" already exists, skipping

NOTICE:  column "river_skip_cw_min" of relation "log_dimensions" already exists, skipping

NOTICE:  column "rear_stream_order_bypass" of relation "log_dimensions" already exists, skipping

NOTICE:  column "rear_stream_order_parent_min" of relation "log_dimensions" already exists, skipping

NOTICE:  column "rear_stream_order_child_min" of relation "log_dimensions" already exists, skipping

NOTICE:  column "rear_stream_order_child_max" of relation "log_dimensions" already exists, skipping

NOTICE:  column "rear_stream_order_distance_max" of relation "log_dimensions" already exists, skipping

NOTICE:  column "spawn_requires_connected" of relation "log_dimensions" already exists, skipping

NOTICE:  column "spawn_connected_distance_max" of relation "log_dimensions" already exists, skipping

NOTICE:  column "spawn_connected_direction" of relation "log_dimensions" already exists, skipping

NOTICE:  column "spawn_connected_gradient_max" of relation "log_dimensions" already exists, skipping

NOTICE:  column "spawn_connected_cw_min" of relation "log_dimensions" already exists, skipping

NOTICE:  column "spawn_connected_edge_types" of relation "log_dimensions" already exists, skipping

NOTICE:  column "spawn_connected_lake_adjacent" of relation "log_dimensions" already exists, skipping

NOTICE:  column "rear_requires_connected" of relation "log_dimensions" already exists, skipping

NOTICE:  column "rear_connected_distance_max" of relation "log_dimensions" already exists, skipping

NOTICE:  column "rear_lake_ha_min" of relation "log_dimensions" already exists, skipping

NOTICE:  column "rear_wetland_ha_min" of relation "log_dimensions" already exists, skipping

NOTICE:  column "notes" of relation "log_dimensions" already exists, skipping

NOTICE:  relation "log_wsg_date_idx" already exists, skipping

NOTICE:  relation "log_config_idx" already exists, skipping

NOTICE:  relation "log_input_rn_idx" already exists, skipping

NOTICE:  relation "log_run_uid_idx" already exists, skipping

NOTICE:  relation "log_rc_run_uid_idx" already exists, skipping

NOTICE:  relation "log_rc_wsg_date_idx" already exists, skipping

NOTICE:  relation "streams_blk_idx" already exists, skipping

NOTICE:  relation "streams_blk_drm_idx" already exists, skipping

NOTICE:  relation "streams_wscode_gist_idx" already exists, skipping

NOTICE:  relation "streams_wscode_btree_idx" already exists, skipping

NOTICE:  relation "streams_localcode_gist_idx" already exists, skipping

NOTICE:  relation "streams_localcode_btree_idx" already exists, skipping

NOTICE:  relation "streams_lfid_idx" already exists, skipping

NOTICE:  relation "streams_wsg_idx" already exists, skipping

NOTICE:  relation "streams_id_segment_idx" already exists, skipping

NOTICE:  relation "streams_habitat" already exists, skipping

NOTICE:  table "streams_acc_015" does not exist, skipping

NOTICE:  relation "streams_habitat_wsg_idx" already exists, skipping

NOTICE:  relation "streams_habitat_id_segment_idx" already exists, skipping

NOTICE:  relation "streams_habitat_species_code_idx" already exists, skipping

NOTICE:  table "frs_clusters_gr" does not exist, skipping

11:08:27 variant gr_mad MURR done in 0.2 min (habitat 80957751)
NOTICE:  relation "streams_blk_idx" already exists, skipping

NOTICE:  relation "streams_blk_drm_idx" already exists, skipping

NOTICE:  relation "streams_wscode_gist_idx" already exists, skipping

NOTICE:  relation "streams_wscode_btree_idx" already exists, skipping

NOTICE:  relation "streams_localcode_gist_idx" already exists, skipping

NOTICE:  relation "streams_localcode_btree_idx" already exists, skipping

NOTICE:  relation "streams_lfid_idx" already exists, skipping

NOTICE:  relation "streams_wsg_idx" already exists, skipping

NOTICE:  relation "streams_id_segment_idx" already exists, skipping

NOTICE:  relation "streams_habitat" already exists, skipping

NOTICE:  table "streams_acc_015" does not exist, skipping

NOTICE:  relation "streams_habitat_wsg_idx" already exists, skipping

NOTICE:  relation "streams_habitat_id_segment_idx" already exists, skipping

NOTICE:  relation "streams_habitat_species_code_idx" already exists, skipping

NOTICE:  table "frs_clusters_gr" does not exist, skipping

11:08:33 variant gr_mad UBTN done in 0.1 min (habitat 64085237)
NOTICE:  relation "streams_blk_idx" already exists, skipping

NOTICE:  relation "streams_blk_drm_idx" already exists, skipping

NOTICE:  relation "streams_wscode_gist_idx" already exists, skipping

NOTICE:  relation "streams_wscode_btree_idx" already exists, skipping

NOTICE:  relation "streams_localcode_gist_idx" already exists, skipping

NOTICE:  relation "streams_localcode_btree_idx" already exists, skipping

NOTICE:  relation "streams_lfid_idx" already exists, skipping

NOTICE:  relation "streams_wsg_idx" already exists, skipping

NOTICE:  relation "streams_id_segment_idx" already exists, skipping

NOTICE:  relation "streams_habitat" already exists, skipping

NOTICE:  table "streams_acc_015" does not exist, skipping

NOTICE:  relation "streams_habitat_wsg_idx" already exists, skipping

NOTICE:  relation "streams_habitat_id_segment_idx" already exists, skipping

NOTICE:  relation "streams_habitat_species_code_idx" already exists, skipping

NOTICE:  table "frs_clusters_gr" does not exist, skipping

11:08:41 variant gr_mad LHAF done in 0.1 min (habitat f2510411)
NOTICE:  relation "streams_blk_idx" already exists, skipping

NOTICE:  relation "streams_blk_drm_idx" already exists, skipping

NOTICE:  relation "streams_wscode_gist_idx" already exists, skipping

NOTICE:  relation "streams_wscode_btree_idx" already exists, skipping

NOTICE:  relation "streams_localcode_gist_idx" already exists, skipping

NOTICE:  relation "streams_localcode_btree_idx" already exists, skipping

NOTICE:  relation "streams_lfid_idx" already exists, skipping

NOTICE:  relation "streams_wsg_idx" already exists, skipping

NOTICE:  relation "streams_id_segment_idx" already exists, skipping

NOTICE:  relation "streams_habitat" already exists, skipping

NOTICE:  table "streams_acc_015" does not exist, skipping

NOTICE:  relation "streams_habitat_wsg_idx" already exists, skipping

NOTICE:  relation "streams_habitat_id_segment_idx" already exists, skipping

NOTICE:  relation "streams_habitat_species_code_idx" already exists, skipping

NOTICE:  table "frs_clusters_gr" does not exist, skipping

11:08:59 variant gr_mad PARS done in 0.3 min (habitat 06c99762)
11:08:59 variant rb_mad into score300_rb_mad (REVL,ELKR,KOTR,PARS,KOTL,SIML,OKAN,KETL)
NOTICE:  schema "score300_rb_mad" already exists, skipping

NOTICE:  relation "streams" already exists, skipping

NOTICE:  relation "streams_wsg_idx" already exists, skipping

NOTICE:  relation "streams_blk_idx" already exists, skipping

NOTICE:  relation "streams_geom_idx" already exists, skipping

NOTICE:  relation "streams_wbk_idx" already exists, skipping

NOTICE:  relation "streams_wscode_gist_idx" already exists, skipping

NOTICE:  relation "streams_wscode_btree_idx" already exists, skipping

NOTICE:  relation "streams_localcode_gist_idx" already exists, skipping

NOTICE:  relation "streams_localcode_btree_idx" already exists, skipping

NOTICE:  relation "streams_habitat_bt" already exists, skipping

NOTICE:  relation "streams_habitat_bt_wsg_idx" already exists, skipping

NOTICE:  relation "streams_habitat_ch" already exists, skipping

NOTICE:  relation "streams_habitat_ch_wsg_idx" already exists, skipping

NOTICE:  relation "streams_habitat_cm" already exists, skipping

NOTICE:  relation "streams_habitat_cm_wsg_idx" already exists, skipping

NOTICE:  relation "streams_habitat_co" already exists, skipping

NOTICE:  relation "streams_habitat_co_wsg_idx" already exists, skipping

NOTICE:  relation "streams_habitat_pk" already exists, skipping

NOTICE:  relation "streams_habitat_pk_wsg_idx" already exists, skipping

NOTICE:  relation "streams_habitat_sk" already exists, skipping

NOTICE:  relation "streams_habitat_sk_wsg_idx" already exists, skipping

NOTICE:  relation "streams_habitat_st" already exists, skipping

NOTICE:  relation "streams_habitat_st_wsg_idx" already exists, skipping

NOTICE:  relation "streams_habitat_wct" already exists, skipping

NOTICE:  relation "streams_habitat_wct_wsg_idx" already exists, skipping

NOTICE:  relation "streams_habitat_ko" already exists, skipping

NOTICE:  relation "streams_habitat_ko_wsg_idx" already exists, skipping

NOTICE:  relation "streams_habitat_rb" already exists, skipping

NOTICE:  relation "streams_habitat_rb_wsg_idx" already exists, skipping

NOTICE:  relation "streams_habitat_gr" already exists, skipping

NOTICE:  relation "streams_habitat_gr_wsg_idx" already exists, skipping

NOTICE:  relation "barriers" already exists, skipping

NOTICE:  relation "barriers_wsg_idx" already exists, skipping

NOTICE:  relation "barriers_blocks_idx" already exists, skipping

NOTICE:  relation "barriers_source_idx" already exists, skipping

NOTICE:  relation "barriers_blk_drm_idx" already exists, skipping

NOTICE:  relation "barriers_geom_idx" already exists, skipping

NOTICE:  relation "barriers_wscode_gist_idx" already exists, skipping

NOTICE:  relation "barriers_wscode_btree_idx" already exists, skipping

NOTICE:  relation "barriers_localcode_gist_idx" already exists, skipping

NOTICE:  relation "barriers_localcode_btree_idx" already exists, skipping

NOTICE:  relation "barrier_overrides" already exists, skipping

NOTICE:  relation "barrier_overrides_wsg_idx" already exists, skipping

NOTICE:  relation "barrier_overrides_blk_drm_idx" already exists, skipping

NOTICE:  relation "streams_access" already exists, skipping

NOTICE:  relation "streams_access_wsg_idx" already exists, skipping

NOTICE:  relation "streams_mapping_code" already exists, skipping

NOTICE:  relation "streams_mapping_code_wsg_idx" already exists, skipping

NOTICE:  schema "score300_rb_mad" already exists, skipping

NOTICE:  relation "log" already exists, skipping

NOTICE:  column "run_id" of relation "log" already exists, skipping

NOTICE:  column "watershed_group_code" of relation "log" already exists, skipping

NOTICE:  column "date_start" of relation "log" already exists, skipping

NOTICE:  column "date_end" of relation "log" already exists, skipping

NOTICE:  column "run_uid" of relation "log" already exists, skipping

NOTICE:  column "run_label" of relation "log" already exists, skipping

NOTICE:  column "host" of relation "log" already exists, skipping

NOTICE:  column "config_name" of relation "log" already exists, skipping

NOTICE:  column "config_hash" of relation "log" already exists, skipping

NOTICE:  column "config_drift" of relation "log" already exists, skipping

NOTICE:  column "link_version" of relation "log" already exists, skipping

NOTICE:  column "link_sha" of relation "log" already exists, skipping

NOTICE:  column "link_dirty" of relation "log" already exists, skipping

NOTICE:  column "fresh_version" of relation "log" already exists, skipping

NOTICE:  column "fresh_sha" of relation "log" already exists, skipping

NOTICE:  column "fresh_dirty" of relation "log" already exists, skipping

NOTICE:  column "fresh_sha_source" of relation "log" already exists, skipping

NOTICE:  column "crate_version" of relation "log" already exists, skipping

NOTICE:  column "fwapg_sha" of relation "log" already exists, skipping

NOTICE:  column "bcfishobs_sha" of relation "log" already exists, skipping

NOTICE:  column "arg_dams" of relation "log" already exists, skipping

NOTICE:  column "arg_mapping_code" of relation "log" already exists, skipping

NOTICE:  column "arg_cleanup_working" of relation "log" already exists, skipping

NOTICE:  column "schema_persist" of relation "log" already exists, skipping

NOTICE:  column "species" of relation "log" already exists, skipping

NOTICE:  column "wsg_upstream" of relation "log" already exists, skipping

NOTICE:  column "bcfp_model_run_id" of relation "log" already exists, skipping

NOTICE:  column "bcfp_model_version" of relation "log" already exists, skipping

NOTICE:  column "bcfp_pin_source" of relation "log" already exists, skipping

NOTICE:  column "notes" of relation "log" already exists, skipping

NOTICE:  relation "log_recompute" already exists, skipping

NOTICE:  column "recompute_id" of relation "log_recompute" already exists, skipping

NOTICE:  column "watershed_group_code" of relation "log_recompute" already exists, skipping

NOTICE:  column "date_start" of relation "log_recompute" already exists, skipping

NOTICE:  column "date_end" of relation "log_recompute" already exists, skipping

NOTICE:  column "run_uid" of relation "log_recompute" already exists, skipping

NOTICE:  column "run_label" of relation "log_recompute" already exists, skipping

NOTICE:  column "host" of relation "log_recompute" already exists, skipping

NOTICE:  column "config_name" of relation "log_recompute" already exists, skipping

NOTICE:  column "config_hash" of relation "log_recompute" already exists, skipping

NOTICE:  column "link_version" of relation "log_recompute" already exists, skipping

NOTICE:  column "link_sha" of relation "log_recompute" already exists, skipping

NOTICE:  column "link_dirty" of relation "log_recompute" already exists, skipping

NOTICE:  column "fresh_version" of relation "log_recompute" already exists, skipping

NOTICE:  column "fresh_sha" of relation "log_recompute" already exists, skipping

NOTICE:  column "fresh_dirty" of relation "log_recompute" already exists, skipping

NOTICE:  column "fresh_sha_source" of relation "log_recompute" already exists, skipping

NOTICE:  column "crate_version" of relation "log_recompute" already exists, skipping

NOTICE:  column "fwapg_sha" of relation "log_recompute" already exists, skipping

NOTICE:  column "bcfishobs_sha" of relation "log_recompute" already exists, skipping

NOTICE:  column "schema_persist" of relation "log_recompute" already exists, skipping

NOTICE:  column "species" of relation "log_recompute" already exists, skipping

NOTICE:  column "views_prebuilt" of relation "log_recompute" already exists, skipping

NOTICE:  column "notes" of relation "log_recompute" already exists, skipping

NOTICE:  relation "log_input" already exists, skipping

NOTICE:  column "run_id" of relation "log_input" already exists, skipping

NOTICE:  column "watershed_group_code" of relation "log_input" already exists, skipping

NOTICE:  column "table_name" of relation "log_input" already exists, skipping

NOTICE:  column "row_count" of relation "log_input" already exists, skipping

NOTICE:  column "row_count_estimated" of relation "log_input" already exists, skipping

NOTICE:  column "size_bytes" of relation "log_input" already exists, skipping

NOTICE:  column "last_analyze" of relation "log_input" already exists, skipping

NOTICE:  column "source" of relation "log_input" already exists, skipping

NOTICE:  column "source_at" of relation "log_input" already exists, skipping

NOTICE:  relation "log_parameters_fresh" already exists, skipping

NOTICE:  column "config_hash" of relation "log_parameters_fresh" already exists, skipping

NOTICE:  column "species_code" of relation "log_parameters_fresh" already exists, skipping

NOTICE:  column "access_gradient_max" of relation "log_parameters_fresh" already exists, skipping

NOTICE:  column "spawn_gradient_min" of relation "log_parameters_fresh" already exists, skipping

NOTICE:  column "rear_gradient_min" of relation "log_parameters_fresh" already exists, skipping

NOTICE:  column "cluster_rearing" of relation "log_parameters_fresh" already exists, skipping

NOTICE:  column "cluster_direction" of relation "log_parameters_fresh" already exists, skipping

NOTICE:  column "cluster_bridge_gradient" of relation "log_parameters_fresh" already exists, skipping

NOTICE:  column "cluster_bridge_distance" of relation "log_parameters_fresh" already exists, skipping

NOTICE:  column "cluster_confluence_m" of relation "log_parameters_fresh" already exists, skipping

NOTICE:  column "cluster_spawning" of relation "log_parameters_fresh" already exists, skipping

NOTICE:  column "cluster_spawn_direction" of relation "log_parameters_fresh" already exists, skipping

NOTICE:  column "cluster_spawn_bridge_gradient" of relation "log_parameters_fresh" already exists, skipping

NOTICE:  column "cluster_spawn_bridge_distance" of relation "log_parameters_fresh" already exists, skipping

NOTICE:  column "cluster_spawn_confluence_m" of relation "log_parameters_fresh" already exists, skipping

NOTICE:  column "observation_threshold" of relation "log_parameters_fresh" already exists, skipping

NOTICE:  column "observation_date_min" of relation "log_parameters_fresh" already exists, skipping

NOTICE:  column "observation_buffer_m" of relation "log_parameters_fresh" already exists, skipping

NOTICE:  column "observation_species" of relation "log_parameters_fresh" already exists, skipping

NOTICE:  column "observation_control_apply" of relation "log_parameters_fresh" already exists, skipping

NOTICE:  relation "log_parameters_habitat_thresholds" already exists, skipping

NOTICE:  column "config_hash" of relation "log_parameters_habitat_thresholds" already exists, skipping

NOTICE:  column "species_code" of relation "log_parameters_habitat_thresholds" already exists, skipping

NOTICE:  column "spawn_gradient_max" of relation "log_parameters_habitat_thresholds" already exists, skipping

NOTICE:  column "spawn_channel_width_min" of relation "log_parameters_habitat_thresholds" already exists, skipping

NOTICE:  column "spawn_channel_width_max" of relation "log_parameters_habitat_thresholds" already exists, skipping

NOTICE:  column "spawn_mad_min" of relation "log_parameters_habitat_thresholds" already exists, skipping

NOTICE:  column "spawn_mad_max" of relation "log_parameters_habitat_thresholds" already exists, skipping

NOTICE:  column "rear_gradient_max" of relation "log_parameters_habitat_thresholds" already exists, skipping

NOTICE:  column "rear_channel_width_min" of relation "log_parameters_habitat_thresholds" already exists, skipping

NOTICE:  column "rear_channel_width_max" of relation "log_parameters_habitat_thresholds" already exists, skipping

NOTICE:  column "rear_mad_min" of relation "log_parameters_habitat_thresholds" already exists, skipping

NOTICE:  column "rear_mad_max" of relation "log_parameters_habitat_thresholds" already exists, skipping

NOTICE:  column "rear_lake_ha_min" of relation "log_parameters_habitat_thresholds" already exists, skipping

NOTICE:  column "spawn_edge_types" of relation "log_parameters_habitat_thresholds" already exists, skipping

NOTICE:  column "rear_edge_types" of relation "log_parameters_habitat_thresholds" already exists, skipping

NOTICE:  relation "log_dimensions" already exists, skipping

NOTICE:  column "config_hash" of relation "log_dimensions" already exists, skipping

NOTICE:  column "species" of relation "log_dimensions" already exists, skipping

NOTICE:  column "spawn_lake" of relation "log_dimensions" already exists, skipping

NOTICE:  column "spawn_stream" of relation "log_dimensions" already exists, skipping

NOTICE:  column "spawn_stream_in_waterbody" of relation "log_dimensions" already exists, skipping

NOTICE:  column "rear_lake" of relation "log_dimensions" already exists, skipping

NOTICE:  column "rear_lake_only" of relation "log_dimensions" already exists, skipping

NOTICE:  column "rear_lake_area_only" of relation "log_dimensions" already exists, skipping

NOTICE:  column "rear_no_fw" of relation "log_dimensions" already exists, skipping

NOTICE:  column "rear_stream" of relation "log_dimensions" already exists, skipping

NOTICE:  column "rear_stream_in_waterbody" of relation "log_dimensions" already exists, skipping

NOTICE:  column "rear_wetland" of relation "log_dimensions" already exists, skipping

NOTICE:  column "rear_wetland_polygon" of relation "log_dimensions" already exists, skipping

NOTICE:  column "rear_wetland_area_only" of relation "log_dimensions" already exists, skipping

NOTICE:  column "rear_all_edges" of relation "log_dimensions" already exists, skipping

NOTICE:  column "river_skip_cw_min" of relation "log_dimensions" already exists, skipping

NOTICE:  column "rear_stream_order_bypass" of relation "log_dimensions" already exists, skipping

NOTICE:  column "rear_stream_order_parent_min" of relation "log_dimensions" already exists, skipping

NOTICE:  column "rear_stream_order_child_min" of relation "log_dimensions" already exists, skipping

NOTICE:  column "rear_stream_order_child_max" of relation "log_dimensions" already exists, skipping

NOTICE:  column "rear_stream_order_distance_max" of relation "log_dimensions" already exists, skipping

NOTICE:  column "spawn_requires_connected" of relation "log_dimensions" already exists, skipping

NOTICE:  column "spawn_connected_distance_max" of relation "log_dimensions" already exists, skipping

NOTICE:  column "spawn_connected_direction" of relation "log_dimensions" already exists, skipping

NOTICE:  column "spawn_connected_gradient_max" of relation "log_dimensions" already exists, skipping

NOTICE:  column "spawn_connected_cw_min" of relation "log_dimensions" already exists, skipping

NOTICE:  column "spawn_connected_edge_types" of relation "log_dimensions" already exists, skipping

NOTICE:  column "spawn_connected_lake_adjacent" of relation "log_dimensions" already exists, skipping

NOTICE:  column "rear_requires_connected" of relation "log_dimensions" already exists, skipping

NOTICE:  column "rear_connected_distance_max" of relation "log_dimensions" already exists, skipping

NOTICE:  column "rear_lake_ha_min" of relation "log_dimensions" already exists, skipping

NOTICE:  column "rear_wetland_ha_min" of relation "log_dimensions" already exists, skipping

NOTICE:  column "notes" of relation "log_dimensions" already exists, skipping

NOTICE:  relation "log_wsg_date_idx" already exists, skipping

NOTICE:  relation "log_config_idx" already exists, skipping

NOTICE:  relation "log_input_rn_idx" already exists, skipping

NOTICE:  relation "log_run_uid_idx" already exists, skipping

NOTICE:  relation "log_rc_run_uid_idx" already exists, skipping

NOTICE:  relation "log_rc_wsg_date_idx" already exists, skipping

NOTICE:  relation "streams_blk_idx" already exists, skipping

NOTICE:  relation "streams_blk_drm_idx" already exists, skipping

NOTICE:  relation "streams_wscode_gist_idx" already exists, skipping

NOTICE:  relation "streams_wscode_btree_idx" already exists, skipping

NOTICE:  relation "streams_localcode_gist_idx" already exists, skipping

NOTICE:  relation "streams_localcode_btree_idx" already exists, skipping

NOTICE:  relation "streams_lfid_idx" already exists, skipping

NOTICE:  relation "streams_wsg_idx" already exists, skipping

NOTICE:  relation "streams_id_segment_idx" already exists, skipping

NOTICE:  relation "streams_habitat" already exists, skipping

NOTICE:  table "streams_acc_025" does not exist, skipping

NOTICE:  relation "streams_habitat_wsg_idx" already exists, skipping

NOTICE:  relation "streams_habitat_id_segment_idx" already exists, skipping

NOTICE:  relation "streams_habitat_species_code_idx" already exists, skipping

11:09:10 variant rb_mad REVL done in 0.2 min (habitat e00dafbe)
NOTICE:  relation "streams_blk_idx" already exists, skipping

NOTICE:  relation "streams_blk_drm_idx" already exists, skipping

NOTICE:  relation "streams_wscode_gist_idx" already exists, skipping

NOTICE:  relation "streams_wscode_btree_idx" already exists, skipping

NOTICE:  relation "streams_localcode_gist_idx" already exists, skipping

NOTICE:  relation "streams_localcode_btree_idx" already exists, skipping

NOTICE:  relation "streams_lfid_idx" already exists, skipping

NOTICE:  relation "streams_wsg_idx" already exists, skipping

NOTICE:  relation "streams_id_segment_idx" already exists, skipping

NOTICE:  relation "streams_habitat" already exists, skipping

NOTICE:  table "streams_acc_025" does not exist, skipping

NOTICE:  relation "streams_habitat_wsg_idx" already exists, skipping

NOTICE:  relation "streams_habitat_id_segment_idx" already exists, skipping

NOTICE:  relation "streams_habitat_species_code_idx" already exists, skipping

11:09:36 variant rb_mad ELKR done in 0.4 min (habitat b27a3901)
NOTICE:  relation "streams_blk_idx" already exists, skipping

NOTICE:  relation "streams_blk_drm_idx" already exists, skipping

NOTICE:  relation "streams_wscode_gist_idx" already exists, skipping

NOTICE:  relation "streams_wscode_btree_idx" already exists, skipping

NOTICE:  relation "streams_localcode_gist_idx" already exists, skipping

NOTICE:  relation "streams_localcode_btree_idx" already exists, skipping

NOTICE:  relation "streams_lfid_idx" already exists, skipping

NOTICE:  relation "streams_wsg_idx" already exists, skipping

NOTICE:  relation "streams_id_segment_idx" already exists, skipping

NOTICE:  relation "streams_habitat" already exists, skipping

NOTICE:  table "streams_acc_025" does not exist, skipping

NOTICE:  relation "streams_habitat_wsg_idx" already exists, skipping

NOTICE:  relation "streams_habitat_id_segment_idx" already exists, skipping

NOTICE:  relation "streams_habitat_species_code_idx" already exists, skipping

11:09:52 variant rb_mad KOTR done in 0.2 min (habitat 75a2d214)
NOTICE:  relation "streams_blk_idx" already exists, skipping

NOTICE:  relation "streams_blk_drm_idx" already exists, skipping

NOTICE:  relation "streams_wscode_gist_idx" already exists, skipping

NOTICE:  relation "streams_wscode_btree_idx" already exists, skipping

NOTICE:  relation "streams_localcode_gist_idx" already exists, skipping

NOTICE:  relation "streams_localcode_btree_idx" already exists, skipping

NOTICE:  relation "streams_lfid_idx" already exists, skipping

NOTICE:  relation "streams_wsg_idx" already exists, skipping

NOTICE:  relation "streams_id_segment_idx" already exists, skipping

NOTICE:  relation "streams_habitat" already exists, skipping

NOTICE:  table "streams_acc_025" does not exist, skipping

NOTICE:  relation "streams_habitat_wsg_idx" already exists, skipping

NOTICE:  relation "streams_habitat_id_segment_idx" already exists, skipping

NOTICE:  relation "streams_habitat_species_code_idx" already exists, skipping

11:10:30 variant rb_mad PARS done in 0.6 min (habitat 83b0ad05)
NOTICE:  relation "streams_blk_idx" already exists, skipping

NOTICE:  relation "streams_blk_drm_idx" already exists, skipping

NOTICE:  relation "streams_wscode_gist_idx" already exists, skipping

NOTICE:  relation "streams_wscode_btree_idx" already exists, skipping

NOTICE:  relation "streams_localcode_gist_idx" already exists, skipping

NOTICE:  relation "streams_localcode_btree_idx" already exists, skipping

NOTICE:  relation "streams_lfid_idx" already exists, skipping

NOTICE:  relation "streams_wsg_idx" already exists, skipping

NOTICE:  relation "streams_id_segment_idx" already exists, skipping

NOTICE:  relation "streams_habitat" already exists, skipping

NOTICE:  table "streams_acc_025" does not exist, skipping

NOTICE:  relation "streams_habitat_wsg_idx" already exists, skipping

NOTICE:  relation "streams_habitat_id_segment_idx" already exists, skipping

NOTICE:  relation "streams_habitat_species_code_idx" already exists, skipping

11:11:00 variant rb_mad KOTL done in 0.5 min (habitat 5e4cc1f9)
NOTICE:  relation "streams_blk_idx" already exists, skipping

NOTICE:  relation "streams_blk_drm_idx" already exists, skipping

NOTICE:  relation "streams_wscode_gist_idx" already exists, skipping

NOTICE:  relation "streams_wscode_btree_idx" already exists, skipping

NOTICE:  relation "streams_localcode_gist_idx" already exists, skipping

NOTICE:  relation "streams_localcode_btree_idx" already exists, skipping

NOTICE:  relation "streams_lfid_idx" already exists, skipping

NOTICE:  relation "streams_wsg_idx" already exists, skipping

NOTICE:  relation "streams_id_segment_idx" already exists, skipping

NOTICE:  relation "streams_habitat" already exists, skipping

NOTICE:  table "streams_acc_025" does not exist, skipping

NOTICE:  relation "streams_habitat_wsg_idx" already exists, skipping

NOTICE:  relation "streams_habitat_id_segment_idx" already exists, skipping

NOTICE:  relation "streams_habitat_species_code_idx" already exists, skipping

11:11:32 variant rb_mad SIML done in 0.5 min (habitat 7bbfb80a)
NOTICE:  relation "streams_blk_idx" already exists, skipping

NOTICE:  relation "streams_blk_drm_idx" already exists, skipping

NOTICE:  relation "streams_wscode_gist_idx" already exists, skipping

NOTICE:  relation "streams_wscode_btree_idx" already exists, skipping

NOTICE:  relation "streams_localcode_gist_idx" already exists, skipping

NOTICE:  relation "streams_localcode_btree_idx" already exists, skipping

NOTICE:  relation "streams_lfid_idx" already exists, skipping

NOTICE:  relation "streams_wsg_idx" already exists, skipping

NOTICE:  relation "streams_id_segment_idx" already exists, skipping

NOTICE:  relation "streams_habitat" already exists, skipping

NOTICE:  table "streams_acc_025" does not exist, skipping

NOTICE:  relation "streams_habitat_wsg_idx" already exists, skipping

NOTICE:  relation "streams_habitat_id_segment_idx" already exists, skipping

NOTICE:  relation "streams_habitat_species_code_idx" already exists, skipping

11:11:50 variant rb_mad OKAN done in 0.3 min (habitat f9b6c116)
NOTICE:  relation "streams_blk_idx" already exists, skipping

NOTICE:  relation "streams_blk_drm_idx" already exists, skipping

NOTICE:  relation "streams_wscode_gist_idx" already exists, skipping

NOTICE:  relation "streams_wscode_btree_idx" already exists, skipping

NOTICE:  relation "streams_localcode_gist_idx" already exists, skipping

NOTICE:  relation "streams_localcode_btree_idx" already exists, skipping

NOTICE:  relation "streams_lfid_idx" already exists, skipping

NOTICE:  relation "streams_wsg_idx" already exists, skipping

NOTICE:  relation "streams_id_segment_idx" already exists, skipping

NOTICE:  relation "streams_habitat" already exists, skipping

NOTICE:  table "streams_acc_025" does not exist, skipping

NOTICE:  relation "streams_habitat_wsg_idx" already exists, skipping

NOTICE:  relation "streams_habitat_id_segment_idx" already exists, skipping

NOTICE:  relation "streams_habitat_species_code_idx" already exists, skipping

11:12:22 variant rb_mad KETL done in 0.5 min (habitat 7e5f7859)
11:12:22 variant ko_mad into score300_ko_mad (PARS,KOTL)
NOTICE:  schema "score300_ko_mad" already exists, skipping

NOTICE:  relation "streams" already exists, skipping

NOTICE:  relation "streams_wsg_idx" already exists, skipping

NOTICE:  relation "streams_blk_idx" already exists, skipping

NOTICE:  relation "streams_geom_idx" already exists, skipping

NOTICE:  relation "streams_wbk_idx" already exists, skipping

NOTICE:  relation "streams_wscode_gist_idx" already exists, skipping

NOTICE:  relation "streams_wscode_btree_idx" already exists, skipping

NOTICE:  relation "streams_localcode_gist_idx" already exists, skipping

NOTICE:  relation "streams_localcode_btree_idx" already exists, skipping

NOTICE:  relation "streams_habitat_bt" already exists, skipping

NOTICE:  relation "streams_habitat_bt_wsg_idx" already exists, skipping

NOTICE:  relation "streams_habitat_ch" already exists, skipping

NOTICE:  relation "streams_habitat_ch_wsg_idx" already exists, skipping

NOTICE:  relation "streams_habitat_cm" already exists, skipping

NOTICE:  relation "streams_habitat_cm_wsg_idx" already exists, skipping

NOTICE:  relation "streams_habitat_co" already exists, skipping

NOTICE:  relation "streams_habitat_co_wsg_idx" already exists, skipping

NOTICE:  relation "streams_habitat_pk" already exists, skipping

NOTICE:  relation "streams_habitat_pk_wsg_idx" already exists, skipping

NOTICE:  relation "streams_habitat_sk" already exists, skipping

NOTICE:  relation "streams_habitat_sk_wsg_idx" already exists, skipping

NOTICE:  relation "streams_habitat_st" already exists, skipping

NOTICE:  relation "streams_habitat_st_wsg_idx" already exists, skipping

NOTICE:  relation "streams_habitat_wct" already exists, skipping

NOTICE:  relation "streams_habitat_wct_wsg_idx" already exists, skipping

NOTICE:  relation "streams_habitat_ko" already exists, skipping

NOTICE:  relation "streams_habitat_ko_wsg_idx" already exists, skipping

NOTICE:  relation "streams_habitat_rb" already exists, skipping

NOTICE:  relation "streams_habitat_rb_wsg_idx" already exists, skipping

NOTICE:  relation "streams_habitat_gr" already exists, skipping

NOTICE:  relation "streams_habitat_gr_wsg_idx" already exists, skipping

NOTICE:  relation "barriers" already exists, skipping

NOTICE:  relation "barriers_wsg_idx" already exists, skipping

NOTICE:  relation "barriers_blocks_idx" already exists, skipping

NOTICE:  relation "barriers_source_idx" already exists, skipping

NOTICE:  relation "barriers_blk_drm_idx" already exists, skipping

NOTICE:  relation "barriers_geom_idx" already exists, skipping

NOTICE:  relation "barriers_wscode_gist_idx" already exists, skipping

NOTICE:  relation "barriers_wscode_btree_idx" already exists, skipping

NOTICE:  relation "barriers_localcode_gist_idx" already exists, skipping

NOTICE:  relation "barriers_localcode_btree_idx" already exists, skipping

NOTICE:  relation "barrier_overrides" already exists, skipping

NOTICE:  relation "barrier_overrides_wsg_idx" already exists, skipping

NOTICE:  relation "barrier_overrides_blk_drm_idx" already exists, skipping

NOTICE:  relation "streams_access" already exists, skipping

NOTICE:  relation "streams_access_wsg_idx" already exists, skipping

NOTICE:  relation "streams_mapping_code" already exists, skipping

NOTICE:  relation "streams_mapping_code_wsg_idx" already exists, skipping

NOTICE:  schema "score300_ko_mad" already exists, skipping

NOTICE:  relation "log" already exists, skipping

NOTICE:  column "run_id" of relation "log" already exists, skipping

NOTICE:  column "watershed_group_code" of relation "log" already exists, skipping

NOTICE:  column "date_start" of relation "log" already exists, skipping

NOTICE:  column "date_end" of relation "log" already exists, skipping

NOTICE:  column "run_uid" of relation "log" already exists, skipping

NOTICE:  column "run_label" of relation "log" already exists, skipping

NOTICE:  column "host" of relation "log" already exists, skipping

NOTICE:  column "config_name" of relation "log" already exists, skipping

NOTICE:  column "config_hash" of relation "log" already exists, skipping

NOTICE:  column "config_drift" of relation "log" already exists, skipping

NOTICE:  column "link_version" of relation "log" already exists, skipping

NOTICE:  column "link_sha" of relation "log" already exists, skipping

NOTICE:  column "link_dirty" of relation "log" already exists, skipping

NOTICE:  column "fresh_version" of relation "log" already exists, skipping

NOTICE:  column "fresh_sha" of relation "log" already exists, skipping

NOTICE:  column "fresh_dirty" of relation "log" already exists, skipping

NOTICE:  column "fresh_sha_source" of relation "log" already exists, skipping

NOTICE:  column "crate_version" of relation "log" already exists, skipping

NOTICE:  column "fwapg_sha" of relation "log" already exists, skipping

NOTICE:  column "bcfishobs_sha" of relation "log" already exists, skipping

NOTICE:  column "arg_dams" of relation "log" already exists, skipping

NOTICE:  column "arg_mapping_code" of relation "log" already exists, skipping

NOTICE:  column "arg_cleanup_working" of relation "log" already exists, skipping

NOTICE:  column "schema_persist" of relation "log" already exists, skipping

NOTICE:  column "species" of relation "log" already exists, skipping

NOTICE:  column "wsg_upstream" of relation "log" already exists, skipping

NOTICE:  column "bcfp_model_run_id" of relation "log" already exists, skipping

NOTICE:  column "bcfp_model_version" of relation "log" already exists, skipping

NOTICE:  column "bcfp_pin_source" of relation "log" already exists, skipping

NOTICE:  column "notes" of relation "log" already exists, skipping

NOTICE:  relation "log_recompute" already exists, skipping

NOTICE:  column "recompute_id" of relation "log_recompute" already exists, skipping

NOTICE:  column "watershed_group_code" of relation "log_recompute" already exists, skipping

NOTICE:  column "date_start" of relation "log_recompute" already exists, skipping

NOTICE:  column "date_end" of relation "log_recompute" already exists, skipping

NOTICE:  column "run_uid" of relation "log_recompute" already exists, skipping

NOTICE:  column "run_label" of relation "log_recompute" already exists, skipping

NOTICE:  column "host" of relation "log_recompute" already exists, skipping

NOTICE:  column "config_name" of relation "log_recompute" already exists, skipping

NOTICE:  column "config_hash" of relation "log_recompute" already exists, skipping

NOTICE:  column "link_version" of relation "log_recompute" already exists, skipping

NOTICE:  column "link_sha" of relation "log_recompute" already exists, skipping

NOTICE:  column "link_dirty" of relation "log_recompute" already exists, skipping

NOTICE:  column "fresh_version" of relation "log_recompute" already exists, skipping

NOTICE:  column "fresh_sha" of relation "log_recompute" already exists, skipping

NOTICE:  column "fresh_dirty" of relation "log_recompute" already exists, skipping

NOTICE:  column "fresh_sha_source" of relation "log_recompute" already exists, skipping

NOTICE:  column "crate_version" of relation "log_recompute" already exists, skipping

NOTICE:  column "fwapg_sha" of relation "log_recompute" already exists, skipping

NOTICE:  column "bcfishobs_sha" of relation "log_recompute" already exists, skipping

NOTICE:  column "schema_persist" of relation "log_recompute" already exists, skipping

NOTICE:  column "species" of relation "log_recompute" already exists, skipping

NOTICE:  column "views_prebuilt" of relation "log_recompute" already exists, skipping

NOTICE:  column "notes" of relation "log_recompute" already exists, skipping

NOTICE:  relation "log_input" already exists, skipping

NOTICE:  column "run_id" of relation "log_input" already exists, skipping

NOTICE:  column "watershed_group_code" of relation "log_input" already exists, skipping

NOTICE:  column "table_name" of relation "log_input" already exists, skipping

NOTICE:  column "row_count" of relation "log_input" already exists, skipping

NOTICE:  column "row_count_estimated" of relation "log_input" already exists, skipping

NOTICE:  column "size_bytes" of relation "log_input" already exists, skipping

NOTICE:  column "last_analyze" of relation "log_input" already exists, skipping

NOTICE:  column "source" of relation "log_input" already exists, skipping

NOTICE:  column "source_at" of relation "log_input" already exists, skipping

NOTICE:  relation "log_parameters_fresh" already exists, skipping

NOTICE:  column "config_hash" of relation "log_parameters_fresh" already exists, skipping

NOTICE:  column "species_code" of relation "log_parameters_fresh" already exists, skipping

NOTICE:  column "access_gradient_max" of relation "log_parameters_fresh" already exists, skipping

NOTICE:  column "spawn_gradient_min" of relation "log_parameters_fresh" already exists, skipping

NOTICE:  column "rear_gradient_min" of relation "log_parameters_fresh" already exists, skipping

NOTICE:  column "cluster_rearing" of relation "log_parameters_fresh" already exists, skipping

NOTICE:  column "cluster_direction" of relation "log_parameters_fresh" already exists, skipping

NOTICE:  column "cluster_bridge_gradient" of relation "log_parameters_fresh" already exists, skipping

NOTICE:  column "cluster_bridge_distance" of relation "log_parameters_fresh" already exists, skipping

NOTICE:  column "cluster_confluence_m" of relation "log_parameters_fresh" already exists, skipping

NOTICE:  column "cluster_spawning" of relation "log_parameters_fresh" already exists, skipping

NOTICE:  column "cluster_spawn_direction" of relation "log_parameters_fresh" already exists, skipping

NOTICE:  column "cluster_spawn_bridge_gradient" of relation "log_parameters_fresh" already exists, skipping

NOTICE:  column "cluster_spawn_bridge_distance" of relation "log_parameters_fresh" already exists, skipping

NOTICE:  column "cluster_spawn_confluence_m" of relation "log_parameters_fresh" already exists, skipping

NOTICE:  column "observation_threshold" of relation "log_parameters_fresh" already exists, skipping

NOTICE:  column "observation_date_min" of relation "log_parameters_fresh" already exists, skipping

NOTICE:  column "observation_buffer_m" of relation "log_parameters_fresh" already exists, skipping

NOTICE:  column "observation_species" of relation "log_parameters_fresh" already exists, skipping

NOTICE:  column "observation_control_apply" of relation "log_parameters_fresh" already exists, skipping

NOTICE:  relation "log_parameters_habitat_thresholds" already exists, skipping

NOTICE:  column "config_hash" of relation "log_parameters_habitat_thresholds" already exists, skipping

NOTICE:  column "species_code" of relation "log_parameters_habitat_thresholds" already exists, skipping

NOTICE:  column "spawn_gradient_max" of relation "log_parameters_habitat_thresholds" already exists, skipping

NOTICE:  column "spawn_channel_width_min" of relation "log_parameters_habitat_thresholds" already exists, skipping

NOTICE:  column "spawn_channel_width_max" of relation "log_parameters_habitat_thresholds" already exists, skipping

NOTICE:  column "spawn_mad_min" of relation "log_parameters_habitat_thresholds" already exists, skipping

NOTICE:  column "spawn_mad_max" of relation "log_parameters_habitat_thresholds" already exists, skipping

NOTICE:  column "rear_gradient_max" of relation "log_parameters_habitat_thresholds" already exists, skipping

NOTICE:  column "rear_channel_width_min" of relation "log_parameters_habitat_thresholds" already exists, skipping

NOTICE:  column "rear_channel_width_max" of relation "log_parameters_habitat_thresholds" already exists, skipping

NOTICE:  column "rear_mad_min" of relation "log_parameters_habitat_thresholds" already exists, skipping

NOTICE:  column "rear_mad_max" of relation "log_parameters_habitat_thresholds" already exists, skipping

NOTICE:  column "rear_lake_ha_min" of relation "log_parameters_habitat_thresholds" already exists, skipping

NOTICE:  column "spawn_edge_types" of relation "log_parameters_habitat_thresholds" already exists, skipping

NOTICE:  column "rear_edge_types" of relation "log_parameters_habitat_thresholds" already exists, skipping

NOTICE:  relation "log_dimensions" already exists, skipping

NOTICE:  column "config_hash" of relation "log_dimensions" already exists, skipping

NOTICE:  column "species" of relation "log_dimensions" already exists, skipping

NOTICE:  column "spawn_lake" of relation "log_dimensions" already exists, skipping

NOTICE:  column "spawn_stream" of relation "log_dimensions" already exists, skipping

NOTICE:  column "spawn_stream_in_waterbody" of relation "log_dimensions" already exists, skipping

NOTICE:  column "rear_lake" of relation "log_dimensions" already exists, skipping

NOTICE:  column "rear_lake_only" of relation "log_dimensions" already exists, skipping

NOTICE:  column "rear_lake_area_only" of relation "log_dimensions" already exists, skipping

NOTICE:  column "rear_no_fw" of relation "log_dimensions" already exists, skipping

NOTICE:  column "rear_stream" of relation "log_dimensions" already exists, skipping

NOTICE:  column "rear_stream_in_waterbody" of relation "log_dimensions" already exists, skipping

NOTICE:  column "rear_wetland" of relation "log_dimensions" already exists, skipping

NOTICE:  column "rear_wetland_polygon" of relation "log_dimensions" already exists, skipping

NOTICE:  column "rear_wetland_area_only" of relation "log_dimensions" already exists, skipping

NOTICE:  column "rear_all_edges" of relation "log_dimensions" already exists, skipping

NOTICE:  column "river_skip_cw_min" of relation "log_dimensions" already exists, skipping

NOTICE:  column "rear_stream_order_bypass" of relation "log_dimensions" already exists, skipping

NOTICE:  column "rear_stream_order_parent_min" of relation "log_dimensions" already exists, skipping

NOTICE:  column "rear_stream_order_child_min" of relation "log_dimensions" already exists, skipping

NOTICE:  column "rear_stream_order_child_max" of relation "log_dimensions" already exists, skipping

NOTICE:  column "rear_stream_order_distance_max" of relation "log_dimensions" already exists, skipping

NOTICE:  column "spawn_requires_connected" of relation "log_dimensions" already exists, skipping

NOTICE:  column "spawn_connected_distance_max" of relation "log_dimensions" already exists, skipping

NOTICE:  column "spawn_connected_direction" of relation "log_dimensions" already exists, skipping

NOTICE:  column "spawn_connected_gradient_max" of relation "log_dimensions" already exists, skipping

NOTICE:  column "spawn_connected_cw_min" of relation "log_dimensions" already exists, skipping

NOTICE:  column "spawn_connected_edge_types" of relation "log_dimensions" already exists, skipping

NOTICE:  column "spawn_connected_lake_adjacent" of relation "log_dimensions" already exists, skipping

NOTICE:  column "rear_requires_connected" of relation "log_dimensions" already exists, skipping

NOTICE:  column "rear_connected_distance_max" of relation "log_dimensions" already exists, skipping

NOTICE:  column "rear_lake_ha_min" of relation "log_dimensions" already exists, skipping

NOTICE:  column "rear_wetland_ha_min" of relation "log_dimensions" already exists, skipping

NOTICE:  column "notes" of relation "log_dimensions" already exists, skipping

NOTICE:  relation "log_wsg_date_idx" already exists, skipping

NOTICE:  relation "log_config_idx" already exists, skipping

NOTICE:  relation "log_input_rn_idx" already exists, skipping

NOTICE:  relation "log_run_uid_idx" already exists, skipping

NOTICE:  relation "log_rc_run_uid_idx" already exists, skipping

NOTICE:  relation "log_rc_wsg_date_idx" already exists, skipping

NOTICE:  relation "streams_blk_idx" already exists, skipping

NOTICE:  relation "streams_blk_drm_idx" already exists, skipping

NOTICE:  relation "streams_wscode_gist_idx" already exists, skipping

NOTICE:  relation "streams_wscode_btree_idx" already exists, skipping

NOTICE:  relation "streams_localcode_gist_idx" already exists, skipping

NOTICE:  relation "streams_localcode_btree_idx" already exists, skipping

NOTICE:  relation "streams_lfid_idx" already exists, skipping

NOTICE:  relation "streams_wsg_idx" already exists, skipping

NOTICE:  relation "streams_id_segment_idx" already exists, skipping

NOTICE:  relation "streams_habitat" already exists, skipping

NOTICE:  table "streams_acc_015" does not exist, skipping

NOTICE:  relation "streams_habitat_wsg_idx" already exists, skipping

NOTICE:  relation "streams_habitat_id_segment_idx" already exists, skipping

NOTICE:  relation "streams_habitat_species_code_idx" already exists, skipping

NOTICE:  table "frs_clusters_ko" does not exist, skipping

NOTICE:  table "frs_qual_spawn_ko" does not exist, skipping

NOTICE:  table "frs_trace_lfid_ko" does not exist, skipping

11:12:40 variant ko_mad PARS done in 0.3 min (habitat 26039a2b)
NOTICE:  relation "streams_blk_idx" already exists, skipping

NOTICE:  relation "streams_blk_drm_idx" already exists, skipping

NOTICE:  relation "streams_wscode_gist_idx" already exists, skipping

NOTICE:  relation "streams_wscode_btree_idx" already exists, skipping

NOTICE:  relation "streams_localcode_gist_idx" already exists, skipping

NOTICE:  relation "streams_localcode_btree_idx" already exists, skipping

NOTICE:  relation "streams_lfid_idx" already exists, skipping

NOTICE:  relation "streams_wsg_idx" already exists, skipping

NOTICE:  relation "streams_id_segment_idx" already exists, skipping

NOTICE:  relation "streams_habitat" already exists, skipping

NOTICE:  table "streams_acc_015" does not exist, skipping

NOTICE:  table "streams_acc_015_ovr_ko" does not exist, skipping

NOTICE:  relation "streams_habitat_wsg_idx" already exists, skipping

NOTICE:  relation "streams_habitat_id_segment_idx" already exists, skipping

NOTICE:  relation "streams_habitat_species_code_idx" already exists, skipping

NOTICE:  table "frs_clusters_ko" does not exist, skipping

NOTICE:  table "frs_qual_spawn_ko" does not exist, skipping

NOTICE:  table "frs_trace_lfid_ko" does not exist, skipping

11:12:57 variant ko_mad KOTL done in 0.3 min (habitat 3cd209ee)
11:12:57 build all done in 68.2 min
