15:01:39 base: default_tuned, 5 WSGs (focal PARS) into score300_default_tuned
NOTICE:  column "run_id" of relation "log" already exists, skipping

NOTICE:  column "watershed_group_code" of relation "log" already exists, skipping

NOTICE:  column "date_start" of relation "log" already exists, skipping

NOTICE:  column "date_end" of relation "log" already exists, skipping

NOTICE:  column "run_uid" of relation "log" already exists, skipping

NOTICE:  column "run_label" of relation "log" already exists, skipping

NOTICE:  column "host" of relation "log" already exists, skipping

NOTICE:  column "config_name" of relation "log" already exists, skipping

NOTICE:  column "config_hash" of relation "log" already exists, skipping

NOTICE:  column "config_drift" of relation "log" already exists, skipping

NOTICE:  column "link_version" of relation "log" already exists, skipping

NOTICE:  column "link_sha" of relation "log" already exists, skipping

NOTICE:  column "link_dirty" of relation "log" already exists, skipping

NOTICE:  column "fresh_version" of relation "log" already exists, skipping

NOTICE:  column "fresh_sha" of relation "log" already exists, skipping

NOTICE:  column "fresh_dirty" of relation "log" already exists, skipping

NOTICE:  column "fresh_sha_source" of relation "log" already exists, skipping

NOTICE:  column "crate_version" of relation "log" already exists, skipping

NOTICE:  column "fwapg_sha" of relation "log" already exists, skipping

NOTICE:  column "bcfishobs_sha" of relation "log" already exists, skipping

NOTICE:  column "arg_dams" of relation "log" already exists, skipping

NOTICE:  column "arg_mapping_code" of relation "log" already exists, skipping

NOTICE:  column "arg_cleanup_working" of relation "log" already exists, skipping

NOTICE:  column "schema_persist" of relation "log" already exists, skipping

NOTICE:  column "species" of relation "log" already exists, skipping

NOTICE:  column "wsg_upstream" of relation "log" already exists, skipping

NOTICE:  column "bcfp_model_run_id" of relation "log" already exists, skipping

NOTICE:  column "bcfp_model_version" of relation "log" already exists, skipping

NOTICE:  column "bcfp_pin_source" of relation "log" already exists, skipping

NOTICE:  column "notes" of relation "log" already exists, skipping

NOTICE:  column "recompute_id" of relation "log_recompute" already exists, skipping

NOTICE:  column "watershed_group_code" of relation "log_recompute" already exists, skipping

NOTICE:  column "date_start" of relation "log_recompute" already exists, skipping

NOTICE:  column "date_end" of relation "log_recompute" already exists, skipping

NOTICE:  column "run_uid" of relation "log_recompute" already exists, skipping

NOTICE:  column "run_label" of relation "log_recompute" already exists, skipping

NOTICE:  column "host" of relation "log_recompute" already exists, skipping

NOTICE:  column "config_name" of relation "log_recompute" already exists, skipping

NOTICE:  column "config_hash" of relation "log_recompute" already exists, skipping

NOTICE:  column "link_version" of relation "log_recompute" already exists, skipping

NOTICE:  column "link_sha" of relation "log_recompute" already exists, skipping

NOTICE:  column "link_dirty" of relation "log_recompute" already exists, skipping

NOTICE:  column "fresh_version" of relation "log_recompute" already exists, skipping

NOTICE:  column "fresh_sha" of relation "log_recompute" already exists, skipping

NOTICE:  column "fresh_dirty" of relation "log_recompute" already exists, skipping

NOTICE:  column "fresh_sha_source" of relation "log_recompute" already exists, skipping

NOTICE:  column "crate_version" of relation "log_recompute" already exists, skipping

NOTICE:  column "fwapg_sha" of relation "log_recompute" already exists, skipping

NOTICE:  column "bcfishobs_sha" of relation "log_recompute" already exists, skipping

NOTICE:  column "schema_persist" of relation "log_recompute" already exists, skipping

NOTICE:  column "species" of relation "log_recompute" already exists, skipping

NOTICE:  column "views_prebuilt" of relation "log_recompute" already exists, skipping

NOTICE:  column "notes" of relation "log_recompute" already exists, skipping

NOTICE:  column "run_id" of relation "log_input" already exists, skipping

NOTICE:  column "watershed_group_code" of relation "log_input" already exists, skipping

NOTICE:  column "table_name" of relation "log_input" already exists, skipping

NOTICE:  column "row_count" of relation "log_input" already exists, skipping

NOTICE:  column "row_count_estimated" of relation "log_input" already exists, skipping

NOTICE:  column "size_bytes" of relation "log_input" already exists, skipping

NOTICE:  column "last_analyze" of relation "log_input" already exists, skipping

NOTICE:  column "source" of relation "log_input" already exists, skipping

NOTICE:  column "source_at" of relation "log_input" already exists, skipping

NOTICE:  column "config_hash" of relation "log_parameters_fresh" already exists, skipping

NOTICE:  column "species_code" of relation "log_parameters_fresh" already exists, skipping

NOTICE:  column "access_gradient_max" of relation "log_parameters_fresh" already exists, skipping

NOTICE:  column "spawn_gradient_min" of relation "log_parameters_fresh" already exists, skipping

NOTICE:  column "rear_gradient_min" of relation "log_parameters_fresh" already exists, skipping

NOTICE:  column "cluster_rearing" of relation "log_parameters_fresh" already exists, skipping

NOTICE:  column "cluster_direction" of relation "log_parameters_fresh" already exists, skipping

NOTICE:  column "cluster_bridge_gradient" of relation "log_parameters_fresh" already exists, skipping

NOTICE:  column "cluster_bridge_distance" of relation "log_parameters_fresh" already exists, skipping

NOTICE:  column "cluster_confluence_m" of relation "log_parameters_fresh" already exists, skipping

NOTICE:  column "cluster_spawning" of relation "log_parameters_fresh" already exists, skipping

NOTICE:  column "cluster_spawn_direction" of relation "log_parameters_fresh" already exists, skipping

NOTICE:  column "cluster_spawn_bridge_gradient" of relation "log_parameters_fresh" already exists, skipping

NOTICE:  column "cluster_spawn_bridge_distance" of relation "log_parameters_fresh" already exists, skipping

NOTICE:  column "cluster_spawn_confluence_m" of relation "log_parameters_fresh" already exists, skipping

NOTICE:  column "observation_threshold" of relation "log_parameters_fresh" already exists, skipping

NOTICE:  column "observation_date_min" of relation "log_parameters_fresh" already exists, skipping

NOTICE:  column "observation_buffer_m" of relation "log_parameters_fresh" already exists, skipping

NOTICE:  column "observation_species" of relation "log_parameters_fresh" already exists, skipping

NOTICE:  column "observation_control_apply" of relation "log_parameters_fresh" already exists, skipping

NOTICE:  column "config_hash" of relation "log_parameters_habitat_thresholds" already exists, skipping

NOTICE:  column "species_code" of relation "log_parameters_habitat_thresholds" already exists, skipping

NOTICE:  column "spawn_gradient_max" of relation "log_parameters_habitat_thresholds" already exists, skipping

NOTICE:  column "spawn_channel_width_min" of relation "log_parameters_habitat_thresholds" already exists, skipping

NOTICE:  column "spawn_channel_width_max" of relation "log_parameters_habitat_thresholds" already exists, skipping

NOTICE:  column "spawn_mad_min" of relation "log_parameters_habitat_thresholds" already exists, skipping

NOTICE:  column "spawn_mad_max" of relation "log_parameters_habitat_thresholds" already exists, skipping

NOTICE:  column "rear_gradient_max" of relation "log_parameters_habitat_thresholds" already exists, skipping

NOTICE:  column "rear_channel_width_min" of relation "log_parameters_habitat_thresholds" already exists, skipping

NOTICE:  column "rear_channel_width_max" of relation "log_parameters_habitat_thresholds" already exists, skipping

NOTICE:  column "rear_mad_min" of relation "log_parameters_habitat_thresholds" already exists, skipping

NOTICE:  column "rear_mad_max" of relation "log_parameters_habitat_thresholds" already exists, skipping

NOTICE:  column "rear_lake_ha_min" of relation "log_parameters_habitat_thresholds" already exists, skipping

NOTICE:  column "spawn_edge_types" of relation "log_parameters_habitat_thresholds" already exists, skipping

NOTICE:  column "rear_edge_types" of relation "log_parameters_habitat_thresholds" already exists, skipping

NOTICE:  column "config_hash" of relation "log_dimensions" already exists, skipping

NOTICE:  column "species" of relation "log_dimensions" already exists, skipping

NOTICE:  column "spawn_lake" of relation "log_dimensions" already exists, skipping

NOTICE:  column "spawn_stream" of relation "log_dimensions" already exists, skipping

NOTICE:  column "spawn_stream_in_waterbody" of relation "log_dimensions" already exists, skipping

NOTICE:  column "rear_lake" of relation "log_dimensions" already exists, skipping

NOTICE:  column "rear_lake_only" of relation "log_dimensions" already exists, skipping

NOTICE:  column "rear_lake_area_only" of relation "log_dimensions" already exists, skipping

NOTICE:  column "rear_no_fw" of relation "log_dimensions" already exists, skipping

NOTICE:  column "rear_stream" of relation "log_dimensions" already exists, skipping

NOTICE:  column "rear_stream_in_waterbody" of relation "log_dimensions" already exists, skipping

NOTICE:  column "rear_wetland" of relation "log_dimensions" already exists, skipping

NOTICE:  column "rear_wetland_polygon" of relation "log_dimensions" already exists, skipping

NOTICE:  column "rear_wetland_area_only" of relation "log_dimensions" already exists, skipping

NOTICE:  column "rear_all_edges" of relation "log_dimensions" already exists, skipping

NOTICE:  column "river_skip_cw_min" of relation "log_dimensions" already exists, skipping

NOTICE:  column "rear_stream_order_bypass" of relation "log_dimensions" already exists, skipping

NOTICE:  column "rear_stream_order_parent_min" of relation "log_dimensions" already exists, skipping

NOTICE:  column "rear_stream_order_child_min" of relation "log_dimensions" already exists, skipping

NOTICE:  column "rear_stream_order_child_max" of relation "log_dimensions" already exists, skipping

NOTICE:  column "rear_stream_order_distance_max" of relation "log_dimensions" already exists, skipping

NOTICE:  column "spawn_requires_connected" of relation "log_dimensions" already exists, skipping

NOTICE:  column "spawn_connected_distance_max" of relation "log_dimensions" already exists, skipping

NOTICE:  column "spawn_connected_direction" of relation "log_dimensions" already exists, skipping

NOTICE:  column "spawn_connected_gradient_max" of relation "log_dimensions" already exists, skipping

NOTICE:  column "spawn_connected_cw_min" of relation "log_dimensions" already exists, skipping

NOTICE:  column "spawn_connected_edge_types" of relation "log_dimensions" already exists, skipping

NOTICE:  column "spawn_connected_lake_adjacent" of relation "log_dimensions" already exists, skipping

NOTICE:  column "rear_requires_connected" of relation "log_dimensions" already exists, skipping

NOTICE:  column "rear_connected_distance_max" of relation "log_dimensions" already exists, skipping

NOTICE:  column "rear_lake_ha_min" of relation "log_dimensions" already exists, skipping

NOTICE:  column "rear_wetland_ha_min" of relation "log_dimensions" already exists, skipping

NOTICE:  column "notes" of relation "log_dimensions" already exists, skipping

NOTICE:  schema "working_score300_lpce" does not exist, skipping

NOTICE:  schema "working_score300_lpce" does not exist, skipping

NOTICE:  schema "working_score300_lpce" does not exist, skipping

NOTICE:  schema "working_score300_lpce" does not exist, skipping

NOTICE:  schema "fresh" already exists, skipping

NOTICE:  table "barriers_definite" does not exist, skipping

NOTICE:  table "barriers_definite_control" does not exist, skipping

NOTICE:  table "observations" does not exist, skipping

NOTICE:  table "streams_blk" does not exist, skipping

NOTICE:  table "gradient_barriers_raw" does not exist, skipping

NOTICE:  table "natural_barriers" does not exist, skipping

NOTICE:  table "barrier_overrides" does not exist, skipping

NOTICE:  table "barriers_bt" does not exist, skipping

NOTICE:  table "barriers_ch" does not exist, skipping

NOTICE:  table "barriers_cm" does not exist, skipping

NOTICE:  table "barriers_co" does not exist, skipping

NOTICE:  table "barriers_pk" does not exist, skipping

NOTICE:  table "barriers_sk" does not exist, skipping

NOTICE:  table "barriers_st" does not exist, skipping

NOTICE:  table "barriers_wct" does not exist, skipping

NOTICE:  table "barriers_ko" does not exist, skipping

NOTICE:  table "barriers_rb" does not exist, skipping

NOTICE:  table "barriers_gr" does not exist, skipping

NOTICE:  table "gradient_barriers_minimal" does not exist, skipping

NOTICE:  table "streams" does not exist, skipping

NOTICE:  table "streams_habitat" does not exist, skipping

NOTICE:  table "cabd_exclusions" does not exist, skipping

NOTICE:  table "cabd_blkey_xref" does not exist, skipping

NOTICE:  table "cabd_passability_status_updates" does not exist, skipping

NOTICE:  table "cabd_additions" does not exist, skipping

NOTICE:  table "cabd_dams_raw" does not exist, skipping

NOTICE:  table "dams" does not exist, skipping

NOTICE:  table "pscis_modelledcrossings_streams_xref" does not exist, skipping

NOTICE:  table "pscis_stream_candidates" does not exist, skipping

NOTICE:  table "pscis_streams_150m" does not exist, skipping

NOTICE:  table "pscis_picked" does not exist, skipping

NOTICE:  table "pscis" does not exist, skipping

NOTICE:  table "crossings_lookup" does not exist, skipping

NOTICE:  table "barriers_anthropogenic" does not exist, skipping

NOTICE:  table "barriers_pscis" does not exist, skipping

NOTICE:  table "barriers_dams" does not exist, skipping

NOTICE:  table "barriers_remediations" does not exist, skipping

NOTICE:  table "observations_breaks" does not exist, skipping

NOTICE:  table "habitat_endpoints" does not exist, skipping

NOTICE:  table "crossings_breaks" does not exist, skipping

NOTICE:  table "streams_breaks" does not exist, skipping

NOTICE:  relation "streams_id_segment_idx" already exists, skipping

NOTICE:  table "streams_acc_015" does not exist, skipping

NOTICE:  table "streams_acc_025" does not exist, skipping

NOTICE:  table "frs_clusters_bt" does not exist, skipping

NOTICE:  table "frs_clusters_gr" does not exist, skipping

NOTICE:  schema "score300_default_tuned" already exists, skipping

NOTICE:  schema "score300_default_tuned" already exists, skipping

NOTICE:  relation "log" already exists, skipping

NOTICE:  column "run_id" of relation "log" already exists, skipping

NOTICE:  column "watershed_group_code" of relation "log" already exists, skipping

NOTICE:  column "date_start" of relation "log" already exists, skipping

NOTICE:  column "date_end" of relation "log" already exists, skipping

NOTICE:  column "run_uid" of relation "log" already exists, skipping

NOTICE:  column "run_label" of relation "log" already exists, skipping

NOTICE:  column "host" of relation "log" already exists, skipping

NOTICE:  column "config_name" of relation "log" already exists, skipping

NOTICE:  column "config_hash" of relation "log" already exists, skipping

NOTICE:  column "config_drift" of relation "log" already exists, skipping

NOTICE:  column "link_version" of relation "log" already exists, skipping

NOTICE:  column "link_sha" of relation "log" already exists, skipping

NOTICE:  column "link_dirty" of relation "log" already exists, skipping

NOTICE:  column "fresh_version" of relation "log" already exists, skipping

NOTICE:  column "fresh_sha" of relation "log" already exists, skipping

NOTICE:  column "fresh_dirty" of relation "log" already exists, skipping

NOTICE:  column "fresh_sha_source" of relation "log" already exists, skipping

NOTICE:  column "crate_version" of relation "log" already exists, skipping

NOTICE:  column "fwapg_sha" of relation "log" already exists, skipping

NOTICE:  column "bcfishobs_sha" of relation "log" already exists, skipping

NOTICE:  column "arg_dams" of relation "log" already exists, skipping

NOTICE:  column "arg_mapping_code" of relation "log" already exists, skipping

NOTICE:  column "arg_cleanup_working" of relation "log" already exists, skipping

NOTICE:  column "schema_persist" of relation "log" already exists, skipping

NOTICE:  column "species" of relation "log" already exists, skipping

NOTICE:  column "wsg_upstream" of relation "log" already exists, skipping

NOTICE:  column "bcfp_model_run_id" of relation "log" already exists, skipping

NOTICE:  column "bcfp_model_version" of relation "log" already exists, skipping

NOTICE:  column "bcfp_pin_source" of relation "log" already exists, skipping

NOTICE:  column "notes" of relation "log" already exists, skipping

NOTICE:  relation "log_recompute" already exists, skipping

NOTICE:  column "recompute_id" of relation "log_recompute" already exists, skipping

NOTICE:  column "watershed_group_code" of relation "log_recompute" already exists, skipping

NOTICE:  column "date_start" of relation "log_recompute" already exists, skipping

NOTICE:  column "date_end" of relation "log_recompute" already exists, skipping

NOTICE:  column "run_uid" of relation "log_recompute" already exists, skipping

NOTICE:  column "run_label" of relation "log_recompute" already exists, skipping

NOTICE:  column "host" of relation "log_recompute" already exists, skipping

NOTICE:  column "config_name" of relation "log_recompute" already exists, skipping

NOTICE:  column "config_hash" of relation "log_recompute" already exists, skipping

NOTICE:  column "link_version" of relation "log_recompute" already exists, skipping

NOTICE:  column "link_sha" of relation "log_recompute" already exists, skipping

NOTICE:  column "link_dirty" of relation "log_recompute" already exists, skipping

NOTICE:  column "fresh_version" of relation "log_recompute" already exists, skipping

NOTICE:  column "fresh_sha" of relation "log_recompute" already exists, skipping

NOTICE:  column "fresh_dirty" of relation "log_recompute" already exists, skipping

NOTICE:  column "fresh_sha_source" of relation "log_recompute" already exists, skipping

NOTICE:  column "crate_version" of relation "log_recompute" already exists, skipping

NOTICE:  column "fwapg_sha" of relation "log_recompute" already exists, skipping

NOTICE:  column "bcfishobs_sha" of relation "log_recompute" already exists, skipping

NOTICE:  column "schema_persist" of relation "log_recompute" already exists, skipping

NOTICE:  column "species" of relation "log_recompute" already exists, skipping

NOTICE:  column "views_prebuilt" of relation "log_recompute" already exists, skipping

NOTICE:  column "notes" of relation "log_recompute" already exists, skipping

NOTICE:  relation "log_input" already exists, skipping

NOTICE:  column "run_id" of relation "log_input" already exists, skipping

NOTICE:  column "watershed_group_code" of relation "log_input" already exists, skipping

NOTICE:  column "table_name" of relation "log_input" already exists, skipping

NOTICE:  column "row_count" of relation "log_input" already exists, skipping

NOTICE:  column "row_count_estimated" of relation "log_input" already exists, skipping

NOTICE:  column "size_bytes" of relation "log_input" already exists, skipping

NOTICE:  column "last_analyze" of relation "log_input" already exists, skipping

NOTICE:  column "source" of relation "log_input" already exists, skipping

NOTICE:  column "source_at" of relation "log_input" already exists, skipping

NOTICE:  relation "log_parameters_fresh" already exists, skipping

NOTICE:  column "config_hash" of relation "log_parameters_fresh" already exists, skipping

NOTICE:  column "species_code" of relation "log_parameters_fresh" already exists, skipping

NOTICE:  column "access_gradient_max" of relation "log_parameters_fresh" already exists, skipping

NOTICE:  column "spawn_gradient_min" of relation "log_parameters_fresh" already exists, skipping

NOTICE:  column "rear_gradient_min" of relation "log_parameters_fresh" already exists, skipping

NOTICE:  column "cluster_rearing" of relation "log_parameters_fresh" already exists, skipping

NOTICE:  column "cluster_direction" of relation "log_parameters_fresh" already exists, skipping

NOTICE:  column "cluster_bridge_gradient" of relation "log_parameters_fresh" already exists, skipping

NOTICE:  column "cluster_bridge_distance" of relation "log_parameters_fresh" already exists, skipping

NOTICE:  column "cluster_confluence_m" of relation "log_parameters_fresh" already exists, skipping

NOTICE:  column "cluster_spawning" of relation "log_parameters_fresh" already exists, skipping

NOTICE:  column "cluster_spawn_direction" of relation "log_parameters_fresh" already exists, skipping

NOTICE:  column "cluster_spawn_bridge_gradient" of relation "log_parameters_fresh" already exists, skipping

NOTICE:  column "cluster_spawn_bridge_distance" of relation "log_parameters_fresh" already exists, skipping

NOTICE:  column "cluster_spawn_confluence_m" of relation "log_parameters_fresh" already exists, skipping

NOTICE:  column "observation_threshold" of relation "log_parameters_fresh" already exists, skipping

NOTICE:  column "observation_date_min" of relation "log_parameters_fresh" already exists, skipping

NOTICE:  column "observation_buffer_m" of relation "log_parameters_fresh" already exists, skipping

NOTICE:  column "observation_species" of relation "log_parameters_fresh" already exists, skipping

NOTICE:  column "observation_control_apply" of relation "log_parameters_fresh" already exists, skipping

NOTICE:  relation "log_parameters_habitat_thresholds" already exists, skipping

NOTICE:  column "config_hash" of relation "log_parameters_habitat_thresholds" already exists, skipping

NOTICE:  column "species_code" of relation "log_parameters_habitat_thresholds" already exists, skipping

NOTICE:  column "spawn_gradient_max" of relation "log_parameters_habitat_thresholds" already exists, skipping

NOTICE:  column "spawn_channel_width_min" of relation "log_parameters_habitat_thresholds" already exists, skipping

NOTICE:  column "spawn_channel_width_max" of relation "log_parameters_habitat_thresholds" already exists, skipping

NOTICE:  column "spawn_mad_min" of relation "log_parameters_habitat_thresholds" already exists, skipping

NOTICE:  column "spawn_mad_max" of relation "log_parameters_habitat_thresholds" already exists, skipping

NOTICE:  column "rear_gradient_max" of relation "log_parameters_habitat_thresholds" already exists, skipping

NOTICE:  column "rear_channel_width_min" of relation "log_parameters_habitat_thresholds" already exists, skipping

NOTICE:  column "rear_channel_width_max" of relation "log_parameters_habitat_thresholds" already exists, skipping

NOTICE:  column "rear_mad_min" of relation "log_parameters_habitat_thresholds" already exists, skipping

NOTICE:  column "rear_mad_max" of relation "log_parameters_habitat_thresholds" already exists, skipping

NOTICE:  column "rear_lake_ha_min" of relation "log_parameters_habitat_thresholds" already exists, skipping

NOTICE:  column "spawn_edge_types" of relation "log_parameters_habitat_thresholds" already exists, skipping

NOTICE:  column "rear_edge_types" of relation "log_parameters_habitat_thresholds" already exists, skipping

NOTICE:  relation "log_dimensions" already exists, skipping

NOTICE:  column "config_hash" of relation "log_dimensions" already exists, skipping

NOTICE:  column "species" of relation "log_dimensions" already exists, skipping

NOTICE:  column "spawn_lake" of relation "log_dimensions" already exists, skipping

NOTICE:  column "spawn_stream" of relation "log_dimensions" already exists, skipping

NOTICE:  column "spawn_stream_in_waterbody" of relation "log_dimensions" already exists, skipping

NOTICE:  column "rear_lake" of relation "log_dimensions" already exists, skipping

NOTICE:  column "rear_lake_only" of relation "log_dimensions" already exists, skipping

NOTICE:  column "rear_lake_area_only" of relation "log_dimensions" already exists, skipping

NOTICE:  column "rear_no_fw" of relation "log_dimensions" already exists, skipping

NOTICE:  column "rear_stream" of relation "log_dimensions" already exists, skipping

NOTICE:  column "rear_stream_in_waterbody" of relation "log_dimensions" already exists, skipping

NOTICE:  column "rear_wetland" of relation "log_dimensions" already exists, skipping

NOTICE:  column "rear_wetland_polygon" of relation "log_dimensions" already exists, skipping

NOTICE:  column "rear_wetland_area_only" of relation "log_dimensions" already exists, skipping

NOTICE:  column "rear_all_edges" of relation "log_dimensions" already exists, skipping

NOTICE:  column "river_skip_cw_min" of relation "log_dimensions" already exists, skipping

NOTICE:  column "rear_stream_order_bypass" of relation "log_dimensions" already exists, skipping

NOTICE:  column "rear_stream_order_parent_min" of relation "log_dimensions" already exists, skipping

NOTICE:  column "rear_stream_order_child_min" of relation "log_dimensions" already exists, skipping

NOTICE:  column "rear_stream_order_child_max" of relation "log_dimensions" already exists, skipping

NOTICE:  column "rear_stream_order_distance_max" of relation "log_dimensions" already exists, skipping

NOTICE:  column "spawn_requires_connected" of relation "log_dimensions" already exists, skipping

NOTICE:  column "spawn_connected_distance_max" of relation "log_dimensions" already exists, skipping

NOTICE:  column "spawn_connected_direction" of relation "log_dimensions" already exists, skipping

NOTICE:  column "spawn_connected_gradient_max" of relation "log_dimensions" already exists, skipping

NOTICE:  column "spawn_connected_cw_min" of relation "log_dimensions" already exists, skipping

NOTICE:  column "spawn_connected_edge_types" of relation "log_dimensions" already exists, skipping

NOTICE:  column "spawn_connected_lake_adjacent" of relation "log_dimensions" already exists, skipping

NOTICE:  column "rear_requires_connected" of relation "log_dimensions" already exists, skipping

NOTICE:  column "rear_connected_distance_max" of relation "log_dimensions" already exists, skipping

NOTICE:  column "rear_lake_ha_min" of relation "log_dimensions" already exists, skipping

NOTICE:  column "rear_wetland_ha_min" of relation "log_dimensions" already exists, skipping

NOTICE:  column "notes" of relation "log_dimensions" already exists, skipping

NOTICE:  relation "log_wsg_date_idx" already exists, skipping

NOTICE:  relation "log_config_idx" already exists, skipping

NOTICE:  relation "log_input_rn_idx" already exists, skipping

NOTICE:  relation "log_run_uid_idx" already exists, skipping

NOTICE:  relation "log_rc_run_uid_idx" already exists, skipping

NOTICE:  relation "log_rc_wsg_date_idx" already exists, skipping

NOTICE:  table "barriers" does not exist, skipping

15:03:10 base LPCE done in 1.5 min
NOTICE:  schema "score300_default_tuned" already exists, skipping

NOTICE:  relation "log" already exists, skipping

NOTICE:  column "run_id" of relation "log" already exists, skipping

NOTICE:  column "watershed_group_code" of relation "log" already exists, skipping

NOTICE:  column "date_start" of relation "log" already exists, skipping

NOTICE:  column "date_end" of relation "log" already exists, skipping

NOTICE:  column "run_uid" of relation "log" already exists, skipping

NOTICE:  column "run_label" of relation "log" already exists, skipping

NOTICE:  column "host" of relation "log" already exists, skipping

NOTICE:  column "config_name" of relation "log" already exists, skipping

NOTICE:  column "config_hash" of relation "log" already exists, skipping

NOTICE:  column "config_drift" of relation "log" already exists, skipping

NOTICE:  column "link_version" of relation "log" already exists, skipping

NOTICE:  column "link_sha" of relation "log" already exists, skipping

NOTICE:  column "link_dirty" of relation "log" already exists, skipping

NOTICE:  column "fresh_version" of relation "log" already exists, skipping

NOTICE:  column "fresh_sha" of relation "log" already exists, skipping

NOTICE:  column "fresh_dirty" of relation "log" already exists, skipping

NOTICE:  column "fresh_sha_source" of relation "log" already exists, skipping

NOTICE:  column "crate_version" of relation "log" already exists, skipping

NOTICE:  column "fwapg_sha" of relation "log" already exists, skipping

NOTICE:  column "bcfishobs_sha" of relation "log" already exists, skipping

NOTICE:  column "arg_dams" of relation "log" already exists, skipping

NOTICE:  column "arg_mapping_code" of relation "log" already exists, skipping

NOTICE:  column "arg_cleanup_working" of relation "log" already exists, skipping

NOTICE:  column "schema_persist" of relation "log" already exists, skipping

NOTICE:  column "species" of relation "log" already exists, skipping

NOTICE:  column "wsg_upstream" of relation "log" already exists, skipping

NOTICE:  column "bcfp_model_run_id" of relation "log" already exists, skipping

NOTICE:  column "bcfp_model_version" of relation "log" already exists, skipping

NOTICE:  column "bcfp_pin_source" of relation "log" already exists, skipping

NOTICE:  column "notes" of relation "log" already exists, skipping

NOTICE:  relation "log_recompute" already exists, skipping

NOTICE:  column "recompute_id" of relation "log_recompute" already exists, skipping

NOTICE:  column "watershed_group_code" of relation "log_recompute" already exists, skipping

NOTICE:  column "date_start" of relation "log_recompute" already exists, skipping

NOTICE:  column "date_end" of relation "log_recompute" already exists, skipping

NOTICE:  column "run_uid" of relation "log_recompute" already exists, skipping

NOTICE:  column "run_label" of relation "log_recompute" already exists, skipping

NOTICE:  column "host" of relation "log_recompute" already exists, skipping

NOTICE:  column "config_name" of relation "log_recompute" already exists, skipping

NOTICE:  column "config_hash" of relation "log_recompute" already exists, skipping

NOTICE:  column "link_version" of relation "log_recompute" already exists, skipping

NOTICE:  column "link_sha" of relation "log_recompute" already exists, skipping

NOTICE:  column "link_dirty" of relation "log_recompute" already exists, skipping

NOTICE:  column "fresh_version" of relation "log_recompute" already exists, skipping

NOTICE:  column "fresh_sha" of relation "log_recompute" already exists, skipping

NOTICE:  column "fresh_dirty" of relation "log_recompute" already exists, skipping

NOTICE:  column "fresh_sha_source" of relation "log_recompute" already exists, skipping

NOTICE:  column "crate_version" of relation "log_recompute" already exists, skipping

NOTICE:  column "fwapg_sha" of relation "log_recompute" already exists, skipping

NOTICE:  column "bcfishobs_sha" of relation "log_recompute" already exists, skipping

NOTICE:  column "schema_persist" of relation "log_recompute" already exists, skipping

NOTICE:  column "species" of relation "log_recompute" already exists, skipping

NOTICE:  column "views_prebuilt" of relation "log_recompute" already exists, skipping

NOTICE:  column "notes" of relation "log_recompute" already exists, skipping

NOTICE:  relation "log_input" already exists, skipping

NOTICE:  column "run_id" of relation "log_input" already exists, skipping

NOTICE:  column "watershed_group_code" of relation "log_input" already exists, skipping

NOTICE:  column "table_name" of relation "log_input" already exists, skipping

NOTICE:  column "row_count" of relation "log_input" already exists, skipping

NOTICE:  column "row_count_estimated" of relation "log_input" already exists, skipping

NOTICE:  column "size_bytes" of relation "log_input" already exists, skipping

NOTICE:  column "last_analyze" of relation "log_input" already exists, skipping

NOTICE:  column "source" of relation "log_input" already exists, skipping

NOTICE:  column "source_at" of relation "log_input" already exists, skipping

NOTICE:  relation "log_parameters_fresh" already exists, skipping

NOTICE:  column "config_hash" of relation "log_parameters_fresh" already exists, skipping

NOTICE:  column "species_code" of relation "log_parameters_fresh" already exists, skipping

NOTICE:  column "access_gradient_max" of relation "log_parameters_fresh" already exists, skipping

NOTICE:  column "spawn_gradient_min" of relation "log_parameters_fresh" already exists, skipping

NOTICE:  column "rear_gradient_min" of relation "log_parameters_fresh" already exists, skipping

NOTICE:  column "cluster_rearing" of relation "log_parameters_fresh" already exists, skipping

NOTICE:  column "cluster_direction" of relation "log_parameters_fresh" already exists, skipping

NOTICE:  column "cluster_bridge_gradient" of relation "log_parameters_fresh" already exists, skipping

NOTICE:  column "cluster_bridge_distance" of relation "log_parameters_fresh" already exists, skipping

NOTICE:  column "cluster_confluence_m" of relation "log_parameters_fresh" already exists, skipping

NOTICE:  column "cluster_spawning" of relation "log_parameters_fresh" already exists, skipping

NOTICE:  column "cluster_spawn_direction" of relation "log_parameters_fresh" already exists, skipping

NOTICE:  column "cluster_spawn_bridge_gradient" of relation "log_parameters_fresh" already exists, skipping

NOTICE:  column "cluster_spawn_bridge_distance" of relation "log_parameters_fresh" already exists, skipping

NOTICE:  column "cluster_spawn_confluence_m" of relation "log_parameters_fresh" already exists, skipping

NOTICE:  column "observation_threshold" of relation "log_parameters_fresh" already exists, skipping

NOTICE:  column "observation_date_min" of relation "log_parameters_fresh" already exists, skipping

NOTICE:  column "observation_buffer_m" of relation "log_parameters_fresh" already exists, skipping

NOTICE:  column "observation_species" of relation "log_parameters_fresh" already exists, skipping

NOTICE:  column "observation_control_apply" of relation "log_parameters_fresh" already exists, skipping

NOTICE:  relation "log_parameters_habitat_thresholds" already exists, skipping

NOTICE:  column "config_hash" of relation "log_parameters_habitat_thresholds" already exists, skipping

NOTICE:  column "species_code" of relation "log_parameters_habitat_thresholds" already exists, skipping

NOTICE:  column "spawn_gradient_max" of relation "log_parameters_habitat_thresholds" already exists, skipping

NOTICE:  column "spawn_channel_width_min" of relation "log_parameters_habitat_thresholds" already exists, skipping

NOTICE:  column "spawn_channel_width_max" of relation "log_parameters_habitat_thresholds" already exists, skipping

NOTICE:  column "spawn_mad_min" of relation "log_parameters_habitat_thresholds" already exists, skipping

NOTICE:  column "spawn_mad_max" of relation "log_parameters_habitat_thresholds" already exists, skipping

NOTICE:  column "rear_gradient_max" of relation "log_parameters_habitat_thresholds" already exists, skipping

NOTICE:  column "rear_channel_width_min" of relation "log_parameters_habitat_thresholds" already exists, skipping

NOTICE:  column "rear_channel_width_max" of relation "log_parameters_habitat_thresholds" already exists, skipping

NOTICE:  column "rear_mad_min" of relation "log_parameters_habitat_thresholds" already exists, skipping

NOTICE:  column "rear_mad_max" of relation "log_parameters_habitat_thresholds" already exists, skipping

NOTICE:  column "rear_lake_ha_min" of relation "log_parameters_habitat_thresholds" already exists, skipping

NOTICE:  column "spawn_edge_types" of relation "log_parameters_habitat_thresholds" already exists, skipping

NOTICE:  column "rear_edge_types" of relation "log_parameters_habitat_thresholds" already exists, skipping

NOTICE:  relation "log_dimensions" already exists, skipping

NOTICE:  column "config_hash" of relation "log_dimensions" already exists, skipping

NOTICE:  column "species" of relation "log_dimensions" already exists, skipping

NOTICE:  column "spawn_lake" of relation "log_dimensions" already exists, skipping

NOTICE:  column "spawn_stream" of relation "log_dimensions" already exists, skipping

NOTICE:  column "spawn_stream_in_waterbody" of relation "log_dimensions" already exists, skipping

NOTICE:  column "rear_lake" of relation "log_dimensions" already exists, skipping

NOTICE:  column "rear_lake_only" of relation "log_dimensions" already exists, skipping

NOTICE:  column "rear_lake_area_only" of relation "log_dimensions" already exists, skipping

NOTICE:  column "rear_no_fw" of relation "log_dimensions" already exists, skipping

NOTICE:  column "rear_stream" of relation "log_dimensions" already exists, skipping

NOTICE:  column "rear_stream_in_waterbody" of relation "log_dimensions" already exists, skipping

NOTICE:  column "rear_wetland" of relation "log_dimensions" already exists, skipping

NOTICE:  column "rear_wetland_polygon" of relation "log_dimensions" already exists, skipping

NOTICE:  column "rear_wetland_area_only" of relation "log_dimensions" already exists, skipping

NOTICE:  column "rear_all_edges" of relation "log_dimensions" already exists, skipping

NOTICE:  column "river_skip_cw_min" of relation "log_dimensions" already exists, skipping

NOTICE:  column "rear_stream_order_bypass" of relation "log_dimensions" already exists, skipping

NOTICE:  column "rear_stream_order_parent_min" of relation "log_dimensions" already exists, skipping

NOTICE:  column "rear_stream_order_child_min" of relation "log_dimensions" already exists, skipping

NOTICE:  column "rear_stream_order_child_max" of relation "log_dimensions" already exists, skipping

NOTICE:  column "rear_stream_order_distance_max" of relation "log_dimensions" already exists, skipping

NOTICE:  column "spawn_requires_connected" of relation "log_dimensions" already exists, skipping

NOTICE:  column "spawn_connected_distance_max" of relation "log_dimensions" already exists, skipping

NOTICE:  column "spawn_connected_direction" of relation "log_dimensions" already exists, skipping

NOTICE:  column "spawn_connected_gradient_max" of relation "log_dimensions" already exists, skipping

NOTICE:  column "spawn_connected_cw_min" of relation "log_dimensions" already exists, skipping

NOTICE:  column "spawn_connected_edge_types" of relation "log_dimensions" already exists, skipping

NOTICE:  column "spawn_connected_lake_adjacent" of relation "log_dimensions" already exists, skipping

NOTICE:  column "rear_requires_connected" of relation "log_dimensions" already exists, skipping

NOTICE:  column "rear_connected_distance_max" of relation "log_dimensions" already exists, skipping

NOTICE:  column "rear_lake_ha_min" of relation "log_dimensions" already exists, skipping

NOTICE:  column "rear_wetland_ha_min" of relation "log_dimensions" already exists, skipping

NOTICE:  column "notes" of relation "log_dimensions" already exists, skipping

NOTICE:  relation "log_wsg_date_idx" already exists, skipping

NOTICE:  relation "log_config_idx" already exists, skipping

NOTICE:  relation "log_input_rn_idx" already exists, skipping

NOTICE:  relation "log_run_uid_idx" already exists, skipping

NOTICE:  relation "log_rc_run_uid_idx" already exists, skipping

NOTICE:  relation "log_rc_wsg_date_idx" already exists, skipping

NOTICE:  schema "working_score300_upce" does not exist, skipping

NOTICE:  schema "working_score300_upce" does not exist, skipping

NOTICE:  schema "working_score300_upce" does not exist, skipping

NOTICE:  schema "working_score300_upce" does not exist, skipping

NOTICE:  schema "fresh" already exists, skipping

NOTICE:  table "barriers_definite" does not exist, skipping

NOTICE:  table "barriers_definite_control" does not exist, skipping

NOTICE:  table "observations" does not exist, skipping

NOTICE:  table "streams_blk" does not exist, skipping

NOTICE:  table "gradient_barriers_raw" does not exist, skipping

NOTICE:  table "natural_barriers" does not exist, skipping

NOTICE:  table "barrier_overrides" does not exist, skipping

NOTICE:  table "barriers_bt" does not exist, skipping

NOTICE:  table "barriers_ch" does not exist, skipping

NOTICE:  table "barriers_cm" does not exist, skipping

NOTICE:  table "barriers_co" does not exist, skipping

NOTICE:  table "barriers_pk" does not exist, skipping

NOTICE:  table "barriers_sk" does not exist, skipping

NOTICE:  table "barriers_st" does not exist, skipping

NOTICE:  table "barriers_wct" does not exist, skipping

NOTICE:  table "barriers_ko" does not exist, skipping

NOTICE:  table "barriers_rb" does not exist, skipping

NOTICE:  table "barriers_gr" does not exist, skipping

NOTICE:  table "gradient_barriers_minimal" does not exist, skipping

NOTICE:  table "streams" does not exist, skipping

NOTICE:  table "streams_habitat" does not exist, skipping

NOTICE:  table "cabd_exclusions" does not exist, skipping

NOTICE:  table "cabd_blkey_xref" does not exist, skipping

NOTICE:  table "cabd_passability_status_updates" does not exist, skipping

NOTICE:  table "cabd_additions" does not exist, skipping

NOTICE:  table "cabd_dams_raw" does not exist, skipping

NOTICE:  table "dams" does not exist, skipping

NOTICE:  table "pscis_modelledcrossings_streams_xref" does not exist, skipping

NOTICE:  table "pscis_stream_candidates" does not exist, skipping

NOTICE:  table "pscis_streams_150m" does not exist, skipping

NOTICE:  table "pscis_picked" does not exist, skipping

NOTICE:  table "pscis" does not exist, skipping

NOTICE:  table "crossings_lookup" does not exist, skipping

NOTICE:  table "barriers_anthropogenic" does not exist, skipping

NOTICE:  table "barriers_pscis" does not exist, skipping

NOTICE:  table "barriers_dams" does not exist, skipping

NOTICE:  table "barriers_remediations" does not exist, skipping

NOTICE:  table "observations_breaks" does not exist, skipping

NOTICE:  table "habitat_endpoints" does not exist, skipping

NOTICE:  table "crossings_breaks" does not exist, skipping

NOTICE:  table "streams_breaks" does not exist, skipping

NOTICE:  relation "streams_id_segment_idx" already exists, skipping

NOTICE:  table "streams_acc_015" does not exist, skipping

NOTICE:  table "streams_acc_025" does not exist, skipping

NOTICE:  table "streams_acc_025_ovr_bt" does not exist, skipping

NOTICE:  table "frs_clusters_bt" does not exist, skipping

NOTICE:  table "frs_clusters_gr" does not exist, skipping

NOTICE:  schema "score300_default_tuned" already exists, skipping

NOTICE:  relation "streams" already exists, skipping

NOTICE:  relation "streams_wsg_idx" already exists, skipping

NOTICE:  relation "streams_blk_idx" already exists, skipping

NOTICE:  relation "streams_geom_idx" already exists, skipping

NOTICE:  relation "streams_wbk_idx" already exists, skipping

NOTICE:  relation "streams_wscode_gist_idx" already exists, skipping

NOTICE:  relation "streams_wscode_btree_idx" already exists, skipping

NOTICE:  relation "streams_localcode_gist_idx" already exists, skipping

NOTICE:  relation "streams_localcode_btree_idx" already exists, skipping

NOTICE:  relation "streams_habitat_bt" already exists, skipping

NOTICE:  relation "streams_habitat_bt_wsg_idx" already exists, skipping

NOTICE:  relation "streams_habitat_ch" already exists, skipping

NOTICE:  relation "streams_habitat_ch_wsg_idx" already exists, skipping

NOTICE:  relation "streams_habitat_cm" already exists, skipping

NOTICE:  relation "streams_habitat_cm_wsg_idx" already exists, skipping

NOTICE:  relation "streams_habitat_co" already exists, skipping

NOTICE:  relation "streams_habitat_co_wsg_idx" already exists, skipping

NOTICE:  relation "streams_habitat_pk" already exists, skipping

NOTICE:  relation "streams_habitat_pk_wsg_idx" already exists, skipping

NOTICE:  relation "streams_habitat_sk" already exists, skipping

NOTICE:  relation "streams_habitat_sk_wsg_idx" already exists, skipping

NOTICE:  relation "streams_habitat_st" already exists, skipping

NOTICE:  relation "streams_habitat_st_wsg_idx" already exists, skipping

NOTICE:  relation "streams_habitat_wct" already exists, skipping

NOTICE:  relation "streams_habitat_wct_wsg_idx" already exists, skipping

NOTICE:  relation "streams_habitat_ko" already exists, skipping

NOTICE:  relation "streams_habitat_ko_wsg_idx" already exists, skipping

NOTICE:  relation "streams_habitat_rb" already exists, skipping

NOTICE:  relation "streams_habitat_rb_wsg_idx" already exists, skipping

NOTICE:  relation "streams_habitat_gr" already exists, skipping

NOTICE:  relation "streams_habitat_gr_wsg_idx" already exists, skipping

NOTICE:  relation "barriers" already exists, skipping

NOTICE:  relation "barriers_wsg_idx" already exists, skipping

NOTICE:  relation "barriers_blocks_idx" already exists, skipping

NOTICE:  relation "barriers_source_idx" already exists, skipping

NOTICE:  relation "barriers_blk_drm_idx" already exists, skipping

NOTICE:  relation "barriers_geom_idx" already exists, skipping

NOTICE:  relation "barriers_wscode_gist_idx" already exists, skipping

NOTICE:  relation "barriers_wscode_btree_idx" already exists, skipping

NOTICE:  relation "barriers_localcode_gist_idx" already exists, skipping

NOTICE:  relation "barriers_localcode_btree_idx" already exists, skipping

NOTICE:  relation "barrier_overrides" already exists, skipping

NOTICE:  relation "barrier_overrides_wsg_idx" already exists, skipping

NOTICE:  relation "barrier_overrides_blk_drm_idx" already exists, skipping

NOTICE:  relation "streams_access" already exists, skipping

NOTICE:  relation "streams_access_wsg_idx" already exists, skipping

NOTICE:  relation "streams_mapping_code" already exists, skipping

NOTICE:  relation "streams_mapping_code_wsg_idx" already exists, skipping

NOTICE:  schema "score300_default_tuned" already exists, skipping

NOTICE:  relation "log" already exists, skipping

NOTICE:  column "run_id" of relation "log" already exists, skipping

NOTICE:  column "watershed_group_code" of relation "log" already exists, skipping

NOTICE:  column "date_start" of relation "log" already exists, skipping

NOTICE:  column "date_end" of relation "log" already exists, skipping

NOTICE:  column "run_uid" of relation "log" already exists, skipping

NOTICE:  column "run_label" of relation "log" already exists, skipping

NOTICE:  column "host" of relation "log" already exists, skipping

NOTICE:  column "config_name" of relation "log" already exists, skipping

NOTICE:  column "config_hash" of relation "log" already exists, skipping

NOTICE:  column "config_drift" of relation "log" already exists, skipping

NOTICE:  column "link_version" of relation "log" already exists, skipping

NOTICE:  column "link_sha" of relation "log" already exists, skipping

NOTICE:  column "link_dirty" of relation "log" already exists, skipping

NOTICE:  column "fresh_version" of relation "log" already exists, skipping

NOTICE:  column "fresh_sha" of relation "log" already exists, skipping

NOTICE:  column "fresh_dirty" of relation "log" already exists, skipping

NOTICE:  column "fresh_sha_source" of relation "log" already exists, skipping

NOTICE:  column "crate_version" of relation "log" already exists, skipping

NOTICE:  column "fwapg_sha" of relation "log" already exists, skipping

NOTICE:  column "bcfishobs_sha" of relation "log" already exists, skipping

NOTICE:  column "arg_dams" of relation "log" already exists, skipping

NOTICE:  column "arg_mapping_code" of relation "log" already exists, skipping

NOTICE:  column "arg_cleanup_working" of relation "log" already exists, skipping

NOTICE:  column "schema_persist" of relation "log" already exists, skipping

NOTICE:  column "species" of relation "log" already exists, skipping

NOTICE:  column "wsg_upstream" of relation "log" already exists, skipping

NOTICE:  column "bcfp_model_run_id" of relation "log" already exists, skipping

NOTICE:  column "bcfp_model_version" of relation "log" already exists, skipping

NOTICE:  column "bcfp_pin_source" of relation "log" already exists, skipping

NOTICE:  column "notes" of relation "log" already exists, skipping

NOTICE:  relation "log_recompute" already exists, skipping

NOTICE:  column "recompute_id" of relation "log_recompute" already exists, skipping

NOTICE:  column "watershed_group_code" of relation "log_recompute" already exists, skipping

NOTICE:  column "date_start" of relation "log_recompute" already exists, skipping

NOTICE:  column "date_end" of relation "log_recompute" already exists, skipping

NOTICE:  column "run_uid" of relation "log_recompute" already exists, skipping

NOTICE:  column "run_label" of relation "log_recompute" already exists, skipping

NOTICE:  column "host" of relation "log_recompute" already exists, skipping

NOTICE:  column "config_name" of relation "log_recompute" already exists, skipping

NOTICE:  column "config_hash" of relation "log_recompute" already exists, skipping

NOTICE:  column "link_version" of relation "log_recompute" already exists, skipping

NOTICE:  column "link_sha" of relation "log_recompute" already exists, skipping

NOTICE:  column "link_dirty" of relation "log_recompute" already exists, skipping

NOTICE:  column "fresh_version" of relation "log_recompute" already exists, skipping

NOTICE:  column "fresh_sha" of relation "log_recompute" already exists, skipping

NOTICE:  column "fresh_dirty" of relation "log_recompute" already exists, skipping

NOTICE:  column "fresh_sha_source" of relation "log_recompute" already exists, skipping

NOTICE:  column "crate_version" of relation "log_recompute" already exists, skipping

NOTICE:  column "fwapg_sha" of relation "log_recompute" already exists, skipping

NOTICE:  column "bcfishobs_sha" of relation "log_recompute" already exists, skipping

NOTICE:  column "schema_persist" of relation "log_recompute" already exists, skipping

NOTICE:  column "species" of relation "log_recompute" already exists, skipping

NOTICE:  column "views_prebuilt" of relation "log_recompute" already exists, skipping

NOTICE:  column "notes" of relation "log_recompute" already exists, skipping

NOTICE:  relation "log_input" already exists, skipping

NOTICE:  column "run_id" of relation "log_input" already exists, skipping

NOTICE:  column "watershed_group_code" of relation "log_input" already exists, skipping

NOTICE:  column "table_name" of relation "log_input" already exists, skipping

NOTICE:  column "row_count" of relation "log_input" already exists, skipping

NOTICE:  column "row_count_estimated" of relation "log_input" already exists, skipping

NOTICE:  column "size_bytes" of relation "log_input" already exists, skipping

NOTICE:  column "last_analyze" of relation "log_input" already exists, skipping

NOTICE:  column "source" of relation "log_input" already exists, skipping

NOTICE:  column "source_at" of relation "log_input" already exists, skipping

NOTICE:  relation "log_parameters_fresh" already exists, skipping

NOTICE:  column "config_hash" of relation "log_parameters_fresh" already exists, skipping

NOTICE:  column "species_code" of relation "log_parameters_fresh" already exists, skipping

NOTICE:  column "access_gradient_max" of relation "log_parameters_fresh" already exists, skipping

NOTICE:  column "spawn_gradient_min" of relation "log_parameters_fresh" already exists, skipping

NOTICE:  column "rear_gradient_min" of relation "log_parameters_fresh" already exists, skipping

NOTICE:  column "cluster_rearing" of relation "log_parameters_fresh" already exists, skipping

NOTICE:  column "cluster_direction" of relation "log_parameters_fresh" already exists, skipping

NOTICE:  column "cluster_bridge_gradient" of relation "log_parameters_fresh" already exists, skipping

NOTICE:  column "cluster_bridge_distance" of relation "log_parameters_fresh" already exists, skipping

NOTICE:  column "cluster_confluence_m" of relation "log_parameters_fresh" already exists, skipping

NOTICE:  column "cluster_spawning" of relation "log_parameters_fresh" already exists, skipping

NOTICE:  column "cluster_spawn_direction" of relation "log_parameters_fresh" already exists, skipping

NOTICE:  column "cluster_spawn_bridge_gradient" of relation "log_parameters_fresh" already exists, skipping

NOTICE:  column "cluster_spawn_bridge_distance" of relation "log_parameters_fresh" already exists, skipping

NOTICE:  column "cluster_spawn_confluence_m" of relation "log_parameters_fresh" already exists, skipping

NOTICE:  column "observation_threshold" of relation "log_parameters_fresh" already exists, skipping

NOTICE:  column "observation_date_min" of relation "log_parameters_fresh" already exists, skipping

NOTICE:  column "observation_buffer_m" of relation "log_parameters_fresh" already exists, skipping

NOTICE:  column "observation_species" of relation "log_parameters_fresh" already exists, skipping

NOTICE:  column "observation_control_apply" of relation "log_parameters_fresh" already exists, skipping

NOTICE:  relation "log_parameters_habitat_thresholds" already exists, skipping

NOTICE:  column "config_hash" of relation "log_parameters_habitat_thresholds" already exists, skipping

NOTICE:  column "species_code" of relation "log_parameters_habitat_thresholds" already exists, skipping

NOTICE:  column "spawn_gradient_max" of relation "log_parameters_habitat_thresholds" already exists, skipping

NOTICE:  column "spawn_channel_width_min" of relation "log_parameters_habitat_thresholds" already exists, skipping

NOTICE:  column "spawn_channel_width_max" of relation "log_parameters_habitat_thresholds" already exists, skipping

NOTICE:  column "spawn_mad_min" of relation "log_parameters_habitat_thresholds" already exists, skipping

NOTICE:  column "spawn_mad_max" of relation "log_parameters_habitat_thresholds" already exists, skipping

NOTICE:  column "rear_gradient_max" of relation "log_parameters_habitat_thresholds" already exists, skipping

NOTICE:  column "rear_channel_width_min" of relation "log_parameters_habitat_thresholds" already exists, skipping

NOTICE:  column "rear_channel_width_max" of relation "log_parameters_habitat_thresholds" already exists, skipping

NOTICE:  column "rear_mad_min" of relation "log_parameters_habitat_thresholds" already exists, skipping

NOTICE:  column "rear_mad_max" of relation "log_parameters_habitat_thresholds" already exists, skipping

NOTICE:  column "rear_lake_ha_min" of relation "log_parameters_habitat_thresholds" already exists, skipping

NOTICE:  column "spawn_edge_types" of relation "log_parameters_habitat_thresholds" already exists, skipping

NOTICE:  column "rear_edge_types" of relation "log_parameters_habitat_thresholds" already exists, skipping

NOTICE:  relation "log_dimensions" already exists, skipping

NOTICE:  column "config_hash" of relation "log_dimensions" already exists, skipping

NOTICE:  column "species" of relation "log_dimensions" already exists, skipping

NOTICE:  column "spawn_lake" of relation "log_dimensions" already exists, skipping

NOTICE:  column "spawn_stream" of relation "log_dimensions" already exists, skipping

NOTICE:  column "spawn_stream_in_waterbody" of relation "log_dimensions" already exists, skipping

NOTICE:  column "rear_lake" of relation "log_dimensions" already exists, skipping

NOTICE:  column "rear_lake_only" of relation "log_dimensions" already exists, skipping

NOTICE:  column "rear_lake_area_only" of relation "log_dimensions" already exists, skipping

NOTICE:  column "rear_no_fw" of relation "log_dimensions" already exists, skipping

NOTICE:  column "rear_stream" of relation "log_dimensions" already exists, skipping

NOTICE:  column "rear_stream_in_waterbody" of relation "log_dimensions" already exists, skipping

NOTICE:  column "rear_wetland" of relation "log_dimensions" already exists, skipping

NOTICE:  column "rear_wetland_polygon" of relation "log_dimensions" already exists, skipping

NOTICE:  column "rear_wetland_area_only" of relation "log_dimensions" already exists, skipping

NOTICE:  column "rear_all_edges" of relation "log_dimensions" already exists, skipping

NOTICE:  column "river_skip_cw_min" of relation "log_dimensions" already exists, skipping

NOTICE:  column "rear_stream_order_bypass" of relation "log_dimensions" already exists, skipping

NOTICE:  column "rear_stream_order_parent_min" of relation "log_dimensions" already exists, skipping

NOTICE:  column "rear_stream_order_child_min" of relation "log_dimensions" already exists, skipping

NOTICE:  column "rear_stream_order_child_max" of relation "log_dimensions" already exists, skipping

NOTICE:  column "rear_stream_order_distance_max" of relation "log_dimensions" already exists, skipping

NOTICE:  column "spawn_requires_connected" of relation "log_dimensions" already exists, skipping

NOTICE:  column "spawn_connected_distance_max" of relation "log_dimensions" already exists, skipping

NOTICE:  column "spawn_connected_direction" of relation "log_dimensions" already exists, skipping

NOTICE:  column "spawn_connected_gradient_max" of relation "log_dimensions" already exists, skipping

NOTICE:  column "spawn_connected_cw_min" of relation "log_dimensions" already exists, skipping

NOTICE:  column "spawn_connected_edge_types" of relation "log_dimensions" already exists, skipping

NOTICE:  column "spawn_connected_lake_adjacent" of relation "log_dimensions" already exists, skipping

NOTICE:  column "rear_requires_connected" of relation "log_dimensions" already exists, skipping

NOTICE:  column "rear_connected_distance_max" of relation "log_dimensions" already exists, skipping

NOTICE:  column "rear_lake_ha_min" of relation "log_dimensions" already exists, skipping

NOTICE:  column "rear_wetland_ha_min" of relation "log_dimensions" already exists, skipping

NOTICE:  column "notes" of relation "log_dimensions" already exists, skipping

NOTICE:  relation "log_wsg_date_idx" already exists, skipping

NOTICE:  relation "log_config_idx" already exists, skipping

NOTICE:  relation "log_input_rn_idx" already exists, skipping

NOTICE:  relation "log_run_uid_idx" already exists, skipping

NOTICE:  relation "log_rc_run_uid_idx" already exists, skipping

NOTICE:  relation "log_rc_wsg_date_idx" already exists, skipping

NOTICE:  table "barriers" does not exist, skipping

15:04:44 base UPCE done in 1.6 min
NOTICE:  schema "score300_default_tuned" already exists, skipping

NOTICE:  relation "log" already exists, skipping

NOTICE:  column "run_id" of relation "log" already exists, skipping

NOTICE:  column "watershed_group_code" of relation "log" already exists, skipping

NOTICE:  column "date_start" of relation "log" already exists, skipping

NOTICE:  column "date_end" of relation "log" already exists, skipping

NOTICE:  column "run_uid" of relation "log" already exists, skipping

NOTICE:  column "run_label" of relation "log" already exists, skipping

NOTICE:  column "host" of relation "log" already exists, skipping

NOTICE:  column "config_name" of relation "log" already exists, skipping

NOTICE:  column "config_hash" of relation "log" already exists, skipping

NOTICE:  column "config_drift" of relation "log" already exists, skipping

NOTICE:  column "link_version" of relation "log" already exists, skipping

NOTICE:  column "link_sha" of relation "log" already exists, skipping

NOTICE:  column "link_dirty" of relation "log" already exists, skipping

NOTICE:  column "fresh_version" of relation "log" already exists, skipping

NOTICE:  column "fresh_sha" of relation "log" already exists, skipping

NOTICE:  column "fresh_dirty" of relation "log" already exists, skipping

NOTICE:  column "fresh_sha_source" of relation "log" already exists, skipping

NOTICE:  column "crate_version" of relation "log" already exists, skipping

NOTICE:  column "fwapg_sha" of relation "log" already exists, skipping

NOTICE:  column "bcfishobs_sha" of relation "log" already exists, skipping

NOTICE:  column "arg_dams" of relation "log" already exists, skipping

NOTICE:  column "arg_mapping_code" of relation "log" already exists, skipping

NOTICE:  column "arg_cleanup_working" of relation "log" already exists, skipping

NOTICE:  column "schema_persist" of relation "log" already exists, skipping

NOTICE:  column "species" of relation "log" already exists, skipping

NOTICE:  column "wsg_upstream" of relation "log" already exists, skipping

NOTICE:  column "bcfp_model_run_id" of relation "log" already exists, skipping

NOTICE:  column "bcfp_model_version" of relation "log" already exists, skipping

NOTICE:  column "bcfp_pin_source" of relation "log" already exists, skipping

NOTICE:  column "notes" of relation "log" already exists, skipping

NOTICE:  relation "log_recompute" already exists, skipping

NOTICE:  column "recompute_id" of relation "log_recompute" already exists, skipping

NOTICE:  column "watershed_group_code" of relation "log_recompute" already exists, skipping

NOTICE:  column "date_start" of relation "log_recompute" already exists, skipping

NOTICE:  column "date_end" of relation "log_recompute" already exists, skipping

NOTICE:  column "run_uid" of relation "log_recompute" already exists, skipping

NOTICE:  column "run_label" of relation "log_recompute" already exists, skipping

NOTICE:  column "host" of relation "log_recompute" already exists, skipping

NOTICE:  column "config_name" of relation "log_recompute" already exists, skipping

NOTICE:  column "config_hash" of relation "log_recompute" already exists, skipping

NOTICE:  column "link_version" of relation "log_recompute" already exists, skipping

NOTICE:  column "link_sha" of relation "log_recompute" already exists, skipping

NOTICE:  column "link_dirty" of relation "log_recompute" already exists, skipping

NOTICE:  column "fresh_version" of relation "log_recompute" already exists, skipping

NOTICE:  column "fresh_sha" of relation "log_recompute" already exists, skipping

NOTICE:  column "fresh_dirty" of relation "log_recompute" already exists, skipping

NOTICE:  column "fresh_sha_source" of relation "log_recompute" already exists, skipping

NOTICE:  column "crate_version" of relation "log_recompute" already exists, skipping

NOTICE:  column "fwapg_sha" of relation "log_recompute" already exists, skipping

NOTICE:  column "bcfishobs_sha" of relation "log_recompute" already exists, skipping

NOTICE:  column "schema_persist" of relation "log_recompute" already exists, skipping

NOTICE:  column "species" of relation "log_recompute" already exists, skipping

NOTICE:  column "views_prebuilt" of relation "log_recompute" already exists, skipping

NOTICE:  column "notes" of relation "log_recompute" already exists, skipping

NOTICE:  relation "log_input" already exists, skipping

NOTICE:  column "run_id" of relation "log_input" already exists, skipping

NOTICE:  column "watershed_group_code" of relation "log_input" already exists, skipping

NOTICE:  column "table_name" of relation "log_input" already exists, skipping

NOTICE:  column "row_count" of relation "log_input" already exists, skipping

NOTICE:  column "row_count_estimated" of relation "log_input" already exists, skipping

NOTICE:  column "size_bytes" of relation "log_input" already exists, skipping

NOTICE:  column "last_analyze" of relation "log_input" already exists, skipping

NOTICE:  column "source" of relation "log_input" already exists, skipping

NOTICE:  column "source_at" of relation "log_input" already exists, skipping

NOTICE:  relation "log_parameters_fresh" already exists, skipping

NOTICE:  column "config_hash" of relation "log_parameters_fresh" already exists, skipping

NOTICE:  column "species_code" of relation "log_parameters_fresh" already exists, skipping

NOTICE:  column "access_gradient_max" of relation "log_parameters_fresh" already exists, skipping

NOTICE:  column "spawn_gradient_min" of relation "log_parameters_fresh" already exists, skipping

NOTICE:  column "rear_gradient_min" of relation "log_parameters_fresh" already exists, skipping

NOTICE:  column "cluster_rearing" of relation "log_parameters_fresh" already exists, skipping

NOTICE:  column "cluster_direction" of relation "log_parameters_fresh" already exists, skipping

NOTICE:  column "cluster_bridge_gradient" of relation "log_parameters_fresh" already exists, skipping

NOTICE:  column "cluster_bridge_distance" of relation "log_parameters_fresh" already exists, skipping

NOTICE:  column "cluster_confluence_m" of relation "log_parameters_fresh" already exists, skipping

NOTICE:  column "cluster_spawning" of relation "log_parameters_fresh" already exists, skipping

NOTICE:  column "cluster_spawn_direction" of relation "log_parameters_fresh" already exists, skipping

NOTICE:  column "cluster_spawn_bridge_gradient" of relation "log_parameters_fresh" already exists, skipping

NOTICE:  column "cluster_spawn_bridge_distance" of relation "log_parameters_fresh" already exists, skipping

NOTICE:  column "cluster_spawn_confluence_m" of relation "log_parameters_fresh" already exists, skipping

NOTICE:  column "observation_threshold" of relation "log_parameters_fresh" already exists, skipping

NOTICE:  column "observation_date_min" of relation "log_parameters_fresh" already exists, skipping

NOTICE:  column "observation_buffer_m" of relation "log_parameters_fresh" already exists, skipping

NOTICE:  column "observation_species" of relation "log_parameters_fresh" already exists, skipping

NOTICE:  column "observation_control_apply" of relation "log_parameters_fresh" already exists, skipping

NOTICE:  relation "log_parameters_habitat_thresholds" already exists, skipping

NOTICE:  column "config_hash" of relation "log_parameters_habitat_thresholds" already exists, skipping

NOTICE:  column "species_code" of relation "log_parameters_habitat_thresholds" already exists, skipping

NOTICE:  column "spawn_gradient_max" of relation "log_parameters_habitat_thresholds" already exists, skipping

NOTICE:  column "spawn_channel_width_min" of relation "log_parameters_habitat_thresholds" already exists, skipping

NOTICE:  column "spawn_channel_width_max" of relation "log_parameters_habitat_thresholds" already exists, skipping

NOTICE:  column "spawn_mad_min" of relation "log_parameters_habitat_thresholds" already exists, skipping

NOTICE:  column "spawn_mad_max" of relation "log_parameters_habitat_thresholds" already exists, skipping

NOTICE:  column "rear_gradient_max" of relation "log_parameters_habitat_thresholds" already exists, skipping

NOTICE:  column "rear_channel_width_min" of relation "log_parameters_habitat_thresholds" already exists, skipping

NOTICE:  column "rear_channel_width_max" of relation "log_parameters_habitat_thresholds" already exists, skipping

NOTICE:  column "rear_mad_min" of relation "log_parameters_habitat_thresholds" already exists, skipping

NOTICE:  column "rear_mad_max" of relation "log_parameters_habitat_thresholds" already exists, skipping

NOTICE:  column "rear_lake_ha_min" of relation "log_parameters_habitat_thresholds" already exists, skipping

NOTICE:  column "spawn_edge_types" of relation "log_parameters_habitat_thresholds" already exists, skipping

NOTICE:  column "rear_edge_types" of relation "log_parameters_habitat_thresholds" already exists, skipping

NOTICE:  relation "log_dimensions" already exists, skipping

NOTICE:  column "config_hash" of relation "log_dimensions" already exists, skipping

NOTICE:  column "species" of relation "log_dimensions" already exists, skipping

NOTICE:  column "spawn_lake" of relation "log_dimensions" already exists, skipping

NOTICE:  column "spawn_stream" of relation "log_dimensions" already exists, skipping

NOTICE:  column "spawn_stream_in_waterbody" of relation "log_dimensions" already exists, skipping

NOTICE:  column "rear_lake" of relation "log_dimensions" already exists, skipping

NOTICE:  column "rear_lake_only" of relation "log_dimensions" already exists, skipping

NOTICE:  column "rear_lake_area_only" of relation "log_dimensions" already exists, skipping

NOTICE:  column "rear_no_fw" of relation "log_dimensions" already exists, skipping

NOTICE:  column "rear_stream" of relation "log_dimensions" already exists, skipping

NOTICE:  column "rear_stream_in_waterbody" of relation "log_dimensions" already exists, skipping

NOTICE:  column "rear_wetland" of relation "log_dimensions" already exists, skipping

NOTICE:  column "rear_wetland_polygon" of relation "log_dimensions" already exists, skipping

NOTICE:  column "rear_wetland_area_only" of relation "log_dimensions" already exists, skipping

NOTICE:  column "rear_all_edges" of relation "log_dimensions" already exists, skipping

NOTICE:  column "river_skip_cw_min" of relation "log_dimensions" already exists, skipping

NOTICE:  column "rear_stream_order_bypass" of relation "log_dimensions" already exists, skipping

NOTICE:  column "rear_stream_order_parent_min" of relation "log_dimensions" already exists, skipping

NOTICE:  column "rear_stream_order_child_min" of relation "log_dimensions" already exists, skipping

NOTICE:  column "rear_stream_order_child_max" of relation "log_dimensions" already exists, skipping

NOTICE:  column "rear_stream_order_distance_max" of relation "log_dimensions" already exists, skipping

NOTICE:  column "spawn_requires_connected" of relation "log_dimensions" already exists, skipping

NOTICE:  column "spawn_connected_distance_max" of relation "log_dimensions" already exists, skipping

NOTICE:  column "spawn_connected_direction" of relation "log_dimensions" already exists, skipping

NOTICE:  column "spawn_connected_gradient_max" of relation "log_dimensions" already exists, skipping

NOTICE:  column "spawn_connected_cw_min" of relation "log_dimensions" already exists, skipping

NOTICE:  column "spawn_connected_edge_types" of relation "log_dimensions" already exists, skipping

NOTICE:  column "spawn_connected_lake_adjacent" of relation "log_dimensions" already exists, skipping

NOTICE:  column "rear_requires_connected" of relation "log_dimensions" already exists, skipping

NOTICE:  column "rear_connected_distance_max" of relation "log_dimensions" already exists, skipping

NOTICE:  column "rear_lake_ha_min" of relation "log_dimensions" already exists, skipping

NOTICE:  column "rear_wetland_ha_min" of relation "log_dimensions" already exists, skipping

NOTICE:  column "notes" of relation "log_dimensions" already exists, skipping

NOTICE:  relation "log_wsg_date_idx" already exists, skipping

NOTICE:  relation "log_config_idx" already exists, skipping

NOTICE:  relation "log_input_rn_idx" already exists, skipping

NOTICE:  relation "log_run_uid_idx" already exists, skipping

NOTICE:  relation "log_rc_run_uid_idx" already exists, skipping

NOTICE:  relation "log_rc_wsg_date_idx" already exists, skipping

NOTICE:  schema "working_score300_pcea" does not exist, skipping

NOTICE:  schema "working_score300_pcea" does not exist, skipping

NOTICE:  schema "working_score300_pcea" does not exist, skipping

NOTICE:  schema "working_score300_pcea" does not exist, skipping

NOTICE:  schema "fresh" already exists, skipping

NOTICE:  table "barriers_definite" does not exist, skipping

NOTICE:  table "barriers_definite_control" does not exist, skipping

NOTICE:  table "observations" does not exist, skipping

NOTICE:  table "streams_blk" does not exist, skipping

NOTICE:  table "gradient_barriers_raw" does not exist, skipping

NOTICE:  table "natural_barriers" does not exist, skipping

NOTICE:  table "barrier_overrides" does not exist, skipping

NOTICE:  table "barriers_bt" does not exist, skipping

NOTICE:  table "barriers_ch" does not exist, skipping

NOTICE:  table "barriers_cm" does not exist, skipping

NOTICE:  table "barriers_co" does not exist, skipping

NOTICE:  table "barriers_pk" does not exist, skipping

NOTICE:  table "barriers_sk" does not exist, skipping

NOTICE:  table "barriers_st" does not exist, skipping

NOTICE:  table "barriers_wct" does not exist, skipping

NOTICE:  table "barriers_ko" does not exist, skipping

NOTICE:  table "barriers_rb" does not exist, skipping

NOTICE:  table "barriers_gr" does not exist, skipping

NOTICE:  table "gradient_barriers_minimal" does not exist, skipping

NOTICE:  table "streams" does not exist, skipping

NOTICE:  table "streams_habitat" does not exist, skipping

NOTICE:  table "cabd_exclusions" does not exist, skipping

NOTICE:  table "cabd_blkey_xref" does not exist, skipping

NOTICE:  table "cabd_passability_status_updates" does not exist, skipping

NOTICE:  table "cabd_additions" does not exist, skipping

NOTICE:  table "cabd_dams_raw" does not exist, skipping

NOTICE:  table "dams" does not exist, skipping

NOTICE:  table "pscis_modelledcrossings_streams_xref" does not exist, skipping

NOTICE:  table "pscis_stream_candidates" does not exist, skipping

NOTICE:  table "pscis_streams_150m" does not exist, skipping

NOTICE:  table "pscis_picked" does not exist, skipping

NOTICE:  table "pscis" does not exist, skipping

NOTICE:  table "crossings_lookup" does not exist, skipping

NOTICE:  table "barriers_anthropogenic" does not exist, skipping

NOTICE:  table "barriers_pscis" does not exist, skipping

NOTICE:  table "barriers_dams" does not exist, skipping

NOTICE:  table "barriers_remediations" does not exist, skipping

NOTICE:  table "observations_breaks" does not exist, skipping

NOTICE:  table "habitat_endpoints" does not exist, skipping

NOTICE:  table "crossings_breaks" does not exist, skipping

NOTICE:  table "streams_breaks" does not exist, skipping

NOTICE:  relation "streams_id_segment_idx" already exists, skipping

NOTICE:  table "streams_acc_015" does not exist, skipping

NOTICE:  table "streams_acc_025" does not exist, skipping

NOTICE:  table "streams_acc_025_ovr_bt" does not exist, skipping

NOTICE:  table "streams_acc_015_ovr_gr" does not exist, skipping

NOTICE:  table "frs_clusters_bt" does not exist, skipping

NOTICE:  table "frs_clusters_gr" does not exist, skipping

NOTICE:  schema "score300_default_tuned" already exists, skipping

NOTICE:  relation "streams" already exists, skipping

NOTICE:  relation "streams_wsg_idx" already exists, skipping

NOTICE:  relation "streams_blk_idx" already exists, skipping

NOTICE:  relation "streams_geom_idx" already exists, skipping

NOTICE:  relation "streams_wbk_idx" already exists, skipping

NOTICE:  relation "streams_wscode_gist_idx" already exists, skipping

NOTICE:  relation "streams_wscode_btree_idx" already exists, skipping

NOTICE:  relation "streams_localcode_gist_idx" already exists, skipping

NOTICE:  relation "streams_localcode_btree_idx" already exists, skipping

NOTICE:  relation "streams_habitat_bt" already exists, skipping

NOTICE:  relation "streams_habitat_bt_wsg_idx" already exists, skipping

NOTICE:  relation "streams_habitat_ch" already exists, skipping

NOTICE:  relation "streams_habitat_ch_wsg_idx" already exists, skipping

NOTICE:  relation "streams_habitat_cm" already exists, skipping

NOTICE:  relation "streams_habitat_cm_wsg_idx" already exists, skipping

NOTICE:  relation "streams_habitat_co" already exists, skipping

NOTICE:  relation "streams_habitat_co_wsg_idx" already exists, skipping

NOTICE:  relation "streams_habitat_pk" already exists, skipping

NOTICE:  relation "streams_habitat_pk_wsg_idx" already exists, skipping

NOTICE:  relation "streams_habitat_sk" already exists, skipping

NOTICE:  relation "streams_habitat_sk_wsg_idx" already exists, skipping

NOTICE:  relation "streams_habitat_st" already exists, skipping

NOTICE:  relation "streams_habitat_st_wsg_idx" already exists, skipping

NOTICE:  relation "streams_habitat_wct" already exists, skipping

NOTICE:  relation "streams_habitat_wct_wsg_idx" already exists, skipping

NOTICE:  relation "streams_habitat_ko" already exists, skipping

NOTICE:  relation "streams_habitat_ko_wsg_idx" already exists, skipping

NOTICE:  relation "streams_habitat_rb" already exists, skipping

NOTICE:  relation "streams_habitat_rb_wsg_idx" already exists, skipping

NOTICE:  relation "streams_habitat_gr" already exists, skipping

NOTICE:  relation "streams_habitat_gr_wsg_idx" already exists, skipping

NOTICE:  relation "barriers" already exists, skipping

NOTICE:  relation "barriers_wsg_idx" already exists, skipping

NOTICE:  relation "barriers_blocks_idx" already exists, skipping

NOTICE:  relation "barriers_source_idx" already exists, skipping

NOTICE:  relation "barriers_blk_drm_idx" already exists, skipping

NOTICE:  relation "barriers_geom_idx" already exists, skipping

NOTICE:  relation "barriers_wscode_gist_idx" already exists, skipping

NOTICE:  relation "barriers_wscode_btree_idx" already exists, skipping

NOTICE:  relation "barriers_localcode_gist_idx" already exists, skipping

NOTICE:  relation "barriers_localcode_btree_idx" already exists, skipping

NOTICE:  relation "barrier_overrides" already exists, skipping

NOTICE:  relation "barrier_overrides_wsg_idx" already exists, skipping

NOTICE:  relation "barrier_overrides_blk_drm_idx" already exists, skipping

NOTICE:  relation "streams_access" already exists, skipping

NOTICE:  relation "streams_access_wsg_idx" already exists, skipping

NOTICE:  relation "streams_mapping_code" already exists, skipping

NOTICE:  relation "streams_mapping_code_wsg_idx" already exists, skipping

NOTICE:  schema "score300_default_tuned" already exists, skipping

NOTICE:  relation "log" already exists, skipping

NOTICE:  column "run_id" of relation "log" already exists, skipping

NOTICE:  column "watershed_group_code" of relation "log" already exists, skipping

NOTICE:  column "date_start" of relation "log" already exists, skipping

NOTICE:  column "date_end" of relation "log" already exists, skipping

NOTICE:  column "run_uid" of relation "log" already exists, skipping

NOTICE:  column "run_label" of relation "log" already exists, skipping

NOTICE:  column "host" of relation "log" already exists, skipping

NOTICE:  column "config_name" of relation "log" already exists, skipping

NOTICE:  column "config_hash" of relation "log" already exists, skipping

NOTICE:  column "config_drift" of relation "log" already exists, skipping

NOTICE:  column "link_version" of relation "log" already exists, skipping

NOTICE:  column "link_sha" of relation "log" already exists, skipping

NOTICE:  column "link_dirty" of relation "log" already exists, skipping

NOTICE:  column "fresh_version" of relation "log" already exists, skipping

NOTICE:  column "fresh_sha" of relation "log" already exists, skipping

NOTICE:  column "fresh_dirty" of relation "log" already exists, skipping

NOTICE:  column "fresh_sha_source" of relation "log" already exists, skipping

NOTICE:  column "crate_version" of relation "log" already exists, skipping

NOTICE:  column "fwapg_sha" of relation "log" already exists, skipping

NOTICE:  column "bcfishobs_sha" of relation "log" already exists, skipping

NOTICE:  column "arg_dams" of relation "log" already exists, skipping

NOTICE:  column "arg_mapping_code" of relation "log" already exists, skipping

NOTICE:  column "arg_cleanup_working" of relation "log" already exists, skipping

NOTICE:  column "schema_persist" of relation "log" already exists, skipping

NOTICE:  column "species" of relation "log" already exists, skipping

NOTICE:  column "wsg_upstream" of relation "log" already exists, skipping

NOTICE:  column "bcfp_model_run_id" of relation "log" already exists, skipping

NOTICE:  column "bcfp_model_version" of relation "log" already exists, skipping

NOTICE:  column "bcfp_pin_source" of relation "log" already exists, skipping

NOTICE:  column "notes" of relation "log" already exists, skipping

NOTICE:  relation "log_recompute" already exists, skipping

NOTICE:  column "recompute_id" of relation "log_recompute" already exists, skipping

NOTICE:  column "watershed_group_code" of relation "log_recompute" already exists, skipping

NOTICE:  column "date_start" of relation "log_recompute" already exists, skipping

NOTICE:  column "date_end" of relation "log_recompute" already exists, skipping

NOTICE:  column "run_uid" of relation "log_recompute" already exists, skipping

NOTICE:  column "run_label" of relation "log_recompute" already exists, skipping

NOTICE:  column "host" of relation "log_recompute" already exists, skipping

NOTICE:  column "config_name" of relation "log_recompute" already exists, skipping

NOTICE:  column "config_hash" of relation "log_recompute" already exists, skipping

NOTICE:  column "link_version" of relation "log_recompute" already exists, skipping

NOTICE:  column "link_sha" of relation "log_recompute" already exists, skipping

NOTICE:  column "link_dirty" of relation "log_recompute" already exists, skipping

NOTICE:  column "fresh_version" of relation "log_recompute" already exists, skipping

NOTICE:  column "fresh_sha" of relation "log_recompute" already exists, skipping

NOTICE:  column "fresh_dirty" of relation "log_recompute" already exists, skipping

NOTICE:  column "fresh_sha_source" of relation "log_recompute" already exists, skipping

NOTICE:  column "crate_version" of relation "log_recompute" already exists, skipping

NOTICE:  column "fwapg_sha" of relation "log_recompute" already exists, skipping

NOTICE:  column "bcfishobs_sha" of relation "log_recompute" already exists, skipping

NOTICE:  column "schema_persist" of relation "log_recompute" already exists, skipping

NOTICE:  column "species" of relation "log_recompute" already exists, skipping

NOTICE:  column "views_prebuilt" of relation "log_recompute" already exists, skipping

NOTICE:  column "notes" of relation "log_recompute" already exists, skipping

NOTICE:  relation "log_input" already exists, skipping

NOTICE:  column "run_id" of relation "log_input" already exists, skipping

NOTICE:  column "watershed_group_code" of relation "log_input" already exists, skipping

NOTICE:  column "table_name" of relation "log_input" already exists, skipping

NOTICE:  column "row_count" of relation "log_input" already exists, skipping

NOTICE:  column "row_count_estimated" of relation "log_input" already exists, skipping

NOTICE:  column "size_bytes" of relation "log_input" already exists, skipping

NOTICE:  column "last_analyze" of relation "log_input" already exists, skipping

NOTICE:  column "source" of relation "log_input" already exists, skipping

NOTICE:  column "source_at" of relation "log_input" already exists, skipping

NOTICE:  relation "log_parameters_fresh" already exists, skipping

NOTICE:  column "config_hash" of relation "log_parameters_fresh" already exists, skipping

NOTICE:  column "species_code" of relation "log_parameters_fresh" already exists, skipping

NOTICE:  column "access_gradient_max" of relation "log_parameters_fresh" already exists, skipping

NOTICE:  column "spawn_gradient_min" of relation "log_parameters_fresh" already exists, skipping

NOTICE:  column "rear_gradient_min" of relation "log_parameters_fresh" already exists, skipping

NOTICE:  column "cluster_rearing" of relation "log_parameters_fresh" already exists, skipping

NOTICE:  column "cluster_direction" of relation "log_parameters_fresh" already exists, skipping

NOTICE:  column "cluster_bridge_gradient" of relation "log_parameters_fresh" already exists, skipping

NOTICE:  column "cluster_bridge_distance" of relation "log_parameters_fresh" already exists, skipping

NOTICE:  column "cluster_confluence_m" of relation "log_parameters_fresh" already exists, skipping

NOTICE:  column "cluster_spawning" of relation "log_parameters_fresh" already exists, skipping

NOTICE:  column "cluster_spawn_direction" of relation "log_parameters_fresh" already exists, skipping

NOTICE:  column "cluster_spawn_bridge_gradient" of relation "log_parameters_fresh" already exists, skipping

NOTICE:  column "cluster_spawn_bridge_distance" of relation "log_parameters_fresh" already exists, skipping

NOTICE:  column "cluster_spawn_confluence_m" of relation "log_parameters_fresh" already exists, skipping

NOTICE:  column "observation_threshold" of relation "log_parameters_fresh" already exists, skipping

NOTICE:  column "observation_date_min" of relation "log_parameters_fresh" already exists, skipping

NOTICE:  column "observation_buffer_m" of relation "log_parameters_fresh" already exists, skipping

NOTICE:  column "observation_species" of relation "log_parameters_fresh" already exists, skipping

NOTICE:  column "observation_control_apply" of relation "log_parameters_fresh" already exists, skipping

NOTICE:  relation "log_parameters_habitat_thresholds" already exists, skipping

NOTICE:  column "config_hash" of relation "log_parameters_habitat_thresholds" already exists, skipping

NOTICE:  column "species_code" of relation "log_parameters_habitat_thresholds" already exists, skipping

NOTICE:  column "spawn_gradient_max" of relation "log_parameters_habitat_thresholds" already exists, skipping

NOTICE:  column "spawn_channel_width_min" of relation "log_parameters_habitat_thresholds" already exists, skipping

NOTICE:  column "spawn_channel_width_max" of relation "log_parameters_habitat_thresholds" already exists, skipping

NOTICE:  column "spawn_mad_min" of relation "log_parameters_habitat_thresholds" already exists, skipping

NOTICE:  column "spawn_mad_max" of relation "log_parameters_habitat_thresholds" already exists, skipping

NOTICE:  column "rear_gradient_max" of relation "log_parameters_habitat_thresholds" already exists, skipping

NOTICE:  column "rear_channel_width_min" of relation "log_parameters_habitat_thresholds" already exists, skipping

NOTICE:  column "rear_channel_width_max" of relation "log_parameters_habitat_thresholds" already exists, skipping

NOTICE:  column "rear_mad_min" of relation "log_parameters_habitat_thresholds" already exists, skipping

NOTICE:  column "rear_mad_max" of relation "log_parameters_habitat_thresholds" already exists, skipping

NOTICE:  column "rear_lake_ha_min" of relation "log_parameters_habitat_thresholds" already exists, skipping

NOTICE:  column "spawn_edge_types" of relation "log_parameters_habitat_thresholds" already exists, skipping

NOTICE:  column "rear_edge_types" of relation "log_parameters_habitat_thresholds" already exists, skipping

NOTICE:  relation "log_dimensions" already exists, skipping

NOTICE:  column "config_hash" of relation "log_dimensions" already exists, skipping

NOTICE:  column "species" of relation "log_dimensions" already exists, skipping

NOTICE:  column "spawn_lake" of relation "log_dimensions" already exists, skipping

NOTICE:  column "spawn_stream" of relation "log_dimensions" already exists, skipping

NOTICE:  column "spawn_stream_in_waterbody" of relation "log_dimensions" already exists, skipping

NOTICE:  column "rear_lake" of relation "log_dimensions" already exists, skipping

NOTICE:  column "rear_lake_only" of relation "log_dimensions" already exists, skipping

NOTICE:  column "rear_lake_area_only" of relation "log_dimensions" already exists, skipping

NOTICE:  column "rear_no_fw" of relation "log_dimensions" already exists, skipping

NOTICE:  column "rear_stream" of relation "log_dimensions" already exists, skipping

NOTICE:  column "rear_stream_in_waterbody" of relation "log_dimensions" already exists, skipping

NOTICE:  column "rear_wetland" of relation "log_dimensions" already exists, skipping

NOTICE:  column "rear_wetland_polygon" of relation "log_dimensions" already exists, skipping

NOTICE:  column "rear_wetland_area_only" of relation "log_dimensions" already exists, skipping

NOTICE:  column "rear_all_edges" of relation "log_dimensions" already exists, skipping

NOTICE:  column "river_skip_cw_min" of relation "log_dimensions" already exists, skipping

NOTICE:  column "rear_stream_order_bypass" of relation "log_dimensions" already exists, skipping

NOTICE:  column "rear_stream_order_parent_min" of relation "log_dimensions" already exists, skipping

NOTICE:  column "rear_stream_order_child_min" of relation "log_dimensions" already exists, skipping

NOTICE:  column "rear_stream_order_child_max" of relation "log_dimensions" already exists, skipping

NOTICE:  column "rear_stream_order_distance_max" of relation "log_dimensions" already exists, skipping

NOTICE:  column "spawn_requires_connected" of relation "log_dimensions" already exists, skipping

NOTICE:  column "spawn_connected_distance_max" of relation "log_dimensions" already exists, skipping

NOTICE:  column "spawn_connected_direction" of relation "log_dimensions" already exists, skipping

NOTICE:  column "spawn_connected_gradient_max" of relation "log_dimensions" already exists, skipping

NOTICE:  column "spawn_connected_cw_min" of relation "log_dimensions" already exists, skipping

NOTICE:  column "spawn_connected_edge_types" of relation "log_dimensions" already exists, skipping

NOTICE:  column "spawn_connected_lake_adjacent" of relation "log_dimensions" already exists, skipping

NOTICE:  column "rear_requires_connected" of relation "log_dimensions" already exists, skipping

NOTICE:  column "rear_connected_distance_max" of relation "log_dimensions" already exists, skipping

NOTICE:  column "rear_lake_ha_min" of relation "log_dimensions" already exists, skipping

NOTICE:  column "rear_wetland_ha_min" of relation "log_dimensions" already exists, skipping

NOTICE:  column "notes" of relation "log_dimensions" already exists, skipping

NOTICE:  relation "log_wsg_date_idx" already exists, skipping

NOTICE:  relation "log_config_idx" already exists, skipping

NOTICE:  relation "log_input_rn_idx" already exists, skipping

NOTICE:  relation "log_run_uid_idx" already exists, skipping

NOTICE:  relation "log_rc_run_uid_idx" already exists, skipping

NOTICE:  relation "log_rc_wsg_date_idx" already exists, skipping

NOTICE:  table "barriers" does not exist, skipping

15:08:14 base PCEA done in 3.5 min
NOTICE:  schema "score300_default_tuned" already exists, skipping

NOTICE:  relation "log" already exists, skipping

NOTICE:  column "run_id" of relation "log" already exists, skipping

NOTICE:  column "watershed_group_code" of relation "log" already exists, skipping

NOTICE:  column "date_start" of relation "log" already exists, skipping

NOTICE:  column "date_end" of relation "log" already exists, skipping

NOTICE:  column "run_uid" of relation "log" already exists, skipping

NOTICE:  column "run_label" of relation "log" already exists, skipping

NOTICE:  column "host" of relation "log" already exists, skipping

NOTICE:  column "config_name" of relation "log" already exists, skipping

NOTICE:  column "config_hash" of relation "log" already exists, skipping

NOTICE:  column "config_drift" of relation "log" already exists, skipping

NOTICE:  column "link_version" of relation "log" already exists, skipping

NOTICE:  column "link_sha" of relation "log" already exists, skipping

NOTICE:  column "link_dirty" of relation "log" already exists, skipping

NOTICE:  column "fresh_version" of relation "log" already exists, skipping

NOTICE:  column "fresh_sha" of relation "log" already exists, skipping

NOTICE:  column "fresh_dirty" of relation "log" already exists, skipping

NOTICE:  column "fresh_sha_source" of relation "log" already exists, skipping

NOTICE:  column "crate_version" of relation "log" already exists, skipping

NOTICE:  column "fwapg_sha" of relation "log" already exists, skipping

NOTICE:  column "bcfishobs_sha" of relation "log" already exists, skipping

NOTICE:  column "arg_dams" of relation "log" already exists, skipping

NOTICE:  column "arg_mapping_code" of relation "log" already exists, skipping

NOTICE:  column "arg_cleanup_working" of relation "log" already exists, skipping

NOTICE:  column "schema_persist" of relation "log" already exists, skipping

NOTICE:  column "species" of relation "log" already exists, skipping

NOTICE:  column "wsg_upstream" of relation "log" already exists, skipping

NOTICE:  column "bcfp_model_run_id" of relation "log" already exists, skipping

NOTICE:  column "bcfp_model_version" of relation "log" already exists, skipping

NOTICE:  column "bcfp_pin_source" of relation "log" already exists, skipping

NOTICE:  column "notes" of relation "log" already exists, skipping

NOTICE:  relation "log_recompute" already exists, skipping

NOTICE:  column "recompute_id" of relation "log_recompute" already exists, skipping

NOTICE:  column "watershed_group_code" of relation "log_recompute" already exists, skipping

NOTICE:  column "date_start" of relation "log_recompute" already exists, skipping

NOTICE:  column "date_end" of relation "log_recompute" already exists, skipping

NOTICE:  column "run_uid" of relation "log_recompute" already exists, skipping

NOTICE:  column "run_label" of relation "log_recompute" already exists, skipping

NOTICE:  column "host" of relation "log_recompute" already exists, skipping

NOTICE:  column "config_name" of relation "log_recompute" already exists, skipping

NOTICE:  column "config_hash" of relation "log_recompute" already exists, skipping

NOTICE:  column "link_version" of relation "log_recompute" already exists, skipping

NOTICE:  column "link_sha" of relation "log_recompute" already exists, skipping

NOTICE:  column "link_dirty" of relation "log_recompute" already exists, skipping

NOTICE:  column "fresh_version" of relation "log_recompute" already exists, skipping

NOTICE:  column "fresh_sha" of relation "log_recompute" already exists, skipping

NOTICE:  column "fresh_dirty" of relation "log_recompute" already exists, skipping

NOTICE:  column "fresh_sha_source" of relation "log_recompute" already exists, skipping

NOTICE:  column "crate_version" of relation "log_recompute" already exists, skipping

NOTICE:  column "fwapg_sha" of relation "log_recompute" already exists, skipping

NOTICE:  column "bcfishobs_sha" of relation "log_recompute" already exists, skipping

NOTICE:  column "schema_persist" of relation "log_recompute" already exists, skipping

NOTICE:  column "species" of relation "log_recompute" already exists, skipping

NOTICE:  column "views_prebuilt" of relation "log_recompute" already exists, skipping

NOTICE:  column "notes" of relation "log_recompute" already exists, skipping

NOTICE:  relation "log_input" already exists, skipping

NOTICE:  column "run_id" of relation "log_input" already exists, skipping

NOTICE:  column "watershed_group_code" of relation "log_input" already exists, skipping

NOTICE:  column "table_name" of relation "log_input" already exists, skipping

NOTICE:  column "row_count" of relation "log_input" already exists, skipping

NOTICE:  column "row_count_estimated" of relation "log_input" already exists, skipping

NOTICE:  column "size_bytes" of relation "log_input" already exists, skipping

NOTICE:  column "last_analyze" of relation "log_input" already exists, skipping

NOTICE:  column "source" of relation "log_input" already exists, skipping

NOTICE:  column "source_at" of relation "log_input" already exists, skipping

NOTICE:  relation "log_parameters_fresh" already exists, skipping

NOTICE:  column "config_hash" of relation "log_parameters_fresh" already exists, skipping

NOTICE:  column "species_code" of relation "log_parameters_fresh" already exists, skipping

NOTICE:  column "access_gradient_max" of relation "log_parameters_fresh" already exists, skipping

NOTICE:  column "spawn_gradient_min" of relation "log_parameters_fresh" already exists, skipping

NOTICE:  column "rear_gradient_min" of relation "log_parameters_fresh" already exists, skipping

NOTICE:  column "cluster_rearing" of relation "log_parameters_fresh" already exists, skipping

NOTICE:  column "cluster_direction" of relation "log_parameters_fresh" already exists, skipping

NOTICE:  column "cluster_bridge_gradient" of relation "log_parameters_fresh" already exists, skipping

NOTICE:  column "cluster_bridge_distance" of relation "log_parameters_fresh" already exists, skipping

NOTICE:  column "cluster_confluence_m" of relation "log_parameters_fresh" already exists, skipping

NOTICE:  column "cluster_spawning" of relation "log_parameters_fresh" already exists, skipping

NOTICE:  column "cluster_spawn_direction" of relation "log_parameters_fresh" already exists, skipping

NOTICE:  column "cluster_spawn_bridge_gradient" of relation "log_parameters_fresh" already exists, skipping

NOTICE:  column "cluster_spawn_bridge_distance" of relation "log_parameters_fresh" already exists, skipping

NOTICE:  column "cluster_spawn_confluence_m" of relation "log_parameters_fresh" already exists, skipping

NOTICE:  column "observation_threshold" of relation "log_parameters_fresh" already exists, skipping

NOTICE:  column "observation_date_min" of relation "log_parameters_fresh" already exists, skipping

NOTICE:  column "observation_buffer_m" of relation "log_parameters_fresh" already exists, skipping

NOTICE:  column "observation_species" of relation "log_parameters_fresh" already exists, skipping

NOTICE:  column "observation_control_apply" of relation "log_parameters_fresh" already exists, skipping

NOTICE:  relation "log_parameters_habitat_thresholds" already exists, skipping

NOTICE:  column "config_hash" of relation "log_parameters_habitat_thresholds" already exists, skipping

NOTICE:  column "species_code" of relation "log_parameters_habitat_thresholds" already exists, skipping

NOTICE:  column "spawn_gradient_max" of relation "log_parameters_habitat_thresholds" already exists, skipping

NOTICE:  column "spawn_channel_width_min" of relation "log_parameters_habitat_thresholds" already exists, skipping

NOTICE:  column "spawn_channel_width_max" of relation "log_parameters_habitat_thresholds" already exists, skipping

NOTICE:  column "spawn_mad_min" of relation "log_parameters_habitat_thresholds" already exists, skipping

NOTICE:  column "spawn_mad_max" of relation "log_parameters_habitat_thresholds" already exists, skipping

NOTICE:  column "rear_gradient_max" of relation "log_parameters_habitat_thresholds" already exists, skipping

NOTICE:  column "rear_channel_width_min" of relation "log_parameters_habitat_thresholds" already exists, skipping

NOTICE:  column "rear_channel_width_max" of relation "log_parameters_habitat_thresholds" already exists, skipping

NOTICE:  column "rear_mad_min" of relation "log_parameters_habitat_thresholds" already exists, skipping

NOTICE:  column "rear_mad_max" of relation "log_parameters_habitat_thresholds" already exists, skipping

NOTICE:  column "rear_lake_ha_min" of relation "log_parameters_habitat_thresholds" already exists, skipping

NOTICE:  column "spawn_edge_types" of relation "log_parameters_habitat_thresholds" already exists, skipping

NOTICE:  column "rear_edge_types" of relation "log_parameters_habitat_thresholds" already exists, skipping

NOTICE:  relation "log_dimensions" already exists, skipping

NOTICE:  column "config_hash" of relation "log_dimensions" already exists, skipping

NOTICE:  column "species" of relation "log_dimensions" already exists, skipping

NOTICE:  column "spawn_lake" of relation "log_dimensions" already exists, skipping

NOTICE:  column "spawn_stream" of relation "log_dimensions" already exists, skipping

NOTICE:  column "spawn_stream_in_waterbody" of relation "log_dimensions" already exists, skipping

NOTICE:  column "rear_lake" of relation "log_dimensions" already exists, skipping

NOTICE:  column "rear_lake_only" of relation "log_dimensions" already exists, skipping

NOTICE:  column "rear_lake_area_only" of relation "log_dimensions" already exists, skipping

NOTICE:  column "rear_no_fw" of relation "log_dimensions" already exists, skipping

NOTICE:  column "rear_stream" of relation "log_dimensions" already exists, skipping

NOTICE:  column "rear_stream_in_waterbody" of relation "log_dimensions" already exists, skipping

NOTICE:  column "rear_wetland" of relation "log_dimensions" already exists, skipping

NOTICE:  column "rear_wetland_polygon" of relation "log_dimensions" already exists, skipping

NOTICE:  column "rear_wetland_area_only" of relation "log_dimensions" already exists, skipping

NOTICE:  column "rear_all_edges" of relation "log_dimensions" already exists, skipping

NOTICE:  column "river_skip_cw_min" of relation "log_dimensions" already exists, skipping

NOTICE:  column "rear_stream_order_bypass" of relation "log_dimensions" already exists, skipping

NOTICE:  column "rear_stream_order_parent_min" of relation "log_dimensions" already exists, skipping

NOTICE:  column "rear_stream_order_child_min" of relation "log_dimensions" already exists, skipping

NOTICE:  column "rear_stream_order_child_max" of relation "log_dimensions" already exists, skipping

NOTICE:  column "rear_stream_order_distance_max" of relation "log_dimensions" already exists, skipping

NOTICE:  column "spawn_requires_connected" of relation "log_dimensions" already exists, skipping

NOTICE:  column "spawn_connected_distance_max" of relation "log_dimensions" already exists, skipping

NOTICE:  column "spawn_connected_direction" of relation "log_dimensions" already exists, skipping

NOTICE:  column "spawn_connected_gradient_max" of relation "log_dimensions" already exists, skipping

NOTICE:  column "spawn_connected_cw_min" of relation "log_dimensions" already exists, skipping

NOTICE:  column "spawn_connected_edge_types" of relation "log_dimensions" already exists, skipping

NOTICE:  column "spawn_connected_lake_adjacent" of relation "log_dimensions" already exists, skipping

NOTICE:  column "rear_requires_connected" of relation "log_dimensions" already exists, skipping

NOTICE:  column "rear_connected_distance_max" of relation "log_dimensions" already exists, skipping

NOTICE:  column "rear_lake_ha_min" of relation "log_dimensions" already exists, skipping

NOTICE:  column "rear_wetland_ha_min" of relation "log_dimensions" already exists, skipping

NOTICE:  column "notes" of relation "log_dimensions" already exists, skipping

NOTICE:  relation "log_wsg_date_idx" already exists, skipping

NOTICE:  relation "log_config_idx" already exists, skipping

NOTICE:  relation "log_input_rn_idx" already exists, skipping

NOTICE:  relation "log_run_uid_idx" already exists, skipping

NOTICE:  relation "log_rc_run_uid_idx" already exists, skipping

NOTICE:  relation "log_rc_wsg_date_idx" already exists, skipping

NOTICE:  schema "working_score300_para" does not exist, skipping

NOTICE:  schema "working_score300_para" does not exist, skipping

NOTICE:  schema "working_score300_para" does not exist, skipping

NOTICE:  schema "working_score300_para" does not exist, skipping

NOTICE:  schema "fresh" already exists, skipping

NOTICE:  table "barriers_definite" does not exist, skipping

NOTICE:  table "barriers_definite_control" does not exist, skipping

NOTICE:  table "observations" does not exist, skipping

NOTICE:  table "streams_blk" does not exist, skipping

NOTICE:  table "gradient_barriers_raw" does not exist, skipping

NOTICE:  table "natural_barriers" does not exist, skipping

NOTICE:  table "barrier_overrides" does not exist, skipping

NOTICE:  table "barriers_bt" does not exist, skipping

NOTICE:  table "barriers_ch" does not exist, skipping

NOTICE:  table "barriers_cm" does not exist, skipping

NOTICE:  table "barriers_co" does not exist, skipping

NOTICE:  table "barriers_pk" does not exist, skipping

NOTICE:  table "barriers_sk" does not exist, skipping

NOTICE:  table "barriers_st" does not exist, skipping

NOTICE:  table "barriers_wct" does not exist, skipping

NOTICE:  table "barriers_ko" does not exist, skipping

NOTICE:  table "barriers_rb" does not exist, skipping

NOTICE:  table "barriers_gr" does not exist, skipping

NOTICE:  table "gradient_barriers_minimal" does not exist, skipping

NOTICE:  table "streams" does not exist, skipping

NOTICE:  table "streams_habitat" does not exist, skipping

NOTICE:  table "cabd_exclusions" does not exist, skipping

NOTICE:  table "cabd_blkey_xref" does not exist, skipping

NOTICE:  table "cabd_passability_status_updates" does not exist, skipping

NOTICE:  table "cabd_additions" does not exist, skipping

NOTICE:  table "cabd_dams_raw" does not exist, skipping

NOTICE:  table "dams" does not exist, skipping

NOTICE:  table "pscis_modelledcrossings_streams_xref" does not exist, skipping

NOTICE:  table "pscis_stream_candidates" does not exist, skipping

NOTICE:  table "pscis_streams_150m" does not exist, skipping

NOTICE:  table "pscis_picked" does not exist, skipping

NOTICE:  table "pscis" does not exist, skipping

NOTICE:  table "crossings_lookup" does not exist, skipping

NOTICE:  table "barriers_anthropogenic" does not exist, skipping

NOTICE:  table "barriers_pscis" does not exist, skipping

NOTICE:  table "barriers_dams" does not exist, skipping

NOTICE:  table "barriers_remediations" does not exist, skipping

NOTICE:  table "observations_breaks" does not exist, skipping

NOTICE:  table "habitat_endpoints" does not exist, skipping

NOTICE:  table "crossings_breaks" does not exist, skipping

NOTICE:  table "streams_breaks" does not exist, skipping

NOTICE:  relation "streams_id_segment_idx" already exists, skipping

NOTICE:  table "streams_acc_015" does not exist, skipping

NOTICE:  table "streams_acc_025" does not exist, skipping

NOTICE:  table "streams_acc_025_ovr_bt" does not exist, skipping

NOTICE:  table "frs_clusters_bt" does not exist, skipping

NOTICE:  table "frs_clusters_gr" does not exist, skipping

NOTICE:  schema "score300_default_tuned" already exists, skipping

NOTICE:  relation "streams" already exists, skipping

NOTICE:  relation "streams_wsg_idx" already exists, skipping

NOTICE:  relation "streams_blk_idx" already exists, skipping

NOTICE:  relation "streams_geom_idx" already exists, skipping

NOTICE:  relation "streams_wbk_idx" already exists, skipping

NOTICE:  relation "streams_wscode_gist_idx" already exists, skipping

NOTICE:  relation "streams_wscode_btree_idx" already exists, skipping

NOTICE:  relation "streams_localcode_gist_idx" already exists, skipping

NOTICE:  relation "streams_localcode_btree_idx" already exists, skipping

NOTICE:  relation "streams_habitat_bt" already exists, skipping

NOTICE:  relation "streams_habitat_bt_wsg_idx" already exists, skipping

NOTICE:  relation "streams_habitat_ch" already exists, skipping

NOTICE:  relation "streams_habitat_ch_wsg_idx" already exists, skipping

NOTICE:  relation "streams_habitat_cm" already exists, skipping

NOTICE:  relation "streams_habitat_cm_wsg_idx" already exists, skipping

NOTICE:  relation "streams_habitat_co" already exists, skipping

NOTICE:  relation "streams_habitat_co_wsg_idx" already exists, skipping

NOTICE:  relation "streams_habitat_pk" already exists, skipping

NOTICE:  relation "streams_habitat_pk_wsg_idx" already exists, skipping

NOTICE:  relation "streams_habitat_sk" already exists, skipping

NOTICE:  relation "streams_habitat_sk_wsg_idx" already exists, skipping

NOTICE:  relation "streams_habitat_st" already exists, skipping

NOTICE:  relation "streams_habitat_st_wsg_idx" already exists, skipping

NOTICE:  relation "streams_habitat_wct" already exists, skipping

NOTICE:  relation "streams_habitat_wct_wsg_idx" already exists, skipping

NOTICE:  relation "streams_habitat_ko" already exists, skipping

NOTICE:  relation "streams_habitat_ko_wsg_idx" already exists, skipping

NOTICE:  relation "streams_habitat_rb" already exists, skipping

NOTICE:  relation "streams_habitat_rb_wsg_idx" already exists, skipping

NOTICE:  relation "streams_habitat_gr" already exists, skipping

NOTICE:  relation "streams_habitat_gr_wsg_idx" already exists, skipping

NOTICE:  relation "barriers" already exists, skipping

NOTICE:  relation "barriers_wsg_idx" already exists, skipping

NOTICE:  relation "barriers_blocks_idx" already exists, skipping

NOTICE:  relation "barriers_source_idx" already exists, skipping

NOTICE:  relation "barriers_blk_drm_idx" already exists, skipping

NOTICE:  relation "barriers_geom_idx" already exists, skipping

NOTICE:  relation "barriers_wscode_gist_idx" already exists, skipping

NOTICE:  relation "barriers_wscode_btree_idx" already exists, skipping

NOTICE:  relation "barriers_localcode_gist_idx" already exists, skipping

NOTICE:  relation "barriers_localcode_btree_idx" already exists, skipping

NOTICE:  relation "barrier_overrides" already exists, skipping

NOTICE:  relation "barrier_overrides_wsg_idx" already exists, skipping

NOTICE:  relation "barrier_overrides_blk_drm_idx" already exists, skipping

NOTICE:  relation "streams_access" already exists, skipping

NOTICE:  relation "streams_access_wsg_idx" already exists, skipping

NOTICE:  relation "streams_mapping_code" already exists, skipping

NOTICE:  relation "streams_mapping_code_wsg_idx" already exists, skipping

NOTICE:  schema "score300_default_tuned" already exists, skipping

NOTICE:  relation "log" already exists, skipping

NOTICE:  column "run_id" of relation "log" already exists, skipping

NOTICE:  column "watershed_group_code" of relation "log" already exists, skipping

NOTICE:  column "date_start" of relation "log" already exists, skipping

NOTICE:  column "date_end" of relation "log" already exists, skipping

NOTICE:  column "run_uid" of relation "log" already exists, skipping

NOTICE:  column "run_label" of relation "log" already exists, skipping

NOTICE:  column "host" of relation "log" already exists, skipping

NOTICE:  column "config_name" of relation "log" already exists, skipping

NOTICE:  column "config_hash" of relation "log" already exists, skipping

NOTICE:  column "config_drift" of relation "log" already exists, skipping

NOTICE:  column "link_version" of relation "log" already exists, skipping

NOTICE:  column "link_sha" of relation "log" already exists, skipping

NOTICE:  column "link_dirty" of relation "log" already exists, skipping

NOTICE:  column "fresh_version" of relation "log" already exists, skipping

NOTICE:  column "fresh_sha" of relation "log" already exists, skipping

NOTICE:  column "fresh_dirty" of relation "log" already exists, skipping

NOTICE:  column "fresh_sha_source" of relation "log" already exists, skipping

NOTICE:  column "crate_version" of relation "log" already exists, skipping

NOTICE:  column "fwapg_sha" of relation "log" already exists, skipping

NOTICE:  column "bcfishobs_sha" of relation "log" already exists, skipping

NOTICE:  column "arg_dams" of relation "log" already exists, skipping

NOTICE:  column "arg_mapping_code" of relation "log" already exists, skipping

NOTICE:  column "arg_cleanup_working" of relation "log" already exists, skipping

NOTICE:  column "schema_persist" of relation "log" already exists, skipping

NOTICE:  column "species" of relation "log" already exists, skipping

NOTICE:  column "wsg_upstream" of relation "log" already exists, skipping

NOTICE:  column "bcfp_model_run_id" of relation "log" already exists, skipping

NOTICE:  column "bcfp_model_version" of relation "log" already exists, skipping

NOTICE:  column "bcfp_pin_source" of relation "log" already exists, skipping

NOTICE:  column "notes" of relation "log" already exists, skipping

NOTICE:  relation "log_recompute" already exists, skipping

NOTICE:  column "recompute_id" of relation "log_recompute" already exists, skipping

NOTICE:  column "watershed_group_code" of relation "log_recompute" already exists, skipping

NOTICE:  column "date_start" of relation "log_recompute" already exists, skipping

NOTICE:  column "date_end" of relation "log_recompute" already exists, skipping

NOTICE:  column "run_uid" of relation "log_recompute" already exists, skipping

NOTICE:  column "run_label" of relation "log_recompute" already exists, skipping

NOTICE:  column "host" of relation "log_recompute" already exists, skipping

NOTICE:  column "config_name" of relation "log_recompute" already exists, skipping

NOTICE:  column "config_hash" of relation "log_recompute" already exists, skipping

NOTICE:  column "link_version" of relation "log_recompute" already exists, skipping

NOTICE:  column "link_sha" of relation "log_recompute" already exists, skipping

NOTICE:  column "link_dirty" of relation "log_recompute" already exists, skipping

NOTICE:  column "fresh_version" of relation "log_recompute" already exists, skipping

NOTICE:  column "fresh_sha" of relation "log_recompute" already exists, skipping

NOTICE:  column "fresh_dirty" of relation "log_recompute" already exists, skipping

NOTICE:  column "fresh_sha_source" of relation "log_recompute" already exists, skipping

NOTICE:  column "crate_version" of relation "log_recompute" already exists, skipping

NOTICE:  column "fwapg_sha" of relation "log_recompute" already exists, skipping

NOTICE:  column "bcfishobs_sha" of relation "log_recompute" already exists, skipping

NOTICE:  column "schema_persist" of relation "log_recompute" already exists, skipping

NOTICE:  column "species" of relation "log_recompute" already exists, skipping

NOTICE:  column "views_prebuilt" of relation "log_recompute" already exists, skipping

NOTICE:  column "notes" of relation "log_recompute" already exists, skipping

NOTICE:  relation "log_input" already exists, skipping

NOTICE:  column "run_id" of relation "log_input" already exists, skipping

NOTICE:  column "watershed_group_code" of relation "log_input" already exists, skipping

NOTICE:  column "table_name" of relation "log_input" already exists, skipping

NOTICE:  column "row_count" of relation "log_input" already exists, skipping

NOTICE:  column "row_count_estimated" of relation "log_input" already exists, skipping

NOTICE:  column "size_bytes" of relation "log_input" already exists, skipping

NOTICE:  column "last_analyze" of relation "log_input" already exists, skipping

NOTICE:  column "source" of relation "log_input" already exists, skipping

NOTICE:  column "source_at" of relation "log_input" already exists, skipping

NOTICE:  relation "log_parameters_fresh" already exists, skipping

NOTICE:  column "config_hash" of relation "log_parameters_fresh" already exists, skipping

NOTICE:  column "species_code" of relation "log_parameters_fresh" already exists, skipping

NOTICE:  column "access_gradient_max" of relation "log_parameters_fresh" already exists, skipping

NOTICE:  column "spawn_gradient_min" of relation "log_parameters_fresh" already exists, skipping

NOTICE:  column "rear_gradient_min" of relation "log_parameters_fresh" already exists, skipping

NOTICE:  column "cluster_rearing" of relation "log_parameters_fresh" already exists, skipping

NOTICE:  column "cluster_direction" of relation "log_parameters_fresh" already exists, skipping

NOTICE:  column "cluster_bridge_gradient" of relation "log_parameters_fresh" already exists, skipping

NOTICE:  column "cluster_bridge_distance" of relation "log_parameters_fresh" already exists, skipping

NOTICE:  column "cluster_confluence_m" of relation "log_parameters_fresh" already exists, skipping

NOTICE:  column "cluster_spawning" of relation "log_parameters_fresh" already exists, skipping

NOTICE:  column "cluster_spawn_direction" of relation "log_parameters_fresh" already exists, skipping

NOTICE:  column "cluster_spawn_bridge_gradient" of relation "log_parameters_fresh" already exists, skipping

NOTICE:  column "cluster_spawn_bridge_distance" of relation "log_parameters_fresh" already exists, skipping

NOTICE:  column "cluster_spawn_confluence_m" of relation "log_parameters_fresh" already exists, skipping

NOTICE:  column "observation_threshold" of relation "log_parameters_fresh" already exists, skipping

NOTICE:  column "observation_date_min" of relation "log_parameters_fresh" already exists, skipping

NOTICE:  column "observation_buffer_m" of relation "log_parameters_fresh" already exists, skipping

NOTICE:  column "observation_species" of relation "log_parameters_fresh" already exists, skipping

NOTICE:  column "observation_control_apply" of relation "log_parameters_fresh" already exists, skipping

NOTICE:  relation "log_parameters_habitat_thresholds" already exists, skipping

NOTICE:  column "config_hash" of relation "log_parameters_habitat_thresholds" already exists, skipping

NOTICE:  column "species_code" of relation "log_parameters_habitat_thresholds" already exists, skipping

NOTICE:  column "spawn_gradient_max" of relation "log_parameters_habitat_thresholds" already exists, skipping

NOTICE:  column "spawn_channel_width_min" of relation "log_parameters_habitat_thresholds" already exists, skipping

NOTICE:  column "spawn_channel_width_max" of relation "log_parameters_habitat_thresholds" already exists, skipping

NOTICE:  column "spawn_mad_min" of relation "log_parameters_habitat_thresholds" already exists, skipping

NOTICE:  column "spawn_mad_max" of relation "log_parameters_habitat_thresholds" already exists, skipping

NOTICE:  column "rear_gradient_max" of relation "log_parameters_habitat_thresholds" already exists, skipping

NOTICE:  column "rear_channel_width_min" of relation "log_parameters_habitat_thresholds" already exists, skipping

NOTICE:  column "rear_channel_width_max" of relation "log_parameters_habitat_thresholds" already exists, skipping

NOTICE:  column "rear_mad_min" of relation "log_parameters_habitat_thresholds" already exists, skipping

NOTICE:  column "rear_mad_max" of relation "log_parameters_habitat_thresholds" already exists, skipping

NOTICE:  column "rear_lake_ha_min" of relation "log_parameters_habitat_thresholds" already exists, skipping

NOTICE:  column "spawn_edge_types" of relation "log_parameters_habitat_thresholds" already exists, skipping

NOTICE:  column "rear_edge_types" of relation "log_parameters_habitat_thresholds" already exists, skipping

NOTICE:  relation "log_dimensions" already exists, skipping

NOTICE:  column "config_hash" of relation "log_dimensions" already exists, skipping

NOTICE:  column "species" of relation "log_dimensions" already exists, skipping

NOTICE:  column "spawn_lake" of relation "log_dimensions" already exists, skipping

NOTICE:  column "spawn_stream" of relation "log_dimensions" already exists, skipping

NOTICE:  column "spawn_stream_in_waterbody" of relation "log_dimensions" already exists, skipping

NOTICE:  column "rear_lake" of relation "log_dimensions" already exists, skipping

NOTICE:  column "rear_lake_only" of relation "log_dimensions" already exists, skipping

NOTICE:  column "rear_lake_area_only" of relation "log_dimensions" already exists, skipping

NOTICE:  column "rear_no_fw" of relation "log_dimensions" already exists, skipping

NOTICE:  column "rear_stream" of relation "log_dimensions" already exists, skipping

NOTICE:  column "rear_stream_in_waterbody" of relation "log_dimensions" already exists, skipping

NOTICE:  column "rear_wetland" of relation "log_dimensions" already exists, skipping

NOTICE:  column "rear_wetland_polygon" of relation "log_dimensions" already exists, skipping

NOTICE:  column "rear_wetland_area_only" of relation "log_dimensions" already exists, skipping

NOTICE:  column "rear_all_edges" of relation "log_dimensions" already exists, skipping

NOTICE:  column "river_skip_cw_min" of relation "log_dimensions" already exists, skipping

NOTICE:  column "rear_stream_order_bypass" of relation "log_dimensions" already exists, skipping

NOTICE:  column "rear_stream_order_parent_min" of relation "log_dimensions" already exists, skipping

NOTICE:  column "rear_stream_order_child_min" of relation "log_dimensions" already exists, skipping

NOTICE:  column "rear_stream_order_child_max" of relation "log_dimensions" already exists, skipping

NOTICE:  column "rear_stream_order_distance_max" of relation "log_dimensions" already exists, skipping

NOTICE:  column "spawn_requires_connected" of relation "log_dimensions" already exists, skipping

NOTICE:  column "spawn_connected_distance_max" of relation "log_dimensions" already exists, skipping

NOTICE:  column "spawn_connected_direction" of relation "log_dimensions" already exists, skipping

NOTICE:  column "spawn_connected_gradient_max" of relation "log_dimensions" already exists, skipping

NOTICE:  column "spawn_connected_cw_min" of relation "log_dimensions" already exists, skipping

NOTICE:  column "spawn_connected_edge_types" of relation "log_dimensions" already exists, skipping

NOTICE:  column "spawn_connected_lake_adjacent" of relation "log_dimensions" already exists, skipping

NOTICE:  column "rear_requires_connected" of relation "log_dimensions" already exists, skipping

NOTICE:  column "rear_connected_distance_max" of relation "log_dimensions" already exists, skipping

NOTICE:  column "rear_lake_ha_min" of relation "log_dimensions" already exists, skipping

NOTICE:  column "rear_wetland_ha_min" of relation "log_dimensions" already exists, skipping

NOTICE:  column "notes" of relation "log_dimensions" already exists, skipping

NOTICE:  relation "log_wsg_date_idx" already exists, skipping

NOTICE:  relation "log_config_idx" already exists, skipping

NOTICE:  relation "log_input_rn_idx" already exists, skipping

NOTICE:  relation "log_run_uid_idx" already exists, skipping

NOTICE:  relation "log_rc_run_uid_idx" already exists, skipping

NOTICE:  relation "log_rc_wsg_date_idx" already exists, skipping

NOTICE:  table "barriers" does not exist, skipping

15:09:29 base PARA done in 1.2 min
NOTICE:  schema "score300_default_tuned" already exists, skipping

NOTICE:  relation "log" already exists, skipping

NOTICE:  column "run_id" of relation "log" already exists, skipping

NOTICE:  column "watershed_group_code" of relation "log" already exists, skipping

NOTICE:  column "date_start" of relation "log" already exists, skipping

NOTICE:  column "date_end" of relation "log" already exists, skipping

NOTICE:  column "run_uid" of relation "log" already exists, skipping

NOTICE:  column "run_label" of relation "log" already exists, skipping

NOTICE:  column "host" of relation "log" already exists, skipping

NOTICE:  column "config_name" of relation "log" already exists, skipping

NOTICE:  column "config_hash" of relation "log" already exists, skipping

NOTICE:  column "config_drift" of relation "log" already exists, skipping

NOTICE:  column "link_version" of relation "log" already exists, skipping

NOTICE:  column "link_sha" of relation "log" already exists, skipping

NOTICE:  column "link_dirty" of relation "log" already exists, skipping

NOTICE:  column "fresh_version" of relation "log" already exists, skipping

NOTICE:  column "fresh_sha" of relation "log" already exists, skipping

NOTICE:  column "fresh_dirty" of relation "log" already exists, skipping

NOTICE:  column "fresh_sha_source" of relation "log" already exists, skipping

NOTICE:  column "crate_version" of relation "log" already exists, skipping

NOTICE:  column "fwapg_sha" of relation "log" already exists, skipping

NOTICE:  column "bcfishobs_sha" of relation "log" already exists, skipping

NOTICE:  column "arg_dams" of relation "log" already exists, skipping

NOTICE:  column "arg_mapping_code" of relation "log" already exists, skipping

NOTICE:  column "arg_cleanup_working" of relation "log" already exists, skipping

NOTICE:  column "schema_persist" of relation "log" already exists, skipping

NOTICE:  column "species" of relation "log" already exists, skipping

NOTICE:  column "wsg_upstream" of relation "log" already exists, skipping

NOTICE:  column "bcfp_model_run_id" of relation "log" already exists, skipping

NOTICE:  column "bcfp_model_version" of relation "log" already exists, skipping

NOTICE:  column "bcfp_pin_source" of relation "log" already exists, skipping

NOTICE:  column "notes" of relation "log" already exists, skipping

NOTICE:  relation "log_recompute" already exists, skipping

NOTICE:  column "recompute_id" of relation "log_recompute" already exists, skipping

NOTICE:  column "watershed_group_code" of relation "log_recompute" already exists, skipping

NOTICE:  column "date_start" of relation "log_recompute" already exists, skipping

NOTICE:  column "date_end" of relation "log_recompute" already exists, skipping

NOTICE:  column "run_uid" of relation "log_recompute" already exists, skipping

NOTICE:  column "run_label" of relation "log_recompute" already exists, skipping

NOTICE:  column "host" of relation "log_recompute" already exists, skipping

NOTICE:  column "config_name" of relation "log_recompute" already exists, skipping

NOTICE:  column "config_hash" of relation "log_recompute" already exists, skipping

NOTICE:  column "link_version" of relation "log_recompute" already exists, skipping

NOTICE:  column "link_sha" of relation "log_recompute" already exists, skipping

NOTICE:  column "link_dirty" of relation "log_recompute" already exists, skipping

NOTICE:  column "fresh_version" of relation "log_recompute" already exists, skipping

NOTICE:  column "fresh_sha" of relation "log_recompute" already exists, skipping

NOTICE:  column "fresh_dirty" of relation "log_recompute" already exists, skipping

NOTICE:  column "fresh_sha_source" of relation "log_recompute" already exists, skipping

NOTICE:  column "crate_version" of relation "log_recompute" already exists, skipping

NOTICE:  column "fwapg_sha" of relation "log_recompute" already exists, skipping

NOTICE:  column "bcfishobs_sha" of relation "log_recompute" already exists, skipping

NOTICE:  column "schema_persist" of relation "log_recompute" already exists, skipping

NOTICE:  column "species" of relation "log_recompute" already exists, skipping

NOTICE:  column "views_prebuilt" of relation "log_recompute" already exists, skipping

NOTICE:  column "notes" of relation "log_recompute" already exists, skipping

NOTICE:  relation "log_input" already exists, skipping

NOTICE:  column "run_id" of relation "log_input" already exists, skipping

NOTICE:  column "watershed_group_code" of relation "log_input" already exists, skipping

NOTICE:  column "table_name" of relation "log_input" already exists, skipping

NOTICE:  column "row_count" of relation "log_input" already exists, skipping

NOTICE:  column "row_count_estimated" of relation "log_input" already exists, skipping

NOTICE:  column "size_bytes" of relation "log_input" already exists, skipping

NOTICE:  column "last_analyze" of relation "log_input" already exists, skipping

NOTICE:  column "source" of relation "log_input" already exists, skipping

NOTICE:  column "source_at" of relation "log_input" already exists, skipping

NOTICE:  relation "log_parameters_fresh" already exists, skipping

NOTICE:  column "config_hash" of relation "log_parameters_fresh" already exists, skipping

NOTICE:  column "species_code" of relation "log_parameters_fresh" already exists, skipping

NOTICE:  column "access_gradient_max" of relation "log_parameters_fresh" already exists, skipping

NOTICE:  column "spawn_gradient_min" of relation "log_parameters_fresh" already exists, skipping

NOTICE:  column "rear_gradient_min" of relation "log_parameters_fresh" already exists, skipping

NOTICE:  column "cluster_rearing" of relation "log_parameters_fresh" already exists, skipping

NOTICE:  column "cluster_direction" of relation "log_parameters_fresh" already exists, skipping

NOTICE:  column "cluster_bridge_gradient" of relation "log_parameters_fresh" already exists, skipping

NOTICE:  column "cluster_bridge_distance" of relation "log_parameters_fresh" already exists, skipping

NOTICE:  column "cluster_confluence_m" of relation "log_parameters_fresh" already exists, skipping

NOTICE:  column "cluster_spawning" of relation "log_parameters_fresh" already exists, skipping

NOTICE:  column "cluster_spawn_direction" of relation "log_parameters_fresh" already exists, skipping

NOTICE:  column "cluster_spawn_bridge_gradient" of relation "log_parameters_fresh" already exists, skipping

NOTICE:  column "cluster_spawn_bridge_distance" of relation "log_parameters_fresh" already exists, skipping

NOTICE:  column "cluster_spawn_confluence_m" of relation "log_parameters_fresh" already exists, skipping

NOTICE:  column "observation_threshold" of relation "log_parameters_fresh" already exists, skipping

NOTICE:  column "observation_date_min" of relation "log_parameters_fresh" already exists, skipping

NOTICE:  column "observation_buffer_m" of relation "log_parameters_fresh" already exists, skipping

NOTICE:  column "observation_species" of relation "log_parameters_fresh" already exists, skipping

NOTICE:  column "observation_control_apply" of relation "log_parameters_fresh" already exists, skipping

NOTICE:  relation "log_parameters_habitat_thresholds" already exists, skipping

NOTICE:  column "config_hash" of relation "log_parameters_habitat_thresholds" already exists, skipping

NOTICE:  column "species_code" of relation "log_parameters_habitat_thresholds" already exists, skipping

NOTICE:  column "spawn_gradient_max" of relation "log_parameters_habitat_thresholds" already exists, skipping

NOTICE:  column "spawn_channel_width_min" of relation "log_parameters_habitat_thresholds" already exists, skipping

NOTICE:  column "spawn_channel_width_max" of relation "log_parameters_habitat_thresholds" already exists, skipping

NOTICE:  column "spawn_mad_min" of relation "log_parameters_habitat_thresholds" already exists, skipping

NOTICE:  column "spawn_mad_max" of relation "log_parameters_habitat_thresholds" already exists, skipping

NOTICE:  column "rear_gradient_max" of relation "log_parameters_habitat_thresholds" already exists, skipping

NOTICE:  column "rear_channel_width_min" of relation "log_parameters_habitat_thresholds" already exists, skipping

NOTICE:  column "rear_channel_width_max" of relation "log_parameters_habitat_thresholds" already exists, skipping

NOTICE:  column "rear_mad_min" of relation "log_parameters_habitat_thresholds" already exists, skipping

NOTICE:  column "rear_mad_max" of relation "log_parameters_habitat_thresholds" already exists, skipping

NOTICE:  column "rear_lake_ha_min" of relation "log_parameters_habitat_thresholds" already exists, skipping

NOTICE:  column "spawn_edge_types" of relation "log_parameters_habitat_thresholds" already exists, skipping

NOTICE:  column "rear_edge_types" of relation "log_parameters_habitat_thresholds" already exists, skipping

NOTICE:  relation "log_dimensions" already exists, skipping

NOTICE:  column "config_hash" of relation "log_dimensions" already exists, skipping

NOTICE:  column "species" of relation "log_dimensions" already exists, skipping

NOTICE:  column "spawn_lake" of relation "log_dimensions" already exists, skipping

NOTICE:  column "spawn_stream" of relation "log_dimensions" already exists, skipping

NOTICE:  column "spawn_stream_in_waterbody" of relation "log_dimensions" already exists, skipping

NOTICE:  column "rear_lake" of relation "log_dimensions" already exists, skipping

NOTICE:  column "rear_lake_only" of relation "log_dimensions" already exists, skipping

NOTICE:  column "rear_lake_area_only" of relation "log_dimensions" already exists, skipping

NOTICE:  column "rear_no_fw" of relation "log_dimensions" already exists, skipping

NOTICE:  column "rear_stream" of relation "log_dimensions" already exists, skipping

NOTICE:  column "rear_stream_in_waterbody" of relation "log_dimensions" already exists, skipping

NOTICE:  column "rear_wetland" of relation "log_dimensions" already exists, skipping

NOTICE:  column "rear_wetland_polygon" of relation "log_dimensions" already exists, skipping

NOTICE:  column "rear_wetland_area_only" of relation "log_dimensions" already exists, skipping

NOTICE:  column "rear_all_edges" of relation "log_dimensions" already exists, skipping

NOTICE:  column "river_skip_cw_min" of relation "log_dimensions" already exists, skipping

NOTICE:  column "rear_stream_order_bypass" of relation "log_dimensions" already exists, skipping

NOTICE:  column "rear_stream_order_parent_min" of relation "log_dimensions" already exists, skipping

NOTICE:  column "rear_stream_order_child_min" of relation "log_dimensions" already exists, skipping

NOTICE:  column "rear_stream_order_child_max" of relation "log_dimensions" already exists, skipping

NOTICE:  column "rear_stream_order_distance_max" of relation "log_dimensions" already exists, skipping

NOTICE:  column "spawn_requires_connected" of relation "log_dimensions" already exists, skipping

NOTICE:  column "spawn_connected_distance_max" of relation "log_dimensions" already exists, skipping

NOTICE:  column "spawn_connected_direction" of relation "log_dimensions" already exists, skipping

NOTICE:  column "spawn_connected_gradient_max" of relation "log_dimensions" already exists, skipping

NOTICE:  column "spawn_connected_cw_min" of relation "log_dimensions" already exists, skipping

NOTICE:  column "spawn_connected_edge_types" of relation "log_dimensions" already exists, skipping

NOTICE:  column "spawn_connected_lake_adjacent" of relation "log_dimensions" already exists, skipping

NOTICE:  column "rear_requires_connected" of relation "log_dimensions" already exists, skipping

NOTICE:  column "rear_connected_distance_max" of relation "log_dimensions" already exists, skipping

NOTICE:  column "rear_lake_ha_min" of relation "log_dimensions" already exists, skipping

NOTICE:  column "rear_wetland_ha_min" of relation "log_dimensions" already exists, skipping

NOTICE:  column "notes" of relation "log_dimensions" already exists, skipping

NOTICE:  relation "log_wsg_date_idx" already exists, skipping

NOTICE:  relation "log_config_idx" already exists, skipping

NOTICE:  relation "log_input_rn_idx" already exists, skipping

NOTICE:  relation "log_run_uid_idx" already exists, skipping

NOTICE:  relation "log_rc_run_uid_idx" already exists, skipping

NOTICE:  relation "log_rc_wsg_date_idx" already exists, skipping

NOTICE:  schema "working_score300_pars" does not exist, skipping

NOTICE:  schema "working_score300_pars" does not exist, skipping

NOTICE:  schema "working_score300_pars" does not exist, skipping

NOTICE:  schema "working_score300_pars" does not exist, skipping

NOTICE:  schema "fresh" already exists, skipping

Override validation: working_score300_pars.pscis_fixes vs working_score300_pars.crossings
  Total overrides:  3
  Valid (matched):  3
  Orphans:          0
  Duplicates:       0
Updated 3 of 3961 rows (barrier_status)
NOTICE:  table "barriers_definite" does not exist, skipping

NOTICE:  table "barriers_definite_control" does not exist, skipping

NOTICE:  table "observations" does not exist, skipping

NOTICE:  table "streams_blk" does not exist, skipping

NOTICE:  table "gradient_barriers_raw" does not exist, skipping

NOTICE:  table "natural_barriers" does not exist, skipping

NOTICE:  table "barrier_overrides" does not exist, skipping

NOTICE:  table "barriers_bt" does not exist, skipping

NOTICE:  table "barriers_ch" does not exist, skipping

NOTICE:  table "barriers_cm" does not exist, skipping

NOTICE:  table "barriers_co" does not exist, skipping

NOTICE:  table "barriers_pk" does not exist, skipping

NOTICE:  table "barriers_sk" does not exist, skipping

NOTICE:  table "barriers_st" does not exist, skipping

NOTICE:  table "barriers_wct" does not exist, skipping

NOTICE:  table "barriers_ko" does not exist, skipping

NOTICE:  table "barriers_rb" does not exist, skipping

NOTICE:  table "barriers_gr" does not exist, skipping

NOTICE:  table "gradient_barriers_minimal" does not exist, skipping

NOTICE:  table "streams" does not exist, skipping

NOTICE:  table "streams_habitat" does not exist, skipping

NOTICE:  table "cabd_exclusions" does not exist, skipping

NOTICE:  table "cabd_blkey_xref" does not exist, skipping

NOTICE:  table "cabd_passability_status_updates" does not exist, skipping

NOTICE:  table "cabd_additions" does not exist, skipping

NOTICE:  table "cabd_dams_raw" does not exist, skipping

NOTICE:  table "dams" does not exist, skipping

NOTICE:  table "pscis_modelledcrossings_streams_xref" does not exist, skipping

NOTICE:  table "pscis_stream_candidates" does not exist, skipping

NOTICE:  table "pscis_streams_150m" does not exist, skipping

NOTICE:  table "pscis_picked" does not exist, skipping

NOTICE:  table "pscis" does not exist, skipping

NOTICE:  table "crossings_lookup" does not exist, skipping

NOTICE:  table "barriers_anthropogenic" does not exist, skipping

NOTICE:  table "barriers_pscis" does not exist, skipping

NOTICE:  table "barriers_dams" does not exist, skipping

NOTICE:  table "barriers_remediations" does not exist, skipping

NOTICE:  table "observations_breaks" does not exist, skipping

NOTICE:  table "habitat_endpoints" does not exist, skipping

NOTICE:  table "crossings_breaks" does not exist, skipping

NOTICE:  table "streams_breaks" does not exist, skipping

NOTICE:  relation "streams_id_segment_idx" already exists, skipping

NOTICE:  table "streams_acc_015" does not exist, skipping

NOTICE:  table "streams_acc_025" does not exist, skipping

NOTICE:  table "streams_acc_025_ovr_bt" does not exist, skipping

NOTICE:  table "frs_clusters_bt" does not exist, skipping

NOTICE:  table "frs_clusters_ko" does not exist, skipping

NOTICE:  table "frs_qual_spawn_ko" does not exist, skipping

NOTICE:  table "frs_trace_lfid_ko" does not exist, skipping

NOTICE:  table "frs_clusters_gr" does not exist, skipping

NOTICE:  schema "score300_default_tuned" already exists, skipping

NOTICE:  relation "streams" already exists, skipping

NOTICE:  relation "streams_wsg_idx" already exists, skipping

NOTICE:  relation "streams_blk_idx" already exists, skipping

NOTICE:  relation "streams_geom_idx" already exists, skipping

NOTICE:  relation "streams_wbk_idx" already exists, skipping

NOTICE:  relation "streams_wscode_gist_idx" already exists, skipping

NOTICE:  relation "streams_wscode_btree_idx" already exists, skipping

NOTICE:  relation "streams_localcode_gist_idx" already exists, skipping

NOTICE:  relation "streams_localcode_btree_idx" already exists, skipping

NOTICE:  relation "streams_habitat_bt" already exists, skipping

NOTICE:  relation "streams_habitat_bt_wsg_idx" already exists, skipping

NOTICE:  relation "streams_habitat_ch" already exists, skipping

NOTICE:  relation "streams_habitat_ch_wsg_idx" already exists, skipping

NOTICE:  relation "streams_habitat_cm" already exists, skipping

NOTICE:  relation "streams_habitat_cm_wsg_idx" already exists, skipping

NOTICE:  relation "streams_habitat_co" already exists, skipping

NOTICE:  relation "streams_habitat_co_wsg_idx" already exists, skipping

NOTICE:  relation "streams_habitat_pk" already exists, skipping

NOTICE:  relation "streams_habitat_pk_wsg_idx" already exists, skipping

NOTICE:  relation "streams_habitat_sk" already exists, skipping

NOTICE:  relation "streams_habitat_sk_wsg_idx" already exists, skipping

NOTICE:  relation "streams_habitat_st" already exists, skipping

NOTICE:  relation "streams_habitat_st_wsg_idx" already exists, skipping

NOTICE:  relation "streams_habitat_wct" already exists, skipping

NOTICE:  relation "streams_habitat_wct_wsg_idx" already exists, skipping

NOTICE:  relation "streams_habitat_ko" already exists, skipping

NOTICE:  relation "streams_habitat_ko_wsg_idx" already exists, skipping

NOTICE:  relation "streams_habitat_rb" already exists, skipping

NOTICE:  relation "streams_habitat_rb_wsg_idx" already exists, skipping

NOTICE:  relation "streams_habitat_gr" already exists, skipping

NOTICE:  relation "streams_habitat_gr_wsg_idx" already exists, skipping

NOTICE:  relation "barriers" already exists, skipping

NOTICE:  relation "barriers_wsg_idx" already exists, skipping

NOTICE:  relation "barriers_blocks_idx" already exists, skipping

NOTICE:  relation "barriers_source_idx" already exists, skipping

NOTICE:  relation "barriers_blk_drm_idx" already exists, skipping

NOTICE:  relation "barriers_geom_idx" already exists, skipping

NOTICE:  relation "barriers_wscode_gist_idx" already exists, skipping

NOTICE:  relation "barriers_wscode_btree_idx" already exists, skipping

NOTICE:  relation "barriers_localcode_gist_idx" already exists, skipping

NOTICE:  relation "barriers_localcode_btree_idx" already exists, skipping

NOTICE:  relation "barrier_overrides" already exists, skipping

NOTICE:  relation "barrier_overrides_wsg_idx" already exists, skipping

NOTICE:  relation "barrier_overrides_blk_drm_idx" already exists, skipping

NOTICE:  relation "streams_access" already exists, skipping

NOTICE:  relation "streams_access_wsg_idx" already exists, skipping

NOTICE:  relation "streams_mapping_code" already exists, skipping

NOTICE:  relation "streams_mapping_code_wsg_idx" already exists, skipping

NOTICE:  schema "score300_default_tuned" already exists, skipping

NOTICE:  relation "log" already exists, skipping

NOTICE:  column "run_id" of relation "log" already exists, skipping

NOTICE:  column "watershed_group_code" of relation "log" already exists, skipping

NOTICE:  column "date_start" of relation "log" already exists, skipping

NOTICE:  column "date_end" of relation "log" already exists, skipping

NOTICE:  column "run_uid" of relation "log" already exists, skipping

NOTICE:  column "run_label" of relation "log" already exists, skipping

NOTICE:  column "host" of relation "log" already exists, skipping

NOTICE:  column "config_name" of relation "log" already exists, skipping

NOTICE:  column "config_hash" of relation "log" already exists, skipping

NOTICE:  column "config_drift" of relation "log" already exists, skipping

NOTICE:  column "link_version" of relation "log" already exists, skipping

NOTICE:  column "link_sha" of relation "log" already exists, skipping

NOTICE:  column "link_dirty" of relation "log" already exists, skipping

NOTICE:  column "fresh_version" of relation "log" already exists, skipping

NOTICE:  column "fresh_sha" of relation "log" already exists, skipping

NOTICE:  column "fresh_dirty" of relation "log" already exists, skipping

NOTICE:  column "fresh_sha_source" of relation "log" already exists, skipping

NOTICE:  column "crate_version" of relation "log" already exists, skipping

NOTICE:  column "fwapg_sha" of relation "log" already exists, skipping

NOTICE:  column "bcfishobs_sha" of relation "log" already exists, skipping

NOTICE:  column "arg_dams" of relation "log" already exists, skipping

NOTICE:  column "arg_mapping_code" of relation "log" already exists, skipping

NOTICE:  column "arg_cleanup_working" of relation "log" already exists, skipping

NOTICE:  column "schema_persist" of relation "log" already exists, skipping

NOTICE:  column "species" of relation "log" already exists, skipping

NOTICE:  column "wsg_upstream" of relation "log" already exists, skipping

NOTICE:  column "bcfp_model_run_id" of relation "log" already exists, skipping

NOTICE:  column "bcfp_model_version" of relation "log" already exists, skipping

NOTICE:  column "bcfp_pin_source" of relation "log" already exists, skipping

NOTICE:  column "notes" of relation "log" already exists, skipping

NOTICE:  relation "log_recompute" already exists, skipping

NOTICE:  column "recompute_id" of relation "log_recompute" already exists, skipping

NOTICE:  column "watershed_group_code" of relation "log_recompute" already exists, skipping

NOTICE:  column "date_start" of relation "log_recompute" already exists, skipping

NOTICE:  column "date_end" of relation "log_recompute" already exists, skipping

NOTICE:  column "run_uid" of relation "log_recompute" already exists, skipping

NOTICE:  column "run_label" of relation "log_recompute" already exists, skipping

NOTICE:  column "host" of relation "log_recompute" already exists, skipping

NOTICE:  column "config_name" of relation "log_recompute" already exists, skipping

NOTICE:  column "config_hash" of relation "log_recompute" already exists, skipping

NOTICE:  column "link_version" of relation "log_recompute" already exists, skipping

NOTICE:  column "link_sha" of relation "log_recompute" already exists, skipping

NOTICE:  column "link_dirty" of relation "log_recompute" already exists, skipping

NOTICE:  column "fresh_version" of relation "log_recompute" already exists, skipping

NOTICE:  column "fresh_sha" of relation "log_recompute" already exists, skipping

NOTICE:  column "fresh_dirty" of relation "log_recompute" already exists, skipping

NOTICE:  column "fresh_sha_source" of relation "log_recompute" already exists, skipping

NOTICE:  column "crate_version" of relation "log_recompute" already exists, skipping

NOTICE:  column "fwapg_sha" of relation "log_recompute" already exists, skipping

NOTICE:  column "bcfishobs_sha" of relation "log_recompute" already exists, skipping

NOTICE:  column "schema_persist" of relation "log_recompute" already exists, skipping

NOTICE:  column "species" of relation "log_recompute" already exists, skipping

NOTICE:  column "views_prebuilt" of relation "log_recompute" already exists, skipping

NOTICE:  column "notes" of relation "log_recompute" already exists, skipping

NOTICE:  relation "log_input" already exists, skipping

NOTICE:  column "run_id" of relation "log_input" already exists, skipping

NOTICE:  column "watershed_group_code" of relation "log_input" already exists, skipping

NOTICE:  column "table_name" of relation "log_input" already exists, skipping

NOTICE:  column "row_count" of relation "log_input" already exists, skipping

NOTICE:  column "row_count_estimated" of relation "log_input" already exists, skipping

NOTICE:  column "size_bytes" of relation "log_input" already exists, skipping

NOTICE:  column "last_analyze" of relation "log_input" already exists, skipping

NOTICE:  column "source" of relation "log_input" already exists, skipping

NOTICE:  column "source_at" of relation "log_input" already exists, skipping

NOTICE:  relation "log_parameters_fresh" already exists, skipping

NOTICE:  column "config_hash" of relation "log_parameters_fresh" already exists, skipping

NOTICE:  column "species_code" of relation "log_parameters_fresh" already exists, skipping

NOTICE:  column "access_gradient_max" of relation "log_parameters_fresh" already exists, skipping

NOTICE:  column "spawn_gradient_min" of relation "log_parameters_fresh" already exists, skipping

NOTICE:  column "rear_gradient_min" of relation "log_parameters_fresh" already exists, skipping

NOTICE:  column "cluster_rearing" of relation "log_parameters_fresh" already exists, skipping

NOTICE:  column "cluster_direction" of relation "log_parameters_fresh" already exists, skipping

NOTICE:  column "cluster_bridge_gradient" of relation "log_parameters_fresh" already exists, skipping

NOTICE:  column "cluster_bridge_distance" of relation "log_parameters_fresh" already exists, skipping

NOTICE:  column "cluster_confluence_m" of relation "log_parameters_fresh" already exists, skipping

NOTICE:  column "cluster_spawning" of relation "log_parameters_fresh" already exists, skipping

NOTICE:  column "cluster_spawn_direction" of relation "log_parameters_fresh" already exists, skipping

NOTICE:  column "cluster_spawn_bridge_gradient" of relation "log_parameters_fresh" already exists, skipping

NOTICE:  column "cluster_spawn_bridge_distance" of relation "log_parameters_fresh" already exists, skipping

NOTICE:  column "cluster_spawn_confluence_m" of relation "log_parameters_fresh" already exists, skipping

NOTICE:  column "observation_threshold" of relation "log_parameters_fresh" already exists, skipping

NOTICE:  column "observation_date_min" of relation "log_parameters_fresh" already exists, skipping

NOTICE:  column "observation_buffer_m" of relation "log_parameters_fresh" already exists, skipping

NOTICE:  column "observation_species" of relation "log_parameters_fresh" already exists, skipping

NOTICE:  column "observation_control_apply" of relation "log_parameters_fresh" already exists, skipping

NOTICE:  relation "log_parameters_habitat_thresholds" already exists, skipping

NOTICE:  column "config_hash" of relation "log_parameters_habitat_thresholds" already exists, skipping

NOTICE:  column "species_code" of relation "log_parameters_habitat_thresholds" already exists, skipping

NOTICE:  column "spawn_gradient_max" of relation "log_parameters_habitat_thresholds" already exists, skipping

NOTICE:  column "spawn_channel_width_min" of relation "log_parameters_habitat_thresholds" already exists, skipping

NOTICE:  column "spawn_channel_width_max" of relation "log_parameters_habitat_thresholds" already exists, skipping

NOTICE:  column "spawn_mad_min" of relation "log_parameters_habitat_thresholds" already exists, skipping

NOTICE:  column "spawn_mad_max" of relation "log_parameters_habitat_thresholds" already exists, skipping

NOTICE:  column "rear_gradient_max" of relation "log_parameters_habitat_thresholds" already exists, skipping

NOTICE:  column "rear_channel_width_min" of relation "log_parameters_habitat_thresholds" already exists, skipping

NOTICE:  column "rear_channel_width_max" of relation "log_parameters_habitat_thresholds" already exists, skipping

NOTICE:  column "rear_mad_min" of relation "log_parameters_habitat_thresholds" already exists, skipping

NOTICE:  column "rear_mad_max" of relation "log_parameters_habitat_thresholds" already exists, skipping

NOTICE:  column "rear_lake_ha_min" of relation "log_parameters_habitat_thresholds" already exists, skipping

NOTICE:  column "spawn_edge_types" of relation "log_parameters_habitat_thresholds" already exists, skipping

NOTICE:  column "rear_edge_types" of relation "log_parameters_habitat_thresholds" already exists, skipping

NOTICE:  relation "log_dimensions" already exists, skipping

NOTICE:  column "config_hash" of relation "log_dimensions" already exists, skipping

NOTICE:  column "species" of relation "log_dimensions" already exists, skipping

NOTICE:  column "spawn_lake" of relation "log_dimensions" already exists, skipping

NOTICE:  column "spawn_stream" of relation "log_dimensions" already exists, skipping

NOTICE:  column "spawn_stream_in_waterbody" of relation "log_dimensions" already exists, skipping

NOTICE:  column "rear_lake" of relation "log_dimensions" already exists, skipping

NOTICE:  column "rear_lake_only" of relation "log_dimensions" already exists, skipping

NOTICE:  column "rear_lake_area_only" of relation "log_dimensions" already exists, skipping

NOTICE:  column "rear_no_fw" of relation "log_dimensions" already exists, skipping

NOTICE:  column "rear_stream" of relation "log_dimensions" already exists, skipping

NOTICE:  column "rear_stream_in_waterbody" of relation "log_dimensions" already exists, skipping

NOTICE:  column "rear_wetland" of relation "log_dimensions" already exists, skipping

NOTICE:  column "rear_wetland_polygon" of relation "log_dimensions" already exists, skipping

NOTICE:  column "rear_wetland_area_only" of relation "log_dimensions" already exists, skipping

NOTICE:  column "rear_all_edges" of relation "log_dimensions" already exists, skipping

NOTICE:  column "river_skip_cw_min" of relation "log_dimensions" already exists, skipping

NOTICE:  column "rear_stream_order_bypass" of relation "log_dimensions" already exists, skipping

NOTICE:  column "rear_stream_order_parent_min" of relation "log_dimensions" already exists, skipping

NOTICE:  column "rear_stream_order_child_min" of relation "log_dimensions" already exists, skipping

NOTICE:  column "rear_stream_order_child_max" of relation "log_dimensions" already exists, skipping

NOTICE:  column "rear_stream_order_distance_max" of relation "log_dimensions" already exists, skipping

NOTICE:  column "spawn_requires_connected" of relation "log_dimensions" already exists, skipping

NOTICE:  column "spawn_connected_distance_max" of relation "log_dimensions" already exists, skipping

NOTICE:  column "spawn_connected_direction" of relation "log_dimensions" already exists, skipping

NOTICE:  column "spawn_connected_gradient_max" of relation "log_dimensions" already exists, skipping

NOTICE:  column "spawn_connected_cw_min" of relation "log_dimensions" already exists, skipping

NOTICE:  column "spawn_connected_edge_types" of relation "log_dimensions" already exists, skipping

NOTICE:  column "spawn_connected_lake_adjacent" of relation "log_dimensions" already exists, skipping

NOTICE:  column "rear_requires_connected" of relation "log_dimensions" already exists, skipping

NOTICE:  column "rear_connected_distance_max" of relation "log_dimensions" already exists, skipping

NOTICE:  column "rear_lake_ha_min" of relation "log_dimensions" already exists, skipping

NOTICE:  column "rear_wetland_ha_min" of relation "log_dimensions" already exists, skipping

NOTICE:  column "notes" of relation "log_dimensions" already exists, skipping

NOTICE:  relation "log_wsg_date_idx" already exists, skipping

NOTICE:  relation "log_config_idx" already exists, skipping

NOTICE:  relation "log_input_rn_idx" already exists, skipping

NOTICE:  relation "log_run_uid_idx" already exists, skipping

NOTICE:  relation "log_rc_run_uid_idx" already exists, skipping

NOTICE:  relation "log_rc_wsg_date_idx" already exists, skipping

NOTICE:  table "barriers" does not exist, skipping

15:13:39 base PARS done in 4.2 min
NOTICE:  table "zz_lnk_streams_pars" does not exist, skipping

15:14:33 recompute PARS: streams_access unchanged
There were 48 warnings (use warnings() to see them)
15:14:33 variant default_tuned into score300_default_tuned (PARS)
NOTICE:  schema "score300_default_tuned" already exists, skipping

NOTICE:  relation "streams" already exists, skipping

NOTICE:  relation "streams_wsg_idx" already exists, skipping

NOTICE:  relation "streams_blk_idx" already exists, skipping

NOTICE:  relation "streams_geom_idx" already exists, skipping

NOTICE:  relation "streams_wbk_idx" already exists, skipping

NOTICE:  relation "streams_wscode_gist_idx" already exists, skipping

NOTICE:  relation "streams_wscode_btree_idx" already exists, skipping

NOTICE:  relation "streams_localcode_gist_idx" already exists, skipping

NOTICE:  relation "streams_localcode_btree_idx" already exists, skipping

NOTICE:  relation "streams_habitat_bt" already exists, skipping

NOTICE:  relation "streams_habitat_bt_wsg_idx" already exists, skipping

NOTICE:  relation "streams_habitat_ch" already exists, skipping

NOTICE:  relation "streams_habitat_ch_wsg_idx" already exists, skipping

NOTICE:  relation "streams_habitat_cm" already exists, skipping

NOTICE:  relation "streams_habitat_cm_wsg_idx" already exists, skipping

NOTICE:  relation "streams_habitat_co" already exists, skipping

NOTICE:  relation "streams_habitat_co_wsg_idx" already exists, skipping

NOTICE:  relation "streams_habitat_pk" already exists, skipping

NOTICE:  relation "streams_habitat_pk_wsg_idx" already exists, skipping

NOTICE:  relation "streams_habitat_sk" already exists, skipping

NOTICE:  relation "streams_habitat_sk_wsg_idx" already exists, skipping

NOTICE:  relation "streams_habitat_st" already exists, skipping

NOTICE:  relation "streams_habitat_st_wsg_idx" already exists, skipping

NOTICE:  relation "streams_habitat_wct" already exists, skipping

NOTICE:  relation "streams_habitat_wct_wsg_idx" already exists, skipping

NOTICE:  relation "streams_habitat_ko" already exists, skipping

NOTICE:  relation "streams_habitat_ko_wsg_idx" already exists, skipping

NOTICE:  relation "streams_habitat_rb" already exists, skipping

NOTICE:  relation "streams_habitat_rb_wsg_idx" already exists, skipping

NOTICE:  relation "streams_habitat_gr" already exists, skipping

NOTICE:  relation "streams_habitat_gr_wsg_idx" already exists, skipping

NOTICE:  relation "barriers" already exists, skipping

NOTICE:  relation "barriers_wsg_idx" already exists, skipping

NOTICE:  relation "barriers_blocks_idx" already exists, skipping

NOTICE:  relation "barriers_source_idx" already exists, skipping

NOTICE:  relation "barriers_blk_drm_idx" already exists, skipping

NOTICE:  relation "barriers_geom_idx" already exists, skipping

NOTICE:  relation "barriers_wscode_gist_idx" already exists, skipping

NOTICE:  relation "barriers_wscode_btree_idx" already exists, skipping

NOTICE:  relation "barriers_localcode_gist_idx" already exists, skipping

NOTICE:  relation "barriers_localcode_btree_idx" already exists, skipping

NOTICE:  relation "barrier_overrides" already exists, skipping

NOTICE:  relation "barrier_overrides_wsg_idx" already exists, skipping

NOTICE:  relation "barrier_overrides_blk_drm_idx" already exists, skipping

NOTICE:  relation "streams_access" already exists, skipping

NOTICE:  relation "streams_access_wsg_idx" already exists, skipping

NOTICE:  relation "streams_mapping_code" already exists, skipping

NOTICE:  relation "streams_mapping_code_wsg_idx" already exists, skipping

NOTICE:  schema "score300_default_tuned" already exists, skipping

NOTICE:  relation "log" already exists, skipping

NOTICE:  column "run_id" of relation "log" already exists, skipping

NOTICE:  column "watershed_group_code" of relation "log" already exists, skipping

NOTICE:  column "date_start" of relation "log" already exists, skipping

NOTICE:  column "date_end" of relation "log" already exists, skipping

NOTICE:  column "run_uid" of relation "log" already exists, skipping

NOTICE:  column "run_label" of relation "log" already exists, skipping

NOTICE:  column "host" of relation "log" already exists, skipping

NOTICE:  column "config_name" of relation "log" already exists, skipping

NOTICE:  column "config_hash" of relation "log" already exists, skipping

NOTICE:  column "config_drift" of relation "log" already exists, skipping

NOTICE:  column "link_version" of relation "log" already exists, skipping

NOTICE:  column "link_sha" of relation "log" already exists, skipping

NOTICE:  column "link_dirty" of relation "log" already exists, skipping

NOTICE:  column "fresh_version" of relation "log" already exists, skipping

NOTICE:  column "fresh_sha" of relation "log" already exists, skipping

NOTICE:  column "fresh_dirty" of relation "log" already exists, skipping

NOTICE:  column "fresh_sha_source" of relation "log" already exists, skipping

NOTICE:  column "crate_version" of relation "log" already exists, skipping

NOTICE:  column "fwapg_sha" of relation "log" already exists, skipping

NOTICE:  column "bcfishobs_sha" of relation "log" already exists, skipping

NOTICE:  column "arg_dams" of relation "log" already exists, skipping

NOTICE:  column "arg_mapping_code" of relation "log" already exists, skipping

NOTICE:  column "arg_cleanup_working" of relation "log" already exists, skipping

NOTICE:  column "schema_persist" of relation "log" already exists, skipping

NOTICE:  column "species" of relation "log" already exists, skipping

NOTICE:  column "wsg_upstream" of relation "log" already exists, skipping

NOTICE:  column "bcfp_model_run_id" of relation "log" already exists, skipping

NOTICE:  column "bcfp_model_version" of relation "log" already exists, skipping

NOTICE:  column "bcfp_pin_source" of relation "log" already exists, skipping

NOTICE:  column "notes" of relation "log" already exists, skipping

NOTICE:  relation "log_recompute" already exists, skipping

NOTICE:  column "recompute_id" of relation "log_recompute" already exists, skipping

NOTICE:  column "watershed_group_code" of relation "log_recompute" already exists, skipping

NOTICE:  column "date_start" of relation "log_recompute" already exists, skipping

NOTICE:  column "date_end" of relation "log_recompute" already exists, skipping

NOTICE:  column "run_uid" of relation "log_recompute" already exists, skipping

NOTICE:  column "run_label" of relation "log_recompute" already exists, skipping

NOTICE:  column "host" of relation "log_recompute" already exists, skipping

NOTICE:  column "config_name" of relation "log_recompute" already exists, skipping

NOTICE:  column "config_hash" of relation "log_recompute" already exists, skipping

NOTICE:  column "link_version" of relation "log_recompute" already exists, skipping

NOTICE:  column "link_sha" of relation "log_recompute" already exists, skipping

NOTICE:  column "link_dirty" of relation "log_recompute" already exists, skipping

NOTICE:  column "fresh_version" of relation "log_recompute" already exists, skipping

NOTICE:  column "fresh_sha" of relation "log_recompute" already exists, skipping

NOTICE:  column "fresh_dirty" of relation "log_recompute" already exists, skipping

NOTICE:  column "fresh_sha_source" of relation "log_recompute" already exists, skipping

NOTICE:  column "crate_version" of relation "log_recompute" already exists, skipping

NOTICE:  column "fwapg_sha" of relation "log_recompute" already exists, skipping

NOTICE:  column "bcfishobs_sha" of relation "log_recompute" already exists, skipping

NOTICE:  column "schema_persist" of relation "log_recompute" already exists, skipping

NOTICE:  column "species" of relation "log_recompute" already exists, skipping

NOTICE:  column "views_prebuilt" of relation "log_recompute" already exists, skipping

NOTICE:  column "notes" of relation "log_recompute" already exists, skipping

NOTICE:  relation "log_input" already exists, skipping

NOTICE:  column "run_id" of relation "log_input" already exists, skipping

NOTICE:  column "watershed_group_code" of relation "log_input" already exists, skipping

NOTICE:  column "table_name" of relation "log_input" already exists, skipping

NOTICE:  column "row_count" of relation "log_input" already exists, skipping

NOTICE:  column "row_count_estimated" of relation "log_input" already exists, skipping

NOTICE:  column "size_bytes" of relation "log_input" already exists, skipping

NOTICE:  column "last_analyze" of relation "log_input" already exists, skipping

NOTICE:  column "source" of relation "log_input" already exists, skipping

NOTICE:  column "source_at" of relation "log_input" already exists, skipping

NOTICE:  relation "log_parameters_fresh" already exists, skipping

NOTICE:  column "config_hash" of relation "log_parameters_fresh" already exists, skipping

NOTICE:  column "species_code" of relation "log_parameters_fresh" already exists, skipping

NOTICE:  column "access_gradient_max" of relation "log_parameters_fresh" already exists, skipping

NOTICE:  column "spawn_gradient_min" of relation "log_parameters_fresh" already exists, skipping

NOTICE:  column "rear_gradient_min" of relation "log_parameters_fresh" already exists, skipping

NOTICE:  column "cluster_rearing" of relation "log_parameters_fresh" already exists, skipping

NOTICE:  column "cluster_direction" of relation "log_parameters_fresh" already exists, skipping

NOTICE:  column "cluster_bridge_gradient" of relation "log_parameters_fresh" already exists, skipping

NOTICE:  column "cluster_bridge_distance" of relation "log_parameters_fresh" already exists, skipping

NOTICE:  column "cluster_confluence_m" of relation "log_parameters_fresh" already exists, skipping

NOTICE:  column "cluster_spawning" of relation "log_parameters_fresh" already exists, skipping

NOTICE:  column "cluster_spawn_direction" of relation "log_parameters_fresh" already exists, skipping

NOTICE:  column "cluster_spawn_bridge_gradient" of relation "log_parameters_fresh" already exists, skipping

NOTICE:  column "cluster_spawn_bridge_distance" of relation "log_parameters_fresh" already exists, skipping

NOTICE:  column "cluster_spawn_confluence_m" of relation "log_parameters_fresh" already exists, skipping

NOTICE:  column "observation_threshold" of relation "log_parameters_fresh" already exists, skipping

NOTICE:  column "observation_date_min" of relation "log_parameters_fresh" already exists, skipping

NOTICE:  column "observation_buffer_m" of relation "log_parameters_fresh" already exists, skipping

NOTICE:  column "observation_species" of relation "log_parameters_fresh" already exists, skipping

NOTICE:  column "observation_control_apply" of relation "log_parameters_fresh" already exists, skipping

NOTICE:  relation "log_parameters_habitat_thresholds" already exists, skipping

NOTICE:  column "config_hash" of relation "log_parameters_habitat_thresholds" already exists, skipping

NOTICE:  column "species_code" of relation "log_parameters_habitat_thresholds" already exists, skipping

NOTICE:  column "spawn_gradient_max" of relation "log_parameters_habitat_thresholds" already exists, skipping

NOTICE:  column "spawn_channel_width_min" of relation "log_parameters_habitat_thresholds" already exists, skipping

NOTICE:  column "spawn_channel_width_max" of relation "log_parameters_habitat_thresholds" already exists, skipping

NOTICE:  column "spawn_mad_min" of relation "log_parameters_habitat_thresholds" already exists, skipping

NOTICE:  column "spawn_mad_max" of relation "log_parameters_habitat_thresholds" already exists, skipping

NOTICE:  column "rear_gradient_max" of relation "log_parameters_habitat_thresholds" already exists, skipping

NOTICE:  column "rear_channel_width_min" of relation "log_parameters_habitat_thresholds" already exists, skipping

NOTICE:  column "rear_channel_width_max" of relation "log_parameters_habitat_thresholds" already exists, skipping

NOTICE:  column "rear_mad_min" of relation "log_parameters_habitat_thresholds" already exists, skipping

NOTICE:  column "rear_mad_max" of relation "log_parameters_habitat_thresholds" already exists, skipping

NOTICE:  column "rear_lake_ha_min" of relation "log_parameters_habitat_thresholds" already exists, skipping

NOTICE:  column "spawn_edge_types" of relation "log_parameters_habitat_thresholds" already exists, skipping

NOTICE:  column "rear_edge_types" of relation "log_parameters_habitat_thresholds" already exists, skipping

NOTICE:  relation "log_dimensions" already exists, skipping

NOTICE:  column "config_hash" of relation "log_dimensions" already exists, skipping

NOTICE:  column "species" of relation "log_dimensions" already exists, skipping

NOTICE:  column "spawn_lake" of relation "log_dimensions" already exists, skipping

NOTICE:  column "spawn_stream" of relation "log_dimensions" already exists, skipping

NOTICE:  column "spawn_stream_in_waterbody" of relation "log_dimensions" already exists, skipping

NOTICE:  column "rear_lake" of relation "log_dimensions" already exists, skipping

NOTICE:  column "rear_lake_only" of relation "log_dimensions" already exists, skipping

NOTICE:  column "rear_lake_area_only" of relation "log_dimensions" already exists, skipping

NOTICE:  column "rear_no_fw" of relation "log_dimensions" already exists, skipping

NOTICE:  column "rear_stream" of relation "log_dimensions" already exists, skipping

NOTICE:  column "rear_stream_in_waterbody" of relation "log_dimensions" already exists, skipping

NOTICE:  column "rear_wetland" of relation "log_dimensions" already exists, skipping

NOTICE:  column "rear_wetland_polygon" of relation "log_dimensions" already exists, skipping

NOTICE:  column "rear_wetland_area_only" of relation "log_dimensions" already exists, skipping

NOTICE:  column "rear_all_edges" of relation "log_dimensions" already exists, skipping

NOTICE:  column "river_skip_cw_min" of relation "log_dimensions" already exists, skipping

NOTICE:  column "rear_stream_order_bypass" of relation "log_dimensions" already exists, skipping

NOTICE:  column "rear_stream_order_parent_min" of relation "log_dimensions" already exists, skipping

NOTICE:  column "rear_stream_order_child_min" of relation "log_dimensions" already exists, skipping

NOTICE:  column "rear_stream_order_child_max" of relation "log_dimensions" already exists, skipping

NOTICE:  column "rear_stream_order_distance_max" of relation "log_dimensions" already exists, skipping

NOTICE:  column "spawn_requires_connected" of relation "log_dimensions" already exists, skipping

NOTICE:  column "spawn_connected_distance_max" of relation "log_dimensions" already exists, skipping

NOTICE:  column "spawn_connected_direction" of relation "log_dimensions" already exists, skipping

NOTICE:  column "spawn_connected_gradient_max" of relation "log_dimensions" already exists, skipping

NOTICE:  column "spawn_connected_cw_min" of relation "log_dimensions" already exists, skipping

NOTICE:  column "spawn_connected_edge_types" of relation "log_dimensions" already exists, skipping

NOTICE:  column "spawn_connected_lake_adjacent" of relation "log_dimensions" already exists, skipping

NOTICE:  column "rear_requires_connected" of relation "log_dimensions" already exists, skipping

NOTICE:  column "rear_connected_distance_max" of relation "log_dimensions" already exists, skipping

NOTICE:  column "rear_lake_ha_min" of relation "log_dimensions" already exists, skipping

NOTICE:  column "rear_wetland_ha_min" of relation "log_dimensions" already exists, skipping

NOTICE:  column "notes" of relation "log_dimensions" already exists, skipping

NOTICE:  relation "log_wsg_date_idx" already exists, skipping

NOTICE:  relation "log_config_idx" already exists, skipping

NOTICE:  relation "log_input_rn_idx" already exists, skipping

NOTICE:  relation "log_run_uid_idx" already exists, skipping

NOTICE:  relation "log_rc_run_uid_idx" already exists, skipping

NOTICE:  relation "log_rc_wsg_date_idx" already exists, skipping

NOTICE:  relation "streams_blk_idx" already exists, skipping

NOTICE:  relation "streams_blk_drm_idx" already exists, skipping

NOTICE:  relation "streams_wscode_gist_idx" already exists, skipping

NOTICE:  relation "streams_wscode_btree_idx" already exists, skipping

NOTICE:  relation "streams_localcode_gist_idx" already exists, skipping

NOTICE:  relation "streams_localcode_btree_idx" already exists, skipping

NOTICE:  relation "streams_lfid_idx" already exists, skipping

NOTICE:  relation "streams_wsg_idx" already exists, skipping

NOTICE:  relation "streams_id_segment_idx" already exists, skipping

NOTICE:  relation "streams_habitat" already exists, skipping

NOTICE:  table "streams_acc_015" does not exist, skipping

NOTICE:  table "streams_acc_025" does not exist, skipping

NOTICE:  table "streams_acc_025_ovr_bt" does not exist, skipping

NOTICE:  relation "streams_habitat_wsg_idx" already exists, skipping

NOTICE:  relation "streams_habitat_id_segment_idx" already exists, skipping

NOTICE:  relation "streams_habitat_species_code_idx" already exists, skipping

NOTICE:  table "frs_clusters_bt" does not exist, skipping

NOTICE:  table "frs_clusters_ko" does not exist, skipping

NOTICE:  table "frs_qual_spawn_ko" does not exist, skipping

NOTICE:  table "frs_trace_lfid_ko" does not exist, skipping

NOTICE:  table "frs_clusters_gr" does not exist, skipping

15:16:42 variant default_tuned PARS done in 2.1 min (habitat 7afbc6d9)
15:16:42 variant bt_mad into score300_bt_mad (PARS)
NOTICE:  schema "score300_bt_mad" already exists, skipping

NOTICE:  column "run_id" of relation "log" already exists, skipping

NOTICE:  column "watershed_group_code" of relation "log" already exists, skipping

NOTICE:  column "date_start" of relation "log" already exists, skipping

NOTICE:  column "date_end" of relation "log" already exists, skipping

NOTICE:  column "run_uid" of relation "log" already exists, skipping

NOTICE:  column "run_label" of relation "log" already exists, skipping

NOTICE:  column "host" of relation "log" already exists, skipping

NOTICE:  column "config_name" of relation "log" already exists, skipping

NOTICE:  column "config_hash" of relation "log" already exists, skipping

NOTICE:  column "config_drift" of relation "log" already exists, skipping

NOTICE:  column "link_version" of relation "log" already exists, skipping

NOTICE:  column "link_sha" of relation "log" already exists, skipping

NOTICE:  column "link_dirty" of relation "log" already exists, skipping

NOTICE:  column "fresh_version" of relation "log" already exists, skipping

NOTICE:  column "fresh_sha" of relation "log" already exists, skipping

NOTICE:  column "fresh_dirty" of relation "log" already exists, skipping

NOTICE:  column "fresh_sha_source" of relation "log" already exists, skipping

NOTICE:  column "crate_version" of relation "log" already exists, skipping

NOTICE:  column "fwapg_sha" of relation "log" already exists, skipping

NOTICE:  column "bcfishobs_sha" of relation "log" already exists, skipping

NOTICE:  column "arg_dams" of relation "log" already exists, skipping

NOTICE:  column "arg_mapping_code" of relation "log" already exists, skipping

NOTICE:  column "arg_cleanup_working" of relation "log" already exists, skipping

NOTICE:  column "schema_persist" of relation "log" already exists, skipping

NOTICE:  column "species" of relation "log" already exists, skipping

NOTICE:  column "wsg_upstream" of relation "log" already exists, skipping

NOTICE:  column "bcfp_model_run_id" of relation "log" already exists, skipping

NOTICE:  column "bcfp_model_version" of relation "log" already exists, skipping

NOTICE:  column "bcfp_pin_source" of relation "log" already exists, skipping

NOTICE:  column "notes" of relation "log" already exists, skipping

NOTICE:  column "recompute_id" of relation "log_recompute" already exists, skipping

NOTICE:  column "watershed_group_code" of relation "log_recompute" already exists, skipping

NOTICE:  column "date_start" of relation "log_recompute" already exists, skipping

NOTICE:  column "date_end" of relation "log_recompute" already exists, skipping

NOTICE:  column "run_uid" of relation "log_recompute" already exists, skipping

NOTICE:  column "run_label" of relation "log_recompute" already exists, skipping

NOTICE:  column "host" of relation "log_recompute" already exists, skipping

NOTICE:  column "config_name" of relation "log_recompute" already exists, skipping

NOTICE:  column "config_hash" of relation "log_recompute" already exists, skipping

NOTICE:  column "link_version" of relation "log_recompute" already exists, skipping

NOTICE:  column "link_sha" of relation "log_recompute" already exists, skipping

NOTICE:  column "link_dirty" of relation "log_recompute" already exists, skipping

NOTICE:  column "fresh_version" of relation "log_recompute" already exists, skipping

NOTICE:  column "fresh_sha" of relation "log_recompute" already exists, skipping

NOTICE:  column "fresh_dirty" of relation "log_recompute" already exists, skipping

NOTICE:  column "fresh_sha_source" of relation "log_recompute" already exists, skipping

NOTICE:  column "crate_version" of relation "log_recompute" already exists, skipping

NOTICE:  column "fwapg_sha" of relation "log_recompute" already exists, skipping

NOTICE:  column "bcfishobs_sha" of relation "log_recompute" already exists, skipping

NOTICE:  column "schema_persist" of relation "log_recompute" already exists, skipping

NOTICE:  column "species" of relation "log_recompute" already exists, skipping

NOTICE:  column "views_prebuilt" of relation "log_recompute" already exists, skipping

NOTICE:  column "notes" of relation "log_recompute" already exists, skipping

NOTICE:  column "run_id" of relation "log_input" already exists, skipping

NOTICE:  column "watershed_group_code" of relation "log_input" already exists, skipping

NOTICE:  column "table_name" of relation "log_input" already exists, skipping

NOTICE:  column "row_count" of relation "log_input" already exists, skipping

NOTICE:  column "row_count_estimated" of relation "log_input" already exists, skipping

NOTICE:  column "size_bytes" of relation "log_input" already exists, skipping

NOTICE:  column "last_analyze" of relation "log_input" already exists, skipping

NOTICE:  column "source" of relation "log_input" already exists, skipping

NOTICE:  column "source_at" of relation "log_input" already exists, skipping

NOTICE:  column "config_hash" of relation "log_parameters_fresh" already exists, skipping

NOTICE:  column "species_code" of relation "log_parameters_fresh" already exists, skipping

NOTICE:  column "access_gradient_max" of relation "log_parameters_fresh" already exists, skipping

NOTICE:  column "spawn_gradient_min" of relation "log_parameters_fresh" already exists, skipping

NOTICE:  column "rear_gradient_min" of relation "log_parameters_fresh" already exists, skipping

NOTICE:  column "cluster_rearing" of relation "log_parameters_fresh" already exists, skipping

NOTICE:  column "cluster_direction" of relation "log_parameters_fresh" already exists, skipping

NOTICE:  column "cluster_bridge_gradient" of relation "log_parameters_fresh" already exists, skipping

NOTICE:  column "cluster_bridge_distance" of relation "log_parameters_fresh" already exists, skipping

NOTICE:  column "cluster_confluence_m" of relation "log_parameters_fresh" already exists, skipping

NOTICE:  column "cluster_spawning" of relation "log_parameters_fresh" already exists, skipping

NOTICE:  column "cluster_spawn_direction" of relation "log_parameters_fresh" already exists, skipping

NOTICE:  column "cluster_spawn_bridge_gradient" of relation "log_parameters_fresh" already exists, skipping

NOTICE:  column "cluster_spawn_bridge_distance" of relation "log_parameters_fresh" already exists, skipping

NOTICE:  column "cluster_spawn_confluence_m" of relation "log_parameters_fresh" already exists, skipping

NOTICE:  column "observation_threshold" of relation "log_parameters_fresh" already exists, skipping

NOTICE:  column "observation_date_min" of relation "log_parameters_fresh" already exists, skipping

NOTICE:  column "observation_buffer_m" of relation "log_parameters_fresh" already exists, skipping

NOTICE:  column "observation_species" of relation "log_parameters_fresh" already exists, skipping

NOTICE:  column "observation_control_apply" of relation "log_parameters_fresh" already exists, skipping

NOTICE:  column "config_hash" of relation "log_parameters_habitat_thresholds" already exists, skipping

NOTICE:  column "species_code" of relation "log_parameters_habitat_thresholds" already exists, skipping

NOTICE:  column "spawn_gradient_max" of relation "log_parameters_habitat_thresholds" already exists, skipping

NOTICE:  column "spawn_channel_width_min" of relation "log_parameters_habitat_thresholds" already exists, skipping

NOTICE:  column "spawn_channel_width_max" of relation "log_parameters_habitat_thresholds" already exists, skipping

NOTICE:  column "spawn_mad_min" of relation "log_parameters_habitat_thresholds" already exists, skipping

NOTICE:  column "spawn_mad_max" of relation "log_parameters_habitat_thresholds" already exists, skipping

NOTICE:  column "rear_gradient_max" of relation "log_parameters_habitat_thresholds" already exists, skipping

NOTICE:  column "rear_channel_width_min" of relation "log_parameters_habitat_thresholds" already exists, skipping

NOTICE:  column "rear_channel_width_max" of relation "log_parameters_habitat_thresholds" already exists, skipping

NOTICE:  column "rear_mad_min" of relation "log_parameters_habitat_thresholds" already exists, skipping

NOTICE:  column "rear_mad_max" of relation "log_parameters_habitat_thresholds" already exists, skipping

NOTICE:  column "rear_lake_ha_min" of relation "log_parameters_habitat_thresholds" already exists, skipping

NOTICE:  column "spawn_edge_types" of relation "log_parameters_habitat_thresholds" already exists, skipping

NOTICE:  column "rear_edge_types" of relation "log_parameters_habitat_thresholds" already exists, skipping

NOTICE:  column "config_hash" of relation "log_dimensions" already exists, skipping

NOTICE:  column "species" of relation "log_dimensions" already exists, skipping

NOTICE:  column "spawn_lake" of relation "log_dimensions" already exists, skipping

NOTICE:  column "spawn_stream" of relation "log_dimensions" already exists, skipping

NOTICE:  column "spawn_stream_in_waterbody" of relation "log_dimensions" already exists, skipping

NOTICE:  column "rear_lake" of relation "log_dimensions" already exists, skipping

NOTICE:  column "rear_lake_only" of relation "log_dimensions" already exists, skipping

NOTICE:  column "rear_lake_area_only" of relation "log_dimensions" already exists, skipping

NOTICE:  column "rear_no_fw" of relation "log_dimensions" already exists, skipping

NOTICE:  column "rear_stream" of relation "log_dimensions" already exists, skipping

NOTICE:  column "rear_stream_in_waterbody" of relation "log_dimensions" already exists, skipping

NOTICE:  column "rear_wetland" of relation "log_dimensions" already exists, skipping

NOTICE:  column "rear_wetland_polygon" of relation "log_dimensions" already exists, skipping

NOTICE:  column "rear_wetland_area_only" of relation "log_dimensions" already exists, skipping

NOTICE:  column "rear_all_edges" of relation "log_dimensions" already exists, skipping

NOTICE:  column "river_skip_cw_min" of relation "log_dimensions" already exists, skipping

NOTICE:  column "rear_stream_order_bypass" of relation "log_dimensions" already exists, skipping

NOTICE:  column "rear_stream_order_parent_min" of relation "log_dimensions" already exists, skipping

NOTICE:  column "rear_stream_order_child_min" of relation "log_dimensions" already exists, skipping

NOTICE:  column "rear_stream_order_child_max" of relation "log_dimensions" already exists, skipping

NOTICE:  column "rear_stream_order_distance_max" of relation "log_dimensions" already exists, skipping

NOTICE:  column "spawn_requires_connected" of relation "log_dimensions" already exists, skipping

NOTICE:  column "spawn_connected_distance_max" of relation "log_dimensions" already exists, skipping

NOTICE:  column "spawn_connected_direction" of relation "log_dimensions" already exists, skipping

NOTICE:  column "spawn_connected_gradient_max" of relation "log_dimensions" already exists, skipping

NOTICE:  column "spawn_connected_cw_min" of relation "log_dimensions" already exists, skipping

NOTICE:  column "spawn_connected_edge_types" of relation "log_dimensions" already exists, skipping

NOTICE:  column "spawn_connected_lake_adjacent" of relation "log_dimensions" already exists, skipping

NOTICE:  column "rear_requires_connected" of relation "log_dimensions" already exists, skipping

NOTICE:  column "rear_connected_distance_max" of relation "log_dimensions" already exists, skipping

NOTICE:  column "rear_lake_ha_min" of relation "log_dimensions" already exists, skipping

NOTICE:  column "rear_wetland_ha_min" of relation "log_dimensions" already exists, skipping

NOTICE:  column "notes" of relation "log_dimensions" already exists, skipping

NOTICE:  relation "streams_blk_idx" already exists, skipping

NOTICE:  relation "streams_blk_drm_idx" already exists, skipping

NOTICE:  relation "streams_wscode_gist_idx" already exists, skipping

NOTICE:  relation "streams_wscode_btree_idx" already exists, skipping

NOTICE:  relation "streams_localcode_gist_idx" already exists, skipping

NOTICE:  relation "streams_localcode_btree_idx" already exists, skipping

NOTICE:  relation "streams_lfid_idx" already exists, skipping

NOTICE:  relation "streams_wsg_idx" already exists, skipping

NOTICE:  relation "streams_id_segment_idx" already exists, skipping

NOTICE:  relation "streams_habitat" already exists, skipping

NOTICE:  table "streams_acc_025" does not exist, skipping

NOTICE:  table "streams_acc_025_ovr_bt" does not exist, skipping

NOTICE:  relation "streams_habitat_wsg_idx" already exists, skipping

NOTICE:  relation "streams_habitat_id_segment_idx" already exists, skipping

NOTICE:  relation "streams_habitat_species_code_idx" already exists, skipping

NOTICE:  table "frs_clusters_bt" does not exist, skipping

15:18:13 variant bt_mad PARS done in 1.5 min (habitat 00642d7e)
15:18:13 variant gr_mad into score300_gr_mad (PARS)
NOTICE:  schema "score300_gr_mad" already exists, skipping

NOTICE:  column "run_id" of relation "log" already exists, skipping

NOTICE:  column "watershed_group_code" of relation "log" already exists, skipping

NOTICE:  column "date_start" of relation "log" already exists, skipping

NOTICE:  column "date_end" of relation "log" already exists, skipping

NOTICE:  column "run_uid" of relation "log" already exists, skipping

NOTICE:  column "run_label" of relation "log" already exists, skipping

NOTICE:  column "host" of relation "log" already exists, skipping

NOTICE:  column "config_name" of relation "log" already exists, skipping

NOTICE:  column "config_hash" of relation "log" already exists, skipping

NOTICE:  column "config_drift" of relation "log" already exists, skipping

NOTICE:  column "link_version" of relation "log" already exists, skipping

NOTICE:  column "link_sha" of relation "log" already exists, skipping

NOTICE:  column "link_dirty" of relation "log" already exists, skipping

NOTICE:  column "fresh_version" of relation "log" already exists, skipping

NOTICE:  column "fresh_sha" of relation "log" already exists, skipping

NOTICE:  column "fresh_dirty" of relation "log" already exists, skipping

NOTICE:  column "fresh_sha_source" of relation "log" already exists, skipping

NOTICE:  column "crate_version" of relation "log" already exists, skipping

NOTICE:  column "fwapg_sha" of relation "log" already exists, skipping

NOTICE:  column "bcfishobs_sha" of relation "log" already exists, skipping

NOTICE:  column "arg_dams" of relation "log" already exists, skipping

NOTICE:  column "arg_mapping_code" of relation "log" already exists, skipping

NOTICE:  column "arg_cleanup_working" of relation "log" already exists, skipping

NOTICE:  column "schema_persist" of relation "log" already exists, skipping

NOTICE:  column "species" of relation "log" already exists, skipping

NOTICE:  column "wsg_upstream" of relation "log" already exists, skipping

NOTICE:  column "bcfp_model_run_id" of relation "log" already exists, skipping

NOTICE:  column "bcfp_model_version" of relation "log" already exists, skipping

NOTICE:  column "bcfp_pin_source" of relation "log" already exists, skipping

NOTICE:  column "notes" of relation "log" already exists, skipping

NOTICE:  column "recompute_id" of relation "log_recompute" already exists, skipping

NOTICE:  column "watershed_group_code" of relation "log_recompute" already exists, skipping

NOTICE:  column "date_start" of relation "log_recompute" already exists, skipping

NOTICE:  column "date_end" of relation "log_recompute" already exists, skipping

NOTICE:  column "run_uid" of relation "log_recompute" already exists, skipping

NOTICE:  column "run_label" of relation "log_recompute" already exists, skipping

NOTICE:  column "host" of relation "log_recompute" already exists, skipping

NOTICE:  column "config_name" of relation "log_recompute" already exists, skipping

NOTICE:  column "config_hash" of relation "log_recompute" already exists, skipping

NOTICE:  column "link_version" of relation "log_recompute" already exists, skipping

NOTICE:  column "link_sha" of relation "log_recompute" already exists, skipping

NOTICE:  column "link_dirty" of relation "log_recompute" already exists, skipping

NOTICE:  column "fresh_version" of relation "log_recompute" already exists, skipping

NOTICE:  column "fresh_sha" of relation "log_recompute" already exists, skipping

NOTICE:  column "fresh_dirty" of relation "log_recompute" already exists, skipping

NOTICE:  column "fresh_sha_source" of relation "log_recompute" already exists, skipping

NOTICE:  column "crate_version" of relation "log_recompute" already exists, skipping

NOTICE:  column "fwapg_sha" of relation "log_recompute" already exists, skipping

NOTICE:  column "bcfishobs_sha" of relation "log_recompute" already exists, skipping

NOTICE:  column "schema_persist" of relation "log_recompute" already exists, skipping

NOTICE:  column "species" of relation "log_recompute" already exists, skipping

NOTICE:  column "views_prebuilt" of relation "log_recompute" already exists, skipping

NOTICE:  column "notes" of relation "log_recompute" already exists, skipping

NOTICE:  column "run_id" of relation "log_input" already exists, skipping

NOTICE:  column "watershed_group_code" of relation "log_input" already exists, skipping

NOTICE:  column "table_name" of relation "log_input" already exists, skipping

NOTICE:  column "row_count" of relation "log_input" already exists, skipping

NOTICE:  column "row_count_estimated" of relation "log_input" already exists, skipping

NOTICE:  column "size_bytes" of relation "log_input" already exists, skipping

NOTICE:  column "last_analyze" of relation "log_input" already exists, skipping

NOTICE:  column "source" of relation "log_input" already exists, skipping

NOTICE:  column "source_at" of relation "log_input" already exists, skipping

NOTICE:  column "config_hash" of relation "log_parameters_fresh" already exists, skipping

NOTICE:  column "species_code" of relation "log_parameters_fresh" already exists, skipping

NOTICE:  column "access_gradient_max" of relation "log_parameters_fresh" already exists, skipping

NOTICE:  column "spawn_gradient_min" of relation "log_parameters_fresh" already exists, skipping

NOTICE:  column "rear_gradient_min" of relation "log_parameters_fresh" already exists, skipping

NOTICE:  column "cluster_rearing" of relation "log_parameters_fresh" already exists, skipping

NOTICE:  column "cluster_direction" of relation "log_parameters_fresh" already exists, skipping

NOTICE:  column "cluster_bridge_gradient" of relation "log_parameters_fresh" already exists, skipping

NOTICE:  column "cluster_bridge_distance" of relation "log_parameters_fresh" already exists, skipping

NOTICE:  column "cluster_confluence_m" of relation "log_parameters_fresh" already exists, skipping

NOTICE:  column "cluster_spawning" of relation "log_parameters_fresh" already exists, skipping

NOTICE:  column "cluster_spawn_direction" of relation "log_parameters_fresh" already exists, skipping

NOTICE:  column "cluster_spawn_bridge_gradient" of relation "log_parameters_fresh" already exists, skipping

NOTICE:  column "cluster_spawn_bridge_distance" of relation "log_parameters_fresh" already exists, skipping

NOTICE:  column "cluster_spawn_confluence_m" of relation "log_parameters_fresh" already exists, skipping

NOTICE:  column "observation_threshold" of relation "log_parameters_fresh" already exists, skipping

NOTICE:  column "observation_date_min" of relation "log_parameters_fresh" already exists, skipping

NOTICE:  column "observation_buffer_m" of relation "log_parameters_fresh" already exists, skipping

NOTICE:  column "observation_species" of relation "log_parameters_fresh" already exists, skipping

NOTICE:  column "observation_control_apply" of relation "log_parameters_fresh" already exists, skipping

NOTICE:  column "config_hash" of relation "log_parameters_habitat_thresholds" already exists, skipping

NOTICE:  column "species_code" of relation "log_parameters_habitat_thresholds" already exists, skipping

NOTICE:  column "spawn_gradient_max" of relation "log_parameters_habitat_thresholds" already exists, skipping

NOTICE:  column "spawn_channel_width_min" of relation "log_parameters_habitat_thresholds" already exists, skipping

NOTICE:  column "spawn_channel_width_max" of relation "log_parameters_habitat_thresholds" already exists, skipping

NOTICE:  column "spawn_mad_min" of relation "log_parameters_habitat_thresholds" already exists, skipping

NOTICE:  column "spawn_mad_max" of relation "log_parameters_habitat_thresholds" already exists, skipping

NOTICE:  column "rear_gradient_max" of relation "log_parameters_habitat_thresholds" already exists, skipping

NOTICE:  column "rear_channel_width_min" of relation "log_parameters_habitat_thresholds" already exists, skipping

NOTICE:  column "rear_channel_width_max" of relation "log_parameters_habitat_thresholds" already exists, skipping

NOTICE:  column "rear_mad_min" of relation "log_parameters_habitat_thresholds" already exists, skipping

NOTICE:  column "rear_mad_max" of relation "log_parameters_habitat_thresholds" already exists, skipping

NOTICE:  column "rear_lake_ha_min" of relation "log_parameters_habitat_thresholds" already exists, skipping

NOTICE:  column "spawn_edge_types" of relation "log_parameters_habitat_thresholds" already exists, skipping

NOTICE:  column "rear_edge_types" of relation "log_parameters_habitat_thresholds" already exists, skipping

NOTICE:  column "config_hash" of relation "log_dimensions" already exists, skipping

NOTICE:  column "species" of relation "log_dimensions" already exists, skipping

NOTICE:  column "spawn_lake" of relation "log_dimensions" already exists, skipping

NOTICE:  column "spawn_stream" of relation "log_dimensions" already exists, skipping

NOTICE:  column "spawn_stream_in_waterbody" of relation "log_dimensions" already exists, skipping

NOTICE:  column "rear_lake" of relation "log_dimensions" already exists, skipping

NOTICE:  column "rear_lake_only" of relation "log_dimensions" already exists, skipping

NOTICE:  column "rear_lake_area_only" of relation "log_dimensions" already exists, skipping

NOTICE:  column "rear_no_fw" of relation "log_dimensions" already exists, skipping

NOTICE:  column "rear_stream" of relation "log_dimensions" already exists, skipping

NOTICE:  column "rear_stream_in_waterbody" of relation "log_dimensions" already exists, skipping

NOTICE:  column "rear_wetland" of relation "log_dimensions" already exists, skipping

NOTICE:  column "rear_wetland_polygon" of relation "log_dimensions" already exists, skipping

NOTICE:  column "rear_wetland_area_only" of relation "log_dimensions" already exists, skipping

NOTICE:  column "rear_all_edges" of relation "log_dimensions" already exists, skipping

NOTICE:  column "river_skip_cw_min" of relation "log_dimensions" already exists, skipping

NOTICE:  column "rear_stream_order_bypass" of relation "log_dimensions" already exists, skipping

NOTICE:  column "rear_stream_order_parent_min" of relation "log_dimensions" already exists, skipping

NOTICE:  column "rear_stream_order_child_min" of relation "log_dimensions" already exists, skipping

NOTICE:  column "rear_stream_order_child_max" of relation "log_dimensions" already exists, skipping

NOTICE:  column "rear_stream_order_distance_max" of relation "log_dimensions" already exists, skipping

NOTICE:  column "spawn_requires_connected" of relation "log_dimensions" already exists, skipping

NOTICE:  column "spawn_connected_distance_max" of relation "log_dimensions" already exists, skipping

NOTICE:  column "spawn_connected_direction" of relation "log_dimensions" already exists, skipping

NOTICE:  column "spawn_connected_gradient_max" of relation "log_dimensions" already exists, skipping

NOTICE:  column "spawn_connected_cw_min" of relation "log_dimensions" already exists, skipping

NOTICE:  column "spawn_connected_edge_types" of relation "log_dimensions" already exists, skipping

NOTICE:  column "spawn_connected_lake_adjacent" of relation "log_dimensions" already exists, skipping

NOTICE:  column "rear_requires_connected" of relation "log_dimensions" already exists, skipping

NOTICE:  column "rear_connected_distance_max" of relation "log_dimensions" already exists, skipping

NOTICE:  column "rear_lake_ha_min" of relation "log_dimensions" already exists, skipping

NOTICE:  column "rear_wetland_ha_min" of relation "log_dimensions" already exists, skipping

NOTICE:  column "notes" of relation "log_dimensions" already exists, skipping

NOTICE:  relation "streams_blk_idx" already exists, skipping

NOTICE:  relation "streams_blk_drm_idx" already exists, skipping

NOTICE:  relation "streams_wscode_gist_idx" already exists, skipping

NOTICE:  relation "streams_wscode_btree_idx" already exists, skipping

NOTICE:  relation "streams_localcode_gist_idx" already exists, skipping

NOTICE:  relation "streams_localcode_btree_idx" already exists, skipping

NOTICE:  relation "streams_lfid_idx" already exists, skipping

NOTICE:  relation "streams_wsg_idx" already exists, skipping

NOTICE:  relation "streams_id_segment_idx" already exists, skipping

NOTICE:  relation "streams_habitat" already exists, skipping

NOTICE:  table "streams_acc_015" does not exist, skipping

NOTICE:  relation "streams_habitat_wsg_idx" already exists, skipping

NOTICE:  relation "streams_habitat_id_segment_idx" already exists, skipping

NOTICE:  relation "streams_habitat_species_code_idx" already exists, skipping

NOTICE:  table "frs_clusters_gr" does not exist, skipping

15:18:29 variant gr_mad PARS done in 0.3 min (habitat 06c99762)
15:18:29 variant rb_mad into score300_rb_mad (PARS)
NOTICE:  schema "score300_rb_mad" already exists, skipping

NOTICE:  column "run_id" of relation "log" already exists, skipping

NOTICE:  column "watershed_group_code" of relation "log" already exists, skipping

NOTICE:  column "date_start" of relation "log" already exists, skipping

NOTICE:  column "date_end" of relation "log" already exists, skipping

NOTICE:  column "run_uid" of relation "log" already exists, skipping

NOTICE:  column "run_label" of relation "log" already exists, skipping

NOTICE:  column "host" of relation "log" already exists, skipping

NOTICE:  column "config_name" of relation "log" already exists, skipping

NOTICE:  column "config_hash" of relation "log" already exists, skipping

NOTICE:  column "config_drift" of relation "log" already exists, skipping

NOTICE:  column "link_version" of relation "log" already exists, skipping

NOTICE:  column "link_sha" of relation "log" already exists, skipping

NOTICE:  column "link_dirty" of relation "log" already exists, skipping

NOTICE:  column "fresh_version" of relation "log" already exists, skipping

NOTICE:  column "fresh_sha" of relation "log" already exists, skipping

NOTICE:  column "fresh_dirty" of relation "log" already exists, skipping

NOTICE:  column "fresh_sha_source" of relation "log" already exists, skipping

NOTICE:  column "crate_version" of relation "log" already exists, skipping

NOTICE:  column "fwapg_sha" of relation "log" already exists, skipping

NOTICE:  column "bcfishobs_sha" of relation "log" already exists, skipping

NOTICE:  column "arg_dams" of relation "log" already exists, skipping

NOTICE:  column "arg_mapping_code" of relation "log" already exists, skipping

NOTICE:  column "arg_cleanup_working" of relation "log" already exists, skipping

NOTICE:  column "schema_persist" of relation "log" already exists, skipping

NOTICE:  column "species" of relation "log" already exists, skipping

NOTICE:  column "wsg_upstream" of relation "log" already exists, skipping

NOTICE:  column "bcfp_model_run_id" of relation "log" already exists, skipping

NOTICE:  column "bcfp_model_version" of relation "log" already exists, skipping

NOTICE:  column "bcfp_pin_source" of relation "log" already exists, skipping

NOTICE:  column "notes" of relation "log" already exists, skipping

NOTICE:  column "recompute_id" of relation "log_recompute" already exists, skipping

NOTICE:  column "watershed_group_code" of relation "log_recompute" already exists, skipping

NOTICE:  column "date_start" of relation "log_recompute" already exists, skipping

NOTICE:  column "date_end" of relation "log_recompute" already exists, skipping

NOTICE:  column "run_uid" of relation "log_recompute" already exists, skipping

NOTICE:  column "run_label" of relation "log_recompute" already exists, skipping

NOTICE:  column "host" of relation "log_recompute" already exists, skipping

NOTICE:  column "config_name" of relation "log_recompute" already exists, skipping

NOTICE:  column "config_hash" of relation "log_recompute" already exists, skipping

NOTICE:  column "link_version" of relation "log_recompute" already exists, skipping

NOTICE:  column "link_sha" of relation "log_recompute" already exists, skipping

NOTICE:  column "link_dirty" of relation "log_recompute" already exists, skipping

NOTICE:  column "fresh_version" of relation "log_recompute" already exists, skipping

NOTICE:  column "fresh_sha" of relation "log_recompute" already exists, skipping

NOTICE:  column "fresh_dirty" of relation "log_recompute" already exists, skipping

NOTICE:  column "fresh_sha_source" of relation "log_recompute" already exists, skipping

NOTICE:  column "crate_version" of relation "log_recompute" already exists, skipping

NOTICE:  column "fwapg_sha" of relation "log_recompute" already exists, skipping

NOTICE:  column "bcfishobs_sha" of relation "log_recompute" already exists, skipping

NOTICE:  column "schema_persist" of relation "log_recompute" already exists, skipping

NOTICE:  column "species" of relation "log_recompute" already exists, skipping

NOTICE:  column "views_prebuilt" of relation "log_recompute" already exists, skipping

NOTICE:  column "notes" of relation "log_recompute" already exists, skipping

NOTICE:  column "run_id" of relation "log_input" already exists, skipping

NOTICE:  column "watershed_group_code" of relation "log_input" already exists, skipping

NOTICE:  column "table_name" of relation "log_input" already exists, skipping

NOTICE:  column "row_count" of relation "log_input" already exists, skipping

NOTICE:  column "row_count_estimated" of relation "log_input" already exists, skipping

NOTICE:  column "size_bytes" of relation "log_input" already exists, skipping

NOTICE:  column "last_analyze" of relation "log_input" already exists, skipping

NOTICE:  column "source" of relation "log_input" already exists, skipping

NOTICE:  column "source_at" of relation "log_input" already exists, skipping

NOTICE:  column "config_hash" of relation "log_parameters_fresh" already exists, skipping

NOTICE:  column "species_code" of relation "log_parameters_fresh" already exists, skipping

NOTICE:  column "access_gradient_max" of relation "log_parameters_fresh" already exists, skipping

NOTICE:  column "spawn_gradient_min" of relation "log_parameters_fresh" already exists, skipping

NOTICE:  column "rear_gradient_min" of relation "log_parameters_fresh" already exists, skipping

NOTICE:  column "cluster_rearing" of relation "log_parameters_fresh" already exists, skipping

NOTICE:  column "cluster_direction" of relation "log_parameters_fresh" already exists, skipping

NOTICE:  column "cluster_bridge_gradient" of relation "log_parameters_fresh" already exists, skipping

NOTICE:  column "cluster_bridge_distance" of relation "log_parameters_fresh" already exists, skipping

NOTICE:  column "cluster_confluence_m" of relation "log_parameters_fresh" already exists, skipping

NOTICE:  column "cluster_spawning" of relation "log_parameters_fresh" already exists, skipping

NOTICE:  column "cluster_spawn_direction" of relation "log_parameters_fresh" already exists, skipping

NOTICE:  column "cluster_spawn_bridge_gradient" of relation "log_parameters_fresh" already exists, skipping

NOTICE:  column "cluster_spawn_bridge_distance" of relation "log_parameters_fresh" already exists, skipping

NOTICE:  column "cluster_spawn_confluence_m" of relation "log_parameters_fresh" already exists, skipping

NOTICE:  column "observation_threshold" of relation "log_parameters_fresh" already exists, skipping

NOTICE:  column "observation_date_min" of relation "log_parameters_fresh" already exists, skipping

NOTICE:  column "observation_buffer_m" of relation "log_parameters_fresh" already exists, skipping

NOTICE:  column "observation_species" of relation "log_parameters_fresh" already exists, skipping

NOTICE:  column "observation_control_apply" of relation "log_parameters_fresh" already exists, skipping

NOTICE:  column "config_hash" of relation "log_parameters_habitat_thresholds" already exists, skipping

NOTICE:  column "species_code" of relation "log_parameters_habitat_thresholds" already exists, skipping

NOTICE:  column "spawn_gradient_max" of relation "log_parameters_habitat_thresholds" already exists, skipping

NOTICE:  column "spawn_channel_width_min" of relation "log_parameters_habitat_thresholds" already exists, skipping

NOTICE:  column "spawn_channel_width_max" of relation "log_parameters_habitat_thresholds" already exists, skipping

NOTICE:  column "spawn_mad_min" of relation "log_parameters_habitat_thresholds" already exists, skipping

NOTICE:  column "spawn_mad_max" of relation "log_parameters_habitat_thresholds" already exists, skipping

NOTICE:  column "rear_gradient_max" of relation "log_parameters_habitat_thresholds" already exists, skipping

NOTICE:  column "rear_channel_width_min" of relation "log_parameters_habitat_thresholds" already exists, skipping

NOTICE:  column "rear_channel_width_max" of relation "log_parameters_habitat_thresholds" already exists, skipping

NOTICE:  column "rear_mad_min" of relation "log_parameters_habitat_thresholds" already exists, skipping

NOTICE:  column "rear_mad_max" of relation "log_parameters_habitat_thresholds" already exists, skipping

NOTICE:  column "rear_lake_ha_min" of relation "log_parameters_habitat_thresholds" already exists, skipping

NOTICE:  column "spawn_edge_types" of relation "log_parameters_habitat_thresholds" already exists, skipping

NOTICE:  column "rear_edge_types" of relation "log_parameters_habitat_thresholds" already exists, skipping

NOTICE:  column "config_hash" of relation "log_dimensions" already exists, skipping

NOTICE:  column "species" of relation "log_dimensions" already exists, skipping

NOTICE:  column "spawn_lake" of relation "log_dimensions" already exists, skipping

NOTICE:  column "spawn_stream" of relation "log_dimensions" already exists, skipping

NOTICE:  column "spawn_stream_in_waterbody" of relation "log_dimensions" already exists, skipping

NOTICE:  column "rear_lake" of relation "log_dimensions" already exists, skipping

NOTICE:  column "rear_lake_only" of relation "log_dimensions" already exists, skipping

NOTICE:  column "rear_lake_area_only" of relation "log_dimensions" already exists, skipping

NOTICE:  column "rear_no_fw" of relation "log_dimensions" already exists, skipping

NOTICE:  column "rear_stream" of relation "log_dimensions" already exists, skipping

NOTICE:  column "rear_stream_in_waterbody" of relation "log_dimensions" already exists, skipping

NOTICE:  column "rear_wetland" of relation "log_dimensions" already exists, skipping

NOTICE:  column "rear_wetland_polygon" of relation "log_dimensions" already exists, skipping

NOTICE:  column "rear_wetland_area_only" of relation "log_dimensions" already exists, skipping

NOTICE:  column "rear_all_edges" of relation "log_dimensions" already exists, skipping

NOTICE:  column "river_skip_cw_min" of relation "log_dimensions" already exists, skipping

NOTICE:  column "rear_stream_order_bypass" of relation "log_dimensions" already exists, skipping

NOTICE:  column "rear_stream_order_parent_min" of relation "log_dimensions" already exists, skipping

NOTICE:  column "rear_stream_order_child_min" of relation "log_dimensions" already exists, skipping

NOTICE:  column "rear_stream_order_child_max" of relation "log_dimensions" already exists, skipping

NOTICE:  column "rear_stream_order_distance_max" of relation "log_dimensions" already exists, skipping

NOTICE:  column "spawn_requires_connected" of relation "log_dimensions" already exists, skipping

NOTICE:  column "spawn_connected_distance_max" of relation "log_dimensions" already exists, skipping

NOTICE:  column "spawn_connected_direction" of relation "log_dimensions" already exists, skipping

NOTICE:  column "spawn_connected_gradient_max" of relation "log_dimensions" already exists, skipping

NOTICE:  column "spawn_connected_cw_min" of relation "log_dimensions" already exists, skipping

NOTICE:  column "spawn_connected_edge_types" of relation "log_dimensions" already exists, skipping

NOTICE:  column "spawn_connected_lake_adjacent" of relation "log_dimensions" already exists, skipping

NOTICE:  column "rear_requires_connected" of relation "log_dimensions" already exists, skipping

NOTICE:  column "rear_connected_distance_max" of relation "log_dimensions" already exists, skipping

NOTICE:  column "rear_lake_ha_min" of relation "log_dimensions" already exists, skipping

NOTICE:  column "rear_wetland_ha_min" of relation "log_dimensions" already exists, skipping

NOTICE:  column "notes" of relation "log_dimensions" already exists, skipping

NOTICE:  relation "streams_blk_idx" already exists, skipping

NOTICE:  relation "streams_blk_drm_idx" already exists, skipping

NOTICE:  relation "streams_wscode_gist_idx" already exists, skipping

NOTICE:  relation "streams_wscode_btree_idx" already exists, skipping

NOTICE:  relation "streams_localcode_gist_idx" already exists, skipping

NOTICE:  relation "streams_localcode_btree_idx" already exists, skipping

NOTICE:  relation "streams_lfid_idx" already exists, skipping

NOTICE:  relation "streams_wsg_idx" already exists, skipping

NOTICE:  relation "streams_id_segment_idx" already exists, skipping

NOTICE:  relation "streams_habitat" already exists, skipping

NOTICE:  table "streams_acc_025" does not exist, skipping

NOTICE:  relation "streams_habitat_wsg_idx" already exists, skipping

NOTICE:  relation "streams_habitat_id_segment_idx" already exists, skipping

NOTICE:  relation "streams_habitat_species_code_idx" already exists, skipping

15:19:02 variant rb_mad PARS done in 0.6 min (habitat 83b0ad05)
15:19:02 variant ko_mad into score300_ko_mad (PARS)
NOTICE:  schema "score300_ko_mad" already exists, skipping

NOTICE:  column "run_id" of relation "log" already exists, skipping

NOTICE:  column "watershed_group_code" of relation "log" already exists, skipping

NOTICE:  column "date_start" of relation "log" already exists, skipping

NOTICE:  column "date_end" of relation "log" already exists, skipping

NOTICE:  column "run_uid" of relation "log" already exists, skipping

NOTICE:  column "run_label" of relation "log" already exists, skipping

NOTICE:  column "host" of relation "log" already exists, skipping

NOTICE:  column "config_name" of relation "log" already exists, skipping

NOTICE:  column "config_hash" of relation "log" already exists, skipping

NOTICE:  column "config_drift" of relation "log" already exists, skipping

NOTICE:  column "link_version" of relation "log" already exists, skipping

NOTICE:  column "link_sha" of relation "log" already exists, skipping

NOTICE:  column "link_dirty" of relation "log" already exists, skipping

NOTICE:  column "fresh_version" of relation "log" already exists, skipping

NOTICE:  column "fresh_sha" of relation "log" already exists, skipping

NOTICE:  column "fresh_dirty" of relation "log" already exists, skipping

NOTICE:  column "fresh_sha_source" of relation "log" already exists, skipping

NOTICE:  column "crate_version" of relation "log" already exists, skipping

NOTICE:  column "fwapg_sha" of relation "log" already exists, skipping

NOTICE:  column "bcfishobs_sha" of relation "log" already exists, skipping

NOTICE:  column "arg_dams" of relation "log" already exists, skipping

NOTICE:  column "arg_mapping_code" of relation "log" already exists, skipping

NOTICE:  column "arg_cleanup_working" of relation "log" already exists, skipping

NOTICE:  column "schema_persist" of relation "log" already exists, skipping

NOTICE:  column "species" of relation "log" already exists, skipping

NOTICE:  column "wsg_upstream" of relation "log" already exists, skipping

NOTICE:  column "bcfp_model_run_id" of relation "log" already exists, skipping

NOTICE:  column "bcfp_model_version" of relation "log" already exists, skipping

NOTICE:  column "bcfp_pin_source" of relation "log" already exists, skipping

NOTICE:  column "notes" of relation "log" already exists, skipping

NOTICE:  column "recompute_id" of relation "log_recompute" already exists, skipping

NOTICE:  column "watershed_group_code" of relation "log_recompute" already exists, skipping

NOTICE:  column "date_start" of relation "log_recompute" already exists, skipping

NOTICE:  column "date_end" of relation "log_recompute" already exists, skipping

NOTICE:  column "run_uid" of relation "log_recompute" already exists, skipping

NOTICE:  column "run_label" of relation "log_recompute" already exists, skipping

NOTICE:  column "host" of relation "log_recompute" already exists, skipping

NOTICE:  column "config_name" of relation "log_recompute" already exists, skipping

NOTICE:  column "config_hash" of relation "log_recompute" already exists, skipping

NOTICE:  column "link_version" of relation "log_recompute" already exists, skipping

NOTICE:  column "link_sha" of relation "log_recompute" already exists, skipping

NOTICE:  column "link_dirty" of relation "log_recompute" already exists, skipping

NOTICE:  column "fresh_version" of relation "log_recompute" already exists, skipping

NOTICE:  column "fresh_sha" of relation "log_recompute" already exists, skipping

NOTICE:  column "fresh_dirty" of relation "log_recompute" already exists, skipping

NOTICE:  column "fresh_sha_source" of relation "log_recompute" already exists, skipping

NOTICE:  column "crate_version" of relation "log_recompute" already exists, skipping

NOTICE:  column "fwapg_sha" of relation "log_recompute" already exists, skipping

NOTICE:  column "bcfishobs_sha" of relation "log_recompute" already exists, skipping

NOTICE:  column "schema_persist" of relation "log_recompute" already exists, skipping

NOTICE:  column "species" of relation "log_recompute" already exists, skipping

NOTICE:  column "views_prebuilt" of relation "log_recompute" already exists, skipping

NOTICE:  column "notes" of relation "log_recompute" already exists, skipping

NOTICE:  column "run_id" of relation "log_input" already exists, skipping

NOTICE:  column "watershed_group_code" of relation "log_input" already exists, skipping

NOTICE:  column "table_name" of relation "log_input" already exists, skipping

NOTICE:  column "row_count" of relation "log_input" already exists, skipping

NOTICE:  column "row_count_estimated" of relation "log_input" already exists, skipping

NOTICE:  column "size_bytes" of relation "log_input" already exists, skipping

NOTICE:  column "last_analyze" of relation "log_input" already exists, skipping

NOTICE:  column "source" of relation "log_input" already exists, skipping

NOTICE:  column "source_at" of relation "log_input" already exists, skipping

NOTICE:  column "config_hash" of relation "log_parameters_fresh" already exists, skipping

NOTICE:  column "species_code" of relation "log_parameters_fresh" already exists, skipping

NOTICE:  column "access_gradient_max" of relation "log_parameters_fresh" already exists, skipping

NOTICE:  column "spawn_gradient_min" of relation "log_parameters_fresh" already exists, skipping

NOTICE:  column "rear_gradient_min" of relation "log_parameters_fresh" already exists, skipping

NOTICE:  column "cluster_rearing" of relation "log_parameters_fresh" already exists, skipping

NOTICE:  column "cluster_direction" of relation "log_parameters_fresh" already exists, skipping

NOTICE:  column "cluster_bridge_gradient" of relation "log_parameters_fresh" already exists, skipping

NOTICE:  column "cluster_bridge_distance" of relation "log_parameters_fresh" already exists, skipping

NOTICE:  column "cluster_confluence_m" of relation "log_parameters_fresh" already exists, skipping

NOTICE:  column "cluster_spawning" of relation "log_parameters_fresh" already exists, skipping

NOTICE:  column "cluster_spawn_direction" of relation "log_parameters_fresh" already exists, skipping

NOTICE:  column "cluster_spawn_bridge_gradient" of relation "log_parameters_fresh" already exists, skipping

NOTICE:  column "cluster_spawn_bridge_distance" of relation "log_parameters_fresh" already exists, skipping

NOTICE:  column "cluster_spawn_confluence_m" of relation "log_parameters_fresh" already exists, skipping

NOTICE:  column "observation_threshold" of relation "log_parameters_fresh" already exists, skipping

NOTICE:  column "observation_date_min" of relation "log_parameters_fresh" already exists, skipping

NOTICE:  column "observation_buffer_m" of relation "log_parameters_fresh" already exists, skipping

NOTICE:  column "observation_species" of relation "log_parameters_fresh" already exists, skipping

NOTICE:  column "observation_control_apply" of relation "log_parameters_fresh" already exists, skipping

NOTICE:  column "config_hash" of relation "log_parameters_habitat_thresholds" already exists, skipping

NOTICE:  column "species_code" of relation "log_parameters_habitat_thresholds" already exists, skipping

NOTICE:  column "spawn_gradient_max" of relation "log_parameters_habitat_thresholds" already exists, skipping

NOTICE:  column "spawn_channel_width_min" of relation "log_parameters_habitat_thresholds" already exists, skipping

NOTICE:  column "spawn_channel_width_max" of relation "log_parameters_habitat_thresholds" already exists, skipping

NOTICE:  column "spawn_mad_min" of relation "log_parameters_habitat_thresholds" already exists, skipping

NOTICE:  column "spawn_mad_max" of relation "log_parameters_habitat_thresholds" already exists, skipping

NOTICE:  column "rear_gradient_max" of relation "log_parameters_habitat_thresholds" already exists, skipping

NOTICE:  column "rear_channel_width_min" of relation "log_parameters_habitat_thresholds" already exists, skipping

NOTICE:  column "rear_channel_width_max" of relation "log_parameters_habitat_thresholds" already exists, skipping

NOTICE:  column "rear_mad_min" of relation "log_parameters_habitat_thresholds" already exists, skipping

NOTICE:  column "rear_mad_max" of relation "log_parameters_habitat_thresholds" already exists, skipping

NOTICE:  column "rear_lake_ha_min" of relation "log_parameters_habitat_thresholds" already exists, skipping

NOTICE:  column "spawn_edge_types" of relation "log_parameters_habitat_thresholds" already exists, skipping

NOTICE:  column "rear_edge_types" of relation "log_parameters_habitat_thresholds" already exists, skipping

NOTICE:  column "config_hash" of relation "log_dimensions" already exists, skipping

NOTICE:  column "species" of relation "log_dimensions" already exists, skipping

NOTICE:  column "spawn_lake" of relation "log_dimensions" already exists, skipping

NOTICE:  column "spawn_stream" of relation "log_dimensions" already exists, skipping

NOTICE:  column "spawn_stream_in_waterbody" of relation "log_dimensions" already exists, skipping

NOTICE:  column "rear_lake" of relation "log_dimensions" already exists, skipping

NOTICE:  column "rear_lake_only" of relation "log_dimensions" already exists, skipping

NOTICE:  column "rear_lake_area_only" of relation "log_dimensions" already exists, skipping

NOTICE:  column "rear_no_fw" of relation "log_dimensions" already exists, skipping

NOTICE:  column "rear_stream" of relation "log_dimensions" already exists, skipping

NOTICE:  column "rear_stream_in_waterbody" of relation "log_dimensions" already exists, skipping

NOTICE:  column "rear_wetland" of relation "log_dimensions" already exists, skipping

NOTICE:  column "rear_wetland_polygon" of relation "log_dimensions" already exists, skipping

NOTICE:  column "rear_wetland_area_only" of relation "log_dimensions" already exists, skipping

NOTICE:  column "rear_all_edges" of relation "log_dimensions" already exists, skipping

NOTICE:  column "river_skip_cw_min" of relation "log_dimensions" already exists, skipping

NOTICE:  column "rear_stream_order_bypass" of relation "log_dimensions" already exists, skipping

NOTICE:  column "rear_stream_order_parent_min" of relation "log_dimensions" already exists, skipping

NOTICE:  column "rear_stream_order_child_min" of relation "log_dimensions" already exists, skipping

NOTICE:  column "rear_stream_order_child_max" of relation "log_dimensions" already exists, skipping

NOTICE:  column "rear_stream_order_distance_max" of relation "log_dimensions" already exists, skipping

NOTICE:  column "spawn_requires_connected" of relation "log_dimensions" already exists, skipping

NOTICE:  column "spawn_connected_distance_max" of relation "log_dimensions" already exists, skipping

NOTICE:  column "spawn_connected_direction" of relation "log_dimensions" already exists, skipping

NOTICE:  column "spawn_connected_gradient_max" of relation "log_dimensions" already exists, skipping

NOTICE:  column "spawn_connected_cw_min" of relation "log_dimensions" already exists, skipping

NOTICE:  column "spawn_connected_edge_types" of relation "log_dimensions" already exists, skipping

NOTICE:  column "spawn_connected_lake_adjacent" of relation "log_dimensions" already exists, skipping

NOTICE:  column "rear_requires_connected" of relation "log_dimensions" already exists, skipping

NOTICE:  column "rear_connected_distance_max" of relation "log_dimensions" already exists, skipping

NOTICE:  column "rear_lake_ha_min" of relation "log_dimensions" already exists, skipping

NOTICE:  column "rear_wetland_ha_min" of relation "log_dimensions" already exists, skipping

NOTICE:  column "notes" of relation "log_dimensions" already exists, skipping

NOTICE:  relation "streams_blk_idx" already exists, skipping

NOTICE:  relation "streams_blk_drm_idx" already exists, skipping

NOTICE:  relation "streams_wscode_gist_idx" already exists, skipping

NOTICE:  relation "streams_wscode_btree_idx" already exists, skipping

NOTICE:  relation "streams_localcode_gist_idx" already exists, skipping

NOTICE:  relation "streams_localcode_btree_idx" already exists, skipping

NOTICE:  relation "streams_lfid_idx" already exists, skipping

NOTICE:  relation "streams_wsg_idx" already exists, skipping

NOTICE:  relation "streams_id_segment_idx" already exists, skipping

NOTICE:  relation "streams_habitat" already exists, skipping

NOTICE:  table "streams_acc_015" does not exist, skipping

NOTICE:  relation "streams_habitat_wsg_idx" already exists, skipping

NOTICE:  relation "streams_habitat_id_segment_idx" already exists, skipping

NOTICE:  relation "streams_habitat_species_code_idx" already exists, skipping

NOTICE:  table "frs_clusters_ko" does not exist, skipping

NOTICE:  table "frs_qual_spawn_ko" does not exist, skipping

NOTICE:  table "frs_trace_lfid_ko" does not exist, skipping

15:19:17 variant ko_mad PARS done in 0.2 min (habitat 26039a2b)
15:19:17 build all done in 17.6 min
